{
"type": "FeatureCollection",
"name": "finalcat_info_riv_v1-0",
"crs": { "type": "name", "properties": { "name": "urn:ogc:def:crs:OGC:1.3:CRS84" } },
"features": [
{ "type": "Feature", "properties": { "SubId": 23000187, "DowSubId": 23000210, "RivSlope": 0.0083489353385240005, "RivLength": 10329.777054239999, "BasSlope": 22.099031370855453, "BasAspect": 177.06692768542581, "BasArea": 20152800.0, "BkfWidth": 11.615378439400001, "BkfDepth": 0.35973631760199998, "Lake_Cat": 0.0, "HyLakeId": 0, "LakeVol": 0.0, "LakeDepth": 0.0, "LakeArea": 0.0, "Laketype": 0.0, "Has_POI": 0, "MeanElev": 1478.6664013686682, "FloodP_n": 0.1, "Q_Mean": 2.2712421501419522, "Ch_n": 0.064201449967639004, "DrainArea": 44789400.0, "Strahler": 2.0, "Seg_ID": 101.0, "Seg_order": 2.0, "Max_DEM": 1191.0, "Min_DEM": 1140.0, "Obs_NM": "<NA>", "SRC_obs": "<NA>", "centroid_x": -74.292927677155589, "centroid_y": 46.787907335139884, "DA_Chn_L": 15715.584412300001, "DA_Slope": 15.4050548178, "DA_Chn_Slp": 0.0094174035223499996, "outletLat": 46.75637952, "outletLng": -74.31982653, "k": 0.065354302525499994, "c": 0.96908402442899999, "SSDA_NM": "02_02", "SDA_NM": "02N", "rvhName": "sub23000187" }, "geometry": { "type": "MultiLineString", "coordinates": [ [ [ -74.293864612076675, 46.808848592360327 ], [ -74.293494959899306, 46.808762193564093 ], [ -74.293618743658428, 46.808504182679656 ], [ -74.292879447002605, 46.808331381579769 ], [ -74.292633588532851, 46.80798696885325 ], [ -74.292263945416678, 46.807900565107765 ], [ -74.292635306104572, 46.8071265341528 ], [ -74.292265669768284, 46.807040130193052 ], [ -74.292637023613224, 46.80626609725315 ], [ -74.292391177752904, 46.805921681794509 ], [ -74.29251496008699, 46.805663670152889 ], [ -74.29214533550406, 46.805577265355438 ], [ -74.292640458441483, 46.804545216856049 ], [ -74.291901227807529, 46.804372406209289 ], [ -74.292025008747771, 46.804114394010426 ], [ -74.291655397279612, 46.804027986933541 ], [ -74.292026737344386, 46.803253949422498 ], [ -74.291780911757883, 46.802909529322932 ], [ -74.291904689498736, 46.802651516157482 ], [ -74.291535089782343, 46.802565108242952 ], [ -74.291658867966632, 46.802307095129699 ], [ -74.292152240894339, 46.802135488755567 ], [ -74.292399786841926, 46.801619459925718 ], [ -74.291660603214623, 46.801446645928252 ], [ -74.29178437775623, 46.801188631796165 ], [ -74.291414789790906, 46.801102223043998 ], [ -74.291538564775891, 46.800844208964044 ], [ -74.2907993965418, 46.800671387952811 ], [ -74.291046949647068, 46.80015536035858 ], [ -74.291540302177026, 46.799983756024865 ], [ -74.29166407351957, 46.79972574092605 ], [ -74.291294497304548, 46.799639331336245 ], [ -74.291913342615317, 46.798349252532425 ], [ -74.291543776788032, 46.798262843546624 ], [ -74.291791308989858, 46.797746810344201 ], [ -74.291545513997917, 46.797402384007334 ], [ -74.291916803417436, 46.796628331682193 ], [ -74.291547251144067, 46.796541922267842 ], [ -74.291918533723276, 46.795767867956712 ], [ -74.291548988226452, 46.795681458328026 ], [ -74.292167774317022, 46.794391362714038 ], [ -74.291921994144445, 46.794046933904291 ], [ -74.29216949993625, 46.793530893263444 ], [ -74.291799971601421, 46.793444484024263 ], [ -74.291554199091252, 46.79310005330565 ], [ -74.290815152838675, 46.792927228437776 ], [ -74.290691394766114, 46.793185247657476 ], [ -74.290321871877453, 46.793098832652149 ], [ -74.290445631754693, 46.792840813841522 ], [ -74.290076112032253, 46.792754397803762 ], [ -74.290199872352588, 46.792496379045119 ], [ -74.28983035579634, 46.792409961974968 ], [ -74.289954116559727, 46.792151943268244 ], [ -74.289584603169615, 46.792065525165754 ], [ -74.28970836437604, 46.791807506511105 ], [ -74.288969345289587, 46.791634666799702 ], [ -74.289093108743501, 46.791376648606082 ], [ -74.289462615801455, 46.79146306877341 ], [ -74.289957648784053, 46.790430990791613 ], [ -74.289588148944006, 46.790344572260601 ], [ -74.28983566087544, 46.789828531945226 ], [ -74.289096672497308, 46.789655692195069 ], [ -74.289467941010088, 46.788881631498043 ] ], [ [ -74.319703023276645, 46.756637608604791 ], [ -74.319826525524505, 46.756379524032369 ], [ -74.319333734699583, 46.756551295657538 ] ], [ [ -74.289467941010088, 46.788881631498043 ], [ -74.289591694458238, 46.78862361055144 ], [ -74.289222209528589, 46.788537190150464 ], [ -74.289345963419677, 46.788279169255766 ], [ -74.289715446545017, 46.788365589247753 ], [ -74.289839197270481, 46.788107567586842 ], [ -74.29082565414646, 46.787764356399272 ], [ -74.291564619100399, 46.78793718383924 ], [ -74.29168835852488, 46.787679159470969 ], [ -74.292181577498312, 46.78750754548544 ], [ -74.292305312396138, 46.787249519994027 ], [ -74.291935833290296, 46.787163109663148 ], [ -74.29218330261115, 46.786647058426915 ], [ -74.293291733186237, 46.786906282641432 ], [ -74.29427813954176, 46.786563034823274 ], [ -74.294525579931332, 46.786046976640669 ], [ -74.294895055016539, 46.786133377310811 ], [ -74.295266199981029, 46.785359286132085 ], [ -74.294896730308722, 46.785272886688723 ], [ -74.295020444379404, 46.785014855990596 ], [ -74.295513623153028, 46.784843223560905 ], [ -74.295267868438216, 46.784498793523021 ], [ -74.295515287053803, 46.783982729627176 ], [ -74.296254209716878, 46.784155522983511 ], [ -74.296377913375096, 46.783897489682239 ], [ -74.297116837872636, 46.784070276455353 ], [ -74.297240536561702, 46.783812241979199 ], [ -74.297609999047253, 46.783898632794823 ], [ -74.297733694571406, 46.78364059755279 ], [ -74.298226848972618, 46.783468950510212 ], [ -74.29785738873494, 46.783382561953637 ], [ -74.297981081537841, 46.783124525997508 ], [ -74.298350539971295, 46.783210914145222 ], [ -74.298104772980182, 46.782866489684267 ], [ -74.29822846306196, 46.782608453013992 ], [ -74.297982700122873, 46.782264027624066 ], [ -74.2982300770921, 46.781747953315907 ], [ -74.298968974556601, 46.781920726964358 ], [ -74.299092657392194, 46.78166268845704 ], [ -74.299462106360977, 46.781749072710447 ], [ -74.299585786031969, 46.781491033437277 ], [ -74.300324684442415, 46.781663796802505 ], [ -74.300448359144653, 46.781405756354651 ], [ -74.30081780858626, 46.781492135466436 ], [ -74.300572032486556, 46.781147715549771 ], [ -74.301190378791503, 46.779857506169897 ], [ -74.301929257385083, 46.780030258046999 ], [ -74.302176579168929, 46.779514170160759 ], [ -74.30254601689775, 46.779600543119841 ], [ -74.302916983960145, 46.778826407386596 ], [ -74.302547551643627, 46.778740035653698 ], [ -74.303165811900058, 46.777449804334609 ], [ -74.303904659852677, 46.777622542272049 ], [ -74.304397728428128, 46.777450860517973 ], [ -74.305506009224118, 46.777709951064509 ], [ -74.305382372077148, 46.777968000851466 ], [ -74.307229542955113, 46.778399791645924 ], [ -74.307476797847599, 46.777883687628517 ], [ -74.307107364560736, 46.777797333169566 ], [ -74.30723099177149, 46.777539281034031 ], [ -74.30686156164856, 46.777452925542384 ], [ -74.306985189303688, 46.777194873458477 ], [ -74.30673939044415, 46.776850464901891 ], [ -74.306369966648973, 46.776764107344917 ], [ -74.306493595192777, 46.776506055364301 ], [ -74.306863017183872, 46.776592412512684 ], [ -74.307481130487062, 46.775302145211498 ], [ -74.307111717516094, 46.775215790106195 ], [ -74.307606190901168, 46.774183571473621 ], [ -74.307236786505584, 46.774097216561415 ], [ -74.307360403256837, 46.773839161419367 ], [ -74.307729805848496, 46.773925515922983 ], [ -74.30797703166462, 46.773409403750684 ], [ -74.307607632680714, 46.773323050064221 ], [ -74.307731245353381, 46.773064993851108 ], [ -74.308100642533446, 46.773151347129044 ], [ -74.308471466983207, 46.772377175122095 ], [ -74.308840860111175, 46.772463525733066 ], [ -74.308964463738462, 46.77220546727488 ], [ -74.308718676486023, 46.771861058665735 ], [ -74.308349288325033, 46.771774707430552 ], [ -74.308472892841166, 46.771516649075409 ], [ -74.308842279198387, 46.771602999902008 ], [ -74.308965880551426, 46.771344940781297 ], [ -74.308720097795401, 46.77100053129405 ], [ -74.309090895032028, 46.770226351944437 ], [ -74.308845117216691, 46.76988194163048 ], [ -74.309214491392396, 46.769968291447228 ], [ -74.309461680035497, 46.769452169381751 ], [ -74.30995464244225, 46.769280454963479 ], [ -74.310078231562258, 46.769022392629736 ], [ -74.310447601241719, 46.769108737930168 ], [ -74.31094055643392, 46.768937018281683 ], [ -74.311679298980962, 46.769109700859822 ], [ -74.31180287816818, 46.768851636178191 ], [ -74.312172249676564, 46.768937974897028 ], [ -74.312542973673189, 46.768163777484851 ], [ -74.312912341129504, 46.768250113537157 ], [ -74.313035911273488, 46.767992046610779 ], [ -74.312297181327068, 46.767819373881728 ], [ -74.312420753719422, 46.767561307415107 ], [ -74.312790116209555, 46.767647644091817 ], [ -74.312913685439383, 46.767389576859806 ], [ -74.312544324752864, 46.767303240591538 ], [ -74.31266789442742, 46.767045173411013 ], [ -74.313160819822457, 46.76687344132484 ], [ -74.312791462743107, 46.766787105873433 ], [ -74.31328572241766, 46.765754832153256 ], [ -74.313039937236411, 46.765410427980179 ], [ -74.31340928393935, 46.765496762830708 ], [ -74.313532844102326, 46.76523869315119 ], [ -74.313287059810534, 46.764894289080843 ], [ -74.313410619059539, 46.764636219095728 ], [ -74.313041279125656, 46.764549884029186 ], [ -74.313288397154395, 46.764033743804646 ], [ -74.313657733481492, 46.764120078054447 ], [ -74.313411954130771, 46.763775673156886 ], [ -74.313042620965675, 46.763689337874403 ], [ -74.313535509748505, 46.763517602152092 ], [ -74.313659064007638, 46.763259530790314 ], [ -74.313289734449199, 46.76317319632448 ], [ -74.313536842498294, 46.762657053346572 ], [ -74.31279819467035, 46.762484381725343 ] ], [ [ -74.31279819467035, 46.762484381725343 ], [ -74.312921750263527, 46.762226310517548 ], [ -74.312552430190635, 46.762139972953747 ], [ -74.31279954090769, 46.761623830283817 ], [ -74.312060912050327, 46.761451152466556 ], [ -74.312184468977307, 46.761193081412713 ], [ -74.311445849160421, 46.761020398648206 ], [ -74.311569408334989, 46.760762328054092 ], [ -74.311200102267463, 46.760675984918691 ], [ -74.311570777048956, 46.759901772219045 ], [ -74.311940077707447, 46.759988114129293 ], [ -74.312063631447913, 46.759730042107009 ], [ -74.312802233234322, 46.75990272078807 ], [ -74.31378792943589, 46.759559245322869 ], [ -74.314157231477466, 46.759645578803401 ], [ -74.31428077212756, 46.759387503668357 ], [ -74.314650073724422, 46.759473835299644 ], [ -74.315142912365204, 46.75930208918129 ], [ -74.315266446692533, 46.759044012515602 ], [ -74.315635747399824, 46.75913034044838 ], [ -74.316006336823179, 46.75835610708446 ], [ -74.318469168320789, 46.758357874811949 ], [ -74.318592681877448, 46.758099793146528 ], [ -74.318961981273077, 46.758186108542965 ], [ -74.319085491668574, 46.757928026112403 ], [ -74.319454790619048, 46.758014339659645 ], [ -74.319578297853411, 46.757756256463878 ], [ -74.319947596358716, 46.757842568161941 ], [ -74.320318104504793, 46.757068315208286 ], [ -74.319948811408892, 46.756982004734795 ], [ -74.319703023276645, 46.756637608604791 ] ] ] } },
{ "type": "Feature", "properties": { "SubId": 23000197, "DowSubId": 23012041, "RivSlope": 0.0091886736022770005, "RivLength": 10447.64501987, "BasSlope": 27.649362595790038, "BasAspect": 166.17042803105304, "BasArea": 21775500.0, "BkfWidth": 51.552445151699999, "BkfDepth": 0.87965794105600004, "Lake_Cat": 0.0, "HyLakeId": 0, "LakeVol": 0.0, "LakeDepth": 0.0, "LakeArea": 0.0, "Laketype": 0.0, "Has_POI": 0, "MeanElev": 1387.8161439893831, "FloodP_n": 0.102677063855101, "Q_Mean": 50.866332604323595, "Ch_n": 0.065813307055374998, "DrainArea": 970291800.00000024, "Strahler": 3.0, "Seg_ID": 117.0, "Seg_order": 1.0, "Max_DEM": 1092.0, "Min_DEM": 1040.0, "Obs_NM": "<NA>", "SRC_obs": "<NA>", "centroid_x": -74.033922348439106, "centroid_y": 46.645047064335969, "DA_Chn_L": 90787.556262099999, "DA_Slope": 3.7473194367799998, "DA_Chn_Slp": 0.013746377272199999, "outletLat": 46.63594309, "outletLng": -74.01134423000001, "k": 0.065354302525499994, "c": 0.96908402442899999, "SSDA_NM": "02_02", "SDA_NM": "02N", "rvhName": "sub23000197" }, "geometry": { "type": "MultiLineString", "coordinates": [ [ [ -74.064125572107713, 46.604797323348045 ], [ -74.063882450378443, 46.604452118670601 ], [ -74.063147203488541, 46.604277447525362 ], [ -74.063022694385452, 46.604535317549967 ], [ -74.062655071203594, 46.604447979415767 ], [ -74.062530558956666, 46.604705848668758 ], [ -74.06216293535654, 46.604618508690031 ], [ -74.061540344773732, 46.605907847484765 ], [ -74.061907977279319, 46.605995189515852 ], [ -74.061783456855167, 46.606253056601766 ], [ -74.062151092504834, 46.606340397609301 ], [ -74.062026572498908, 46.606598264744513 ], [ -74.06226969170504, 46.606943471912928 ], [ -74.062020648440779, 46.607459205198445 ], [ -74.06238829394124, 46.60754654497979 ], [ -74.061641142123591, 46.609093738631323 ], [ -74.06127348593526, 46.609006396386825 ], [ -74.061148954080181, 46.609264260320757 ], [ -74.060656762474068, 46.609434779393865 ], [ -74.059921449787907, 46.609260086091844 ], [ -74.06004598835014, 46.609002223750736 ], [ -74.059678335833169, 46.608914875359083 ], [ -74.059802874813485, 46.608657013067344 ], [ -74.059073555578252, 46.607621375171924 ], [ -74.057235369513307, 46.607184598401574 ], [ -74.057110820373452, 46.607442458492287 ], [ -74.056743185469102, 46.607355098425408 ], [ -74.055391172317997, 46.60760872543333 ], [ -74.055023539304884, 46.607521358808988 ], [ -74.054898977169998, 46.607779215762967 ], [ -74.05367151212694, 46.607774961414464 ], [ -74.053546941922292, 46.608032816414038 ], [ -74.052811677481245, 46.607858067795 ], [ -74.052687102351229, 46.608115921611962 ], [ -74.052319470395062, 46.608028544740712 ], [ -74.052194892120582, 46.608286397785669 ], [ -74.051827259747071, 46.60819901906973 ], [ -74.051702678328098, 46.608456871342781 ], [ -74.051335045537286, 46.60836949078211 ], [ -74.051210460973792, 46.608627342283228 ], [ -74.050842827765706, 46.608539959877781 ], [ -74.050718240057691, 46.608797810606859 ], [ -74.050350606432374, 46.608710426356701 ], [ -74.050226015579767, 46.608968276313739 ], [ -74.049858381537291, 46.608880890218877 ], [ -74.049733787540077, 46.609138739403903 ], [ -74.04936615308047, 46.609051351464267 ], [ -74.049241555938636, 46.609309199877231 ], [ -74.048873921061926, 46.609221810092848 ], [ -74.048749320775428, 46.60947965773375 ], [ -74.048381685481672, 46.609392266104635 ], [ -74.047397203636095, 46.609733170277586 ], [ -74.047272593915466, 46.609991015602191 ], [ -74.047640231824033, 46.610078411331664 ], [ -74.047515622520322, 46.610336256705729 ], [ -74.047883263573681, 46.610423651411963 ], [ -74.047758654686945, 46.610681496835433 ], [ -74.04812629888518, 46.610768890518393 ], [ -74.048001690415418, 46.611026735991437 ], [ -74.048980032045847, 46.61154675601221 ], [ -74.048855426191182, 46.61180460199494 ], [ -74.050326054362685, 46.612154150106441 ], [ -74.050450653092994, 46.611896302480694 ], [ -74.051553633199077, 46.612158447274005 ], [ -74.051429039812248, 46.612416296131997 ], [ -74.051796704356477, 46.612503675272244 ], [ -74.052039779076324, 46.612848902296527 ], [ -74.051416802677053, 46.614138143468566 ], [ -74.051784480636741, 46.614225522205068 ], [ -74.051161479045533, 46.615514756399534 ], [ -74.050793792178965, 46.615427375609237 ], [ -74.05066918598726, 46.615685220953573 ], [ -74.050301498703362, 46.61559783831828 ], [ -74.050176889366156, 46.615855682890597 ], [ -74.04907383035497, 46.615593525147169 ], [ -74.048949214309502, 46.61585136812576 ], [ -74.04821384489351, 46.615676588304261 ], [ -74.048089223921167, 46.615934430099912 ], [ -74.047596915360259, 46.616104878650631 ], [ -74.047472289878101, 46.616362719312903 ], [ -74.047715352818656, 46.616707953319299 ], [ -74.047590726389259, 46.616965793669848 ], [ -74.048326113618984, 46.617140577599777 ], [ -74.048201489388106, 46.617398418410751 ], [ -74.048936885637929, 46.617573197425514 ], [ -74.048812263605669, 46.61783103869692 ], [ -74.049179965558508, 46.617918426463824 ], [ -74.048556843840032, 46.619207629456284 ], [ -74.048189132979431, 46.619120239635073 ], [ -74.047939871178187, 46.61963591748151 ], [ -74.047447523389977, 46.619806363374749 ], [ -74.047322887296616, 46.620064200983926 ], [ -74.046955172038565, 46.619976806650669 ], [ -74.046830532799078, 46.62023464348767 ], [ -74.046462817123981, 46.620147247309227 ], [ -74.045964239393811, 46.621178589400884 ], [ -74.046331962195396, 46.621265987222984 ], [ -74.046082668705822, 46.621781656923019 ], [ -74.046450396435418, 46.621869054132738 ], [ -74.04632574942535, 46.622126888851803 ], [ -74.046693480301329, 46.622214285038154 ], [ -74.046568833708307, 46.622472119806872 ], [ -74.046936567730739, 46.622559514969886 ], [ -74.046811921554806, 46.622817349788257 ], [ -74.047179658723707, 46.622904743927869 ], [ -74.04705501296489, 46.623162578795963 ], [ -74.047422753280316, 46.623249971912152 ], [ -74.047298107938659, 46.623507806829963 ], [ -74.047665851400637, 46.623595198922679 ], [ -74.048152058332718, 46.624285650022721 ], [ -74.048519809452685, 46.624373038634261 ], [ -74.048395167144619, 46.6246308741121 ], [ -74.048762921411267, 46.62471826170016 ], [ -74.048388991644757, 46.625491767199293 ], [ -74.048756752622296, 46.625579154585779 ], [ -74.048507462851646, 46.626094823934395 ], [ -74.048875228758149, 46.626182210708372 ], [ -74.04875058360777, 46.626440045251819 ], [ -74.049118352661225, 46.62652743100228 ], [ -74.048869061830388, 46.627043099827461 ], [ -74.049112190132576, 46.627388319247146 ], [ -74.048862894677143, 46.627903986727112 ], [ -74.048495115347805, 46.627816600356255 ], [ -74.048121156581118, 46.628590097634358 ], [ -74.047753373269899, 46.628502708596045 ], [ -74.047504057036093, 46.629018370820141 ], [ -74.04701160957859, 46.629188809684642 ], [ -74.046886946266795, 46.62944663948268 ], [ -74.045658917207504, 46.629442282729222 ], [ -74.045534245818658, 46.629700110571761 ], [ -74.045166458639216, 46.629612711894971 ], [ -74.044792430934777, 46.63038619202208 ], [ -74.044424639773723, 46.630298790677642 ], [ -74.044175277579996, 46.630814441467408 ], [ -74.043807484219656, 46.630727037866379 ], [ -74.043558113000117, 46.631242686389044 ], [ -74.043190317440548, 46.63115528053136 ], [ -74.042940937194942, 46.63167092678691 ], [ -74.042573139436172, 46.631583518672514 ], [ -74.042448445482947, 46.631841340847316 ], [ -74.041955950206344, 46.632011752289756 ], [ -74.041831251739879, 46.632269573330966 ], [ -74.041463451365146, 46.632182161114159 ], [ -74.041338749750864, 46.632439981382987 ], [ -74.040970948959369, 46.632352567320574 ], [ -74.040846244197255, 46.632610386816971 ], [ -74.040110643146434, 46.63243555356636 ], [ -74.039618133194907, 46.632605952690994 ], [ -74.038882536773372, 46.632431110011147 ], [ -74.038633102598368, 46.632946743085924 ], [ -74.038265302871693, 46.632859318771928 ], [ -74.037766411003886, 46.633890578941319 ], [ -74.038009493260404, 46.634235819450517 ], [ -74.037884767295409, 46.63449363363965 ], [ -74.037516956875137, 46.634406206858351 ], [ -74.037392227761998, 46.63466402027494 ], [ -74.037024416925291, 46.634576591647914 ], [ -74.036899684663936, 46.634834404291922 ], [ -74.035796255002509, 46.634572108570161 ], [ -74.034443347627231, 46.634825419207175 ], [ -74.033707735750085, 46.634650537968369 ], [ -74.033582985132867, 46.634908346238333 ], [ -74.030272783269695, 46.634121305956747 ], [ -74.03014801524759, 46.634379110163501 ], [ -74.029412426297796, 46.634204195721807 ], [ -74.029287653345492, 46.634461998744484 ], [ -74.028919859138057, 46.634374538960692 ], [ -74.02879508303748, 46.634632341210612 ], [ -74.02916287902687, 46.634719801405751 ], [ -74.029038103341932, 46.63497760370565 ], [ -74.029405902479638, 46.635065062877771 ], [ -74.029156350574738, 46.635580667216203 ], [ -74.029524154642885, 46.63566812577659 ], [ -74.029274600836615, 46.636183729492224 ], [ -74.02964240983529, 46.636271187441004 ], [ -74.029268074224206, 46.637044591538306 ], [ -74.028900259879137, 46.63695713235542 ], [ -74.02865069240849, 46.637472732457304 ], [ -74.0282828758656, 46.637385271017109 ], [ -74.028158088298369, 46.637643070114656 ], [ -74.027790271339853, 46.637555606828535 ], [ -74.027665480623895, 46.63781340515326 ], [ -74.026680254582061, 46.638154067374415 ], [ -74.026312436376955, 46.638066598550679 ], [ -74.026187636214729, 46.638324394556832 ], [ -74.025819817594169, 46.638236923887199 ], [ -74.025695014283116, 46.638494719120509 ], [ -74.02446675125141, 46.63849009090805 ], [ -74.02434193986052, 46.638747884184163 ], [ -74.023974121360709, 46.63866040654225 ], [ -74.023849306820921, 46.638918199045484 ], [ -74.023113670357688, 46.638743238635421 ], [ -74.022988850886904, 46.639001029954116 ], [ -74.022253216327158, 46.638826062983362 ], [ -74.022128391925392, 46.639083853117583 ], [ -74.021392759269375, 46.638908879586005 ], [ -74.021267929936627, 46.639166668535744 ], [ -74.020532299184609, 46.638991688443468 ], [ -74.020407464920893, 46.639249476208626 ], [ -74.019671836073101, 46.639074489555618 ], [ -74.019546996878447, 46.639332276136194 ] ], [ [ -74.019546996878447, 46.639332276136194 ], [ -74.01881136993515, 46.639157282922426 ], [ -74.017458239464091, 46.639410350304715 ], [ -74.016722619065064, 46.639235341100672 ], [ -74.016597763295707, 46.639493123715674 ], [ -74.012551929263537, 46.638530466009939 ], [ -74.012676804631653, 46.63827268792312 ], [ -74.011941219783111, 46.638097641426633 ], [ -74.012066097346917, 46.637839863801652 ], [ -74.011698308755328, 46.637752338813627 ], [ -74.01219781246256, 46.636721226344449 ], [ -74.011830032364216, 46.636633701568954 ], [ -74.011954906654054, 46.636375922959395 ], [ -74.011712004408352, 46.636030618601758 ], [ -74.010976458173985, 46.635855563526178 ] ] ] } },
{ "type": "Feature", "properties": { "SubId": 23000198, "DowSubId": 23012041, "RivSlope": 0.0043651168593090003, "RivLength": 17639.848480986002, "BasSlope": 25.472536478930607, "BasAspect": 187.51723731963708, "BasArea": 29941200.0, "BkfWidth": 15.8029563391, "BkfDepth": 0.43272030090500002, "Lake_Cat": 0.0, "HyLakeId": 0, "LakeVol": 0.0, "LakeDepth": 0.0, "LakeArea": 0.0, "Laketype": 0.0, "Has_POI": 0, "MeanElev": 1422.3655339626837, "FloodP_n": 0.1007578107343, "Q_Mean": 4.3202495160335523, "Ch_n": 0.043427364312849999, "DrainArea": 84550500.0, "Strahler": 2.0, "Seg_ID": 99.0, "Seg_order": 1.0, "Max_DEM": 1135.0, "Min_DEM": 1085.0, "Obs_NM": "<NA>", "SRC_obs": "<NA>", "centroid_x": -74.002155049199544, "centroid_y": 46.607400136831515, "DA_Chn_L": 28739.3311627, "DA_Slope": 12.7663064681, "DA_Chn_Slp": 0.0100907010799, "outletLat": 46.63559779, "outletLng": -74.01110134, "k": 0.065354302525499994, "c": 0.96908402442899999, "SSDA_NM": "02_02", "SDA_NM": "02N", "rvhName": "sub23000198" }, "geometry": { "type": "MultiLineString", "coordinates": [ [ [ -74.03148490019062, 46.603648811149561 ], [ -74.031360219490111, 46.603906640466043 ], [ -74.03099265994021, 46.603819180632712 ], [ -74.030743290886392, 46.604334837358934 ], [ -74.031110853995784, 46.60442229801415 ], [ -74.031603100119241, 46.604251928231456 ], [ -74.031478418469632, 46.604509757235704 ], [ -74.030986169201924, 46.604680126245903 ], [ -74.030861483043594, 46.604937954116011 ], [ -74.031229051077034, 46.605025414159527 ], [ -74.030736795520752, 46.60519578162463 ], [ -74.031104365334002, 46.605283242079061 ], [ -74.031347251184087, 46.605628529068788 ], [ -74.030979678226473, 46.605541069637056 ], [ -74.030854989754388, 46.605798896833512 ], [ -74.03122256449187, 46.605886356676208 ], [ -74.030723804077354, 46.606917663490222 ], [ -74.031091387299085, 46.607005123543232 ], [ -74.030842002464055, 46.607520775602865 ], [ -74.031209590610388, 46.607608235044076 ], [ -74.031084897925922, 46.607866060942612 ], [ -74.031452489216917, 46.607953519361033 ], [ -74.030953711952392, 46.608984820983778 ], [ -74.031321311728405, 46.609072279612484 ], [ -74.031071918468072, 46.609587929076639 ], [ -74.030704315131786, 46.609500469625843 ], [ -74.030579614674323, 46.609758293404603 ], [ -74.030212010922682, 46.609670832108904 ], [ -74.02922739182371, 46.610011549222776 ], [ -74.028859788606383, 46.609924082803595 ], [ -74.02873507693387, 46.610181903853459 ], [ -74.029102681931306, 46.610269370683667 ], [ -74.02885325805174, 46.610785012520893 ], [ -74.029220867974402, 46.610872478739431 ], [ -74.029096155767377, 46.611130299526799 ], [ -74.029463768835186, 46.61121776472261 ], [ -74.029214343886665, 46.611733406034794 ], [ -74.0299495812381, 46.611908333769293 ], [ -74.030074290834307, 46.611650512471783 ], [ -74.030441909777181, 46.611737973777174 ], [ -74.030192492780387, 46.612253616832803 ], [ -74.030560116648815, 46.612341077526466 ], [ -74.030435407883317, 46.612598898923068 ], [ -74.030067782234539, 46.612511437818291 ], [ -74.029943070323696, 46.612769258442249 ], [ -74.030310697752839, 46.612856719958096 ], [ -74.030185986257351, 46.613114540631649 ], [ -74.030553616831895, 46.613202001124662 ], [ -74.030061273396868, 46.613372360943664 ], [ -74.029936559171333, 46.613630180894162 ], [ -74.030179479496525, 46.61397546220946 ], [ -74.029444209030032, 46.613800537322902 ], [ -74.029194770192703, 46.614316174594016 ], [ -74.029687126625063, 46.614145819710558 ], [ -74.030054764321306, 46.614233281848001 ], [ -74.029562408304287, 46.614403638576476 ], [ -74.029437688618373, 46.614661457080885 ], [ -74.029070048726339, 46.614573992687319 ], [ -74.028577685587493, 46.614744344180558 ], [ -74.028945325894796, 46.614831810419105 ], [ -74.028820601698087, 46.615089627789324 ], [ -74.02918824515109, 46.61517709300518 ], [ -74.028814069711188, 46.615950544180144 ], [ -74.029181719870991, 46.616038009195421 ], [ -74.028932266312623, 46.616553642326828 ], [ -74.029299921398859, 46.616641106730427 ], [ -74.02880753748552, 46.616811458350185 ], [ -74.029175194352376, 46.616898923165031 ], [ -74.0290504659406, 46.617156739238062 ], [ -74.029418125953384, 46.617244203029991 ], [ -74.029293397956963, 46.617502019152695 ], [ -74.028925736163515, 46.617414554949569 ], [ -74.028801005021094, 46.617672370299609 ], [ -74.029536333534708, 46.617847298094233 ], [ -74.02916214259956, 46.618620744442275 ], [ -74.029529814246615, 46.618708207422131 ], [ -74.029405082984923, 46.61896602255964 ], [ -74.028669737494639, 46.618791094343699 ], [ -74.028545001305972, 46.619048908297316 ], [ -74.028177328828221, 46.618961441627206 ], [ -74.028052589493342, 46.619219254808165 ], [ -74.027560174119174, 46.619389598701105 ], [ -74.027684916600293, 46.61913178629284 ], [ -74.027317245072751, 46.619044316343448 ], [ -74.027067755183481, 46.619559939976078 ], [ -74.02633240910211, 46.619384994130506 ], [ -74.026575332686306, 46.619730278633078 ], [ -74.026450582547014, 46.619988089134395 ], [ -74.026818259831998, 46.620075562162647 ], [ -74.026693510107862, 46.620333372713695 ], [ -74.027061190539243, 46.620420844719135 ], [ -74.027553618498743, 46.62025050391707 ], [ -74.027304124808111, 46.620766126302492 ], [ -74.027671809751538, 46.620853595851159 ], [ -74.027422314160205, 46.621369217613079 ], [ -74.027790004031019, 46.62145668655004 ], [ -74.027914750728613, 46.621198875438608 ], [ -74.028282440184142, 46.621286342530347 ], [ -74.028032948985228, 46.621801965214175 ], [ -74.028400643368258, 46.621889431694278 ], [ -74.028151150268755, 46.622405053754569 ], [ -74.028886550255734, 46.622579984057452 ], [ -74.028512311050264, 46.623353416904237 ], [ -74.028144605030761, 46.623265951236149 ], [ -74.027895101836449, 46.6237815705041 ], [ -74.028262811418145, 46.623869036994705 ], [ -74.027639038436973, 46.625158080895176 ], [ -74.027271319949506, 46.625070612348274 ], [ -74.026897034427137, 46.625844033117069 ], [ -74.026529311961994, 46.625756561902129 ], [ -74.026279777888348, 46.626272173118004 ], [ -74.026772269854519, 46.626101839317037 ], [ -74.02627319790426, 46.627133060502196 ], [ -74.025905466532919, 46.627045587230718 ], [ -74.02578069334902, 46.627303391212024 ], [ -74.026148426501649, 46.627390864894828 ], [ -74.02564932723044, 46.628422078850598 ], [ -74.025156806938014, 46.628592405696388 ], [ -74.024789066244907, 46.628504928522631 ], [ -74.02453949855466, 46.629020530963309 ], [ -74.024907242810499, 46.629108008959754 ], [ -74.024782458697402, 46.629365810049229 ], [ -74.024414712660189, 46.629278331641416 ], [ -74.024289925399444, 46.629536131958083 ], [ -74.024532886372455, 46.629881411143778 ], [ -74.024040346779117, 46.63005173150686 ], [ -74.024165136772439, 46.629793931913227 ], [ -74.023797388538725, 46.629706451248396 ], [ -74.023423009115504, 46.630479847710824 ], [ -74.023665968601094, 46.630825128119021 ], [ -74.023541173142348, 46.631082926266771 ], [ -74.022437905819046, 46.630820473798643 ], [ -74.022313103649523, 46.631078270350692 ], [ -74.022680859838957, 46.631165756352367 ], [ -74.022431254963337, 46.631681349194757 ], [ -74.022063495211, 46.631593862370224 ], [ -74.021813881306414, 46.632109452943759 ], [ -74.022181644621725, 46.632196940591264 ], [ -74.022056837401081, 46.632454735747281 ], [ -74.021689072304284, 46.63236724768835 ], [ -74.021564261935566, 46.632625042071417 ], [ -74.020828732278773, 46.632450060827907 ], [ -74.020703916980452, 46.632707854026542 ], [ -74.020211333974061, 46.632878153267512 ], [ -74.019712046521065, 46.633909319355098 ], [ -74.019344274420376, 46.633821822678733 ], [ -74.019219447358694, 46.634079612885294 ], [ -74.01885167484329, 46.633992114363181 ], [ -74.01872684463325, 46.634249903796757 ], [ -74.018359071703173, 46.63416240342886 ], [ -74.018483903694701, 46.633904614406816 ], [ -74.018116133912969, 46.633817113016185 ], [ -74.017991300139954, 46.63407490162664 ], [ -74.017498693022262, 46.634245186227687 ], [ -74.01712417405659, 46.635018547570844 ], [ -74.016756398101251, 46.634931041253957 ], [ -74.01663155393058, 46.635188827233733 ], [ -74.01638862351291, 46.634843533502846 ], [ -74.016138930241553, 46.635359104277654 ], [ -74.015771153457266, 46.635271594269085 ], [ -74.016020850291568, 46.634756024317454 ], [ -74.015653078437268, 46.634668513697768 ], [ -74.015777926585287, 46.634410728591192 ], [ -74.0150423905406, 46.634235703872399 ], [ -74.015167240884395, 46.633977919227398 ], [ -74.014431713870579, 46.633802889594904 ], [ -74.014306859964108, 46.634060673416705 ], [ -74.01393909672646, 46.633973156037513 ], [ -74.014063952414233, 46.633715372627385 ], [ -74.013696192324971, 46.633627854225558 ], [ -74.013321615816437, 46.634401202136665 ], [ -74.012586089051553, 46.634226158560899 ], [ -74.012461223918507, 46.634483939651503 ], [ -74.012828988398653, 46.634571462568097 ], [ -74.012704123679711, 46.634829243708715 ], [ -74.010865306044792, 46.634391612725686 ], [ -74.011108193625986, 46.634736920923132 ], [ -74.01098331904744, 46.634994699694069 ], [ -74.011226210605116, 46.635340006969088 ], [ -74.010976458173985, 46.635855563526178 ] ], [ [ -73.971174276945263, 46.608830510130751 ], [ -73.971666785657021, 46.608660450740835 ], [ -73.973504234589896, 46.609098867549328 ], [ -73.97399673769668, 46.608928796314927 ], [ -73.97546671982289, 46.60927949658597 ], [ -73.976576706535283, 46.608681577644454 ], [ -73.977679199695388, 46.608944575494135 ], [ -73.977554210582412, 46.609202330584779 ], [ -73.979391735423533, 46.609640633730692 ], [ -73.979516715646525, 46.609382876580746 ], [ -73.983191850108483, 46.61025937126508 ], [ -73.983066887667107, 46.610517132533346 ], [ -73.984169460004424, 46.610780054226147 ], [ -73.984661942179642, 46.610609929008426 ], [ -73.985764525589559, 46.610872832266729 ], [ -73.98588947421527, 46.610615067753855 ], [ -73.986257002974654, 46.610702698894968 ], [ -73.986381948454749, 46.610444933608235 ], [ -73.987484537600764, 46.610707817196506 ], [ -73.987727131684139, 46.611053209126332 ], [ -73.987852070050408, 46.610795442192675 ], [ -73.988219603867165, 46.610883065755502 ], [ -73.988462204241813, 46.611228455642213 ], [ -73.990299909560378, 46.611666546848511 ], [ -73.990424835476617, 46.611408777032707 ], [ -73.991652388949589, 46.611413841908181 ], [ -73.993129763605623, 46.610903343945544 ], [ -73.993254672015098, 46.610645569849659 ], [ -73.993622214709447, 46.610733172720593 ], [ -73.993747119973378, 46.610475397851125 ], [ -73.994114662255839, 46.610562998877 ], [ -73.994239564374254, 46.610305223233837 ], [ -73.994732005217713, 46.610135045998078 ], [ -73.994856902823926, 46.609877269219346 ], [ -73.995224442503712, 46.609964866143606 ], [ -73.995474230058662, 46.609449310677057 ], [ -73.995841767547688, 46.609536905344768 ], [ -73.996591086741716, 46.607990227788264 ], [ -73.998796276339803, 46.608515750877032 ], [ -73.999288682020548, 46.60834554930122 ], [ -73.999531350470647, 46.608690913772854 ], [ -74.000633971914766, 46.608953647366178 ], [ -74.000758834097994, 46.608695861979641 ], [ -74.00296410320351, 46.6092212879947 ], [ -74.003206803105684, 46.609566642247117 ], [ -74.003941910028061, 46.609741770740548 ], [ -74.004066756200643, 46.609483981650698 ], [ -74.00443430993208, 46.609571543335683 ], [ -74.004559152959402, 46.609313753472499 ], [ -74.004926706277942, 46.609401313312624 ], [ -74.00517638467602, 46.608885731677709 ], [ -74.00554393580255, 46.608973289261485 ], [ -74.005793605178141, 46.608457705356258 ], [ -74.006161154112618, 46.608545260683705 ], [ -74.006403873966505, 46.608890607533979 ], [ -74.007874095945027, 46.60924081042041 ], [ -74.008366476405499, 46.609070562544851 ], [ -74.008734034901849, 46.609158107837736 ], [ -74.008858853307586, 46.608900312051169 ], [ -74.009226411390628, 46.608987855499215 ], [ -74.009351226651248, 46.608730058939486 ], [ -74.010578712314995, 46.60873488129257 ], [ -74.010703519506222, 46.608477082775131 ], [ -74.011071077714917, 46.60856461925497 ], [ -74.011195881761125, 46.608306819964426 ], [ -74.011563439556312, 46.608394354599326 ], [ -74.011688240457502, 46.608136554535655 ], [ -74.012423356586481, 46.608311618682293 ], [ -74.012548152563426, 46.608053817434183 ], [ -74.012915710897133, 46.608141346945864 ], [ -74.013408061649159, 46.607971072591496 ], [ -74.013532851336208, 46.60771326979728 ], [ -74.01402519538469, 46.607542992051975 ], [ -74.01477388596183, 46.605996163051337 ], [ -74.015141432378741, 46.606083684560929 ], [ -74.015266207583267, 46.605825878050034 ], [ -74.014898662945583, 46.605738356951711 ], [ -74.01564729617543, 46.604191512757126 ], [ -74.01613959578529, 46.60402122234499 ], [ -74.016638644722235, 46.602989982554831 ], [ -74.016395880255487, 46.602644655539073 ], [ -74.016770153865792, 46.601871222046221 ], [ -74.017505191132813, 46.602046250473407 ], [ -74.018004189270357, 46.601014997462279 ], [ -74.018739217765301, 46.601190016866482 ], [ -74.018863960329242, 46.600932201887055 ], [ -74.019598990725854, 46.601107214735194 ], [ -74.019474251719998, 46.601365030536797 ], [ -74.019841770744705, 46.601452535221803 ], [ -74.020091243833406, 46.600936902434569 ], [ -74.020458760664852, 46.601024404863843 ], [ -74.020334026582006, 46.60128222184948 ], [ -74.020701546557362, 46.601369723256383 ], [ -74.020576812888791, 46.601627540291332 ], [ -74.020944336008128, 46.601715040675913 ], [ -74.021069067897585, 46.601457223229822 ], [ -74.021436590602605, 46.601544721769784 ], [ -74.021311860492318, 46.601802539626938 ], [ -74.020819602753832, 46.601972857760252 ], [ -74.020570132150596, 46.602488490843832 ], [ -74.020937661972354, 46.602575991028132 ], [ -74.020812926402584, 46.602833807438472 ], [ -74.021180459368466, 46.602921306600479 ], [ -74.021055724213042, 46.603179123060208 ], [ -74.02142326032309, 46.603266621199715 ], [ -74.021915529394917, 46.603096300623804 ], [ -74.02265060488088, 46.603271288912957 ], [ -74.022525876842664, 46.603529107017089 ], [ -74.022893418412281, 46.603616599422452 ], [ -74.022519231446495, 46.604390052798074 ], [ -74.022762049780226, 46.604735362482799 ], [ -74.022637318476328, 46.604993179600754 ], [ -74.023739982160691, 46.605255650081048 ], [ -74.023864708126112, 46.604997831729776 ], [ -74.024599820514482, 46.605172804059706 ], [ -74.024849261232561, 46.604657164627902 ], [ -74.026319488150691, 46.605007088795801 ], [ -74.026568909173037, 46.604491444628941 ], [ -74.026936465755256, 46.604578921264739 ], [ -74.027185877759592, 46.604063274829322 ], [ -74.026818324736539, 46.603975799015544 ], [ -74.026943030471273, 46.603717975666463 ], [ -74.027678134322883, 46.603892925038238 ], [ -74.027927534580229, 46.603377275611045 ], [ -74.028295084993786, 46.603464747324487 ], [ -74.028052232662034, 46.603119450355024 ], [ -74.028301624732009, 46.60260379875816 ], [ -74.027934081021598, 46.602516326844139 ], [ -74.02818347119252, 46.602000674622722 ], [ -74.027815932405602, 46.60191320209703 ], [ -74.027573091580763, 46.60156790230667 ], [ -74.02806532067747, 46.601397549251118 ], [ -74.028432855905521, 46.601485020954854 ], [ -74.028308164231248, 46.601742847969589 ], [ -74.029043242339569, 46.601917787898131 ], [ -74.029535469776221, 46.60174742746441 ], [ -74.029903010461908, 46.601834893433718 ], [ -74.029778325905596, 46.602092722092358 ], [ -74.030880961487625, 46.602355112631578 ], [ -74.030388732567673, 46.60252547967108 ], [ -74.030756280905663, 46.602612942161514 ], [ -74.030999150441318, 46.602958232797505 ], [ -74.031123830608024, 46.602700403218229 ], [ -74.031491381674755, 46.602787862841339 ], [ -74.031117342420458, 46.603561351727265 ], [ -74.03148490019062, 46.603648811149561 ] ], [ [ -73.964575145951315, 46.605530009442013 ], [ -73.964817545428403, 46.605875464736755 ], [ -73.964692494100532, 46.606133205408725 ], [ -73.965059948459853, 46.606220919060334 ], [ -73.965302355045722, 46.606566372412715 ], [ -73.965177304536169, 46.606824113183968 ], [ -73.964809845254308, 46.606736400141202 ], [ -73.965052252658509, 46.607081853592938 ], [ -73.965419715085758, 46.607169565614846 ], [ -73.965294663617286, 46.607427306073461 ], [ -73.965779496198806, 46.608118208120949 ], [ -73.965904546848833, 46.607860467562922 ], [ -73.966272016935093, 46.607948176110057 ], [ -73.966146968062475, 46.608205917080113 ], [ -73.968351827974516, 46.608732140742283 ], [ -73.968844345845, 46.608562095816147 ], [ -73.969579309274351, 46.608737488549373 ], [ -73.970071822770521, 46.608567437313816 ], [ -73.971174276945263, 46.608830510130751 ] ], [ [ -73.960579955908742, 46.599399380702692 ], [ -73.960822294563968, 46.599744852457341 ], [ -73.96118969190654, 46.599832582638037 ], [ -73.961064636772321, 46.600090323240877 ], [ -73.962041791164964, 46.600611247899202 ], [ -73.961916738624822, 46.600868989013229 ], [ -73.962284146768937, 46.600956714699059 ], [ -73.96215909463757, 46.601214455862646 ], [ -73.96252650592632, 46.601302180527824 ], [ -73.962401454203757, 46.601559921741014 ], [ -73.962768868637198, 46.601647645385349 ], [ -73.962643817323482, 46.60190538664817 ], [ -73.962886183996787, 46.602250850584198 ], [ -73.962761131724008, 46.602508591534189 ], [ -73.963128554223758, 46.602596313549064 ], [ -73.963003502359854, 46.602854054548672 ], [ -73.963370928004451, 46.60294177554281 ], [ -73.963613305338967, 46.603287236565336 ], [ -73.963488254292926, 46.60354497766415 ], [ -73.963855686227348, 46.6036326966167 ], [ -73.963730635590281, 46.603890437765131 ], [ -73.963973020441614, 46.60423589689497 ], [ -73.963847968845556, 46.604493637730634 ], [ -73.964215408847011, 46.604581355053618 ], [ -73.964700196320223, 46.605272268457348 ], [ -73.964575145951315, 46.605530009442013 ] ] ] } },
{ "type": "Feature", "properties": { "SubId": 23000210, "DowSubId": 23000245, "RivSlope": 0.0096269234132129993, "RivLength": 12672.792206131, "BasSlope": 25.665130776071916, "BasAspect": 185.40450939438188, "BasArea": 40250700.0, "BkfWidth": 19.371849880100001, "BkfDepth": 0.488952783961, "Lake_Cat": 0.0, "HyLakeId": 0, "LakeVol": 0.0, "LakeDepth": 0.0, "LakeArea": 0.0, "Laketype": 0.0, "Has_POI": 0, "MeanElev": 1487.2658012684735, "FloodP_n": 0.09616722132734, "Q_Mean": 6.4731146808828077, "Ch_n": 0.070897390033475005, "DrainArea": 128713500.0, "Strahler": 2.0, "Seg_ID": 102.0, "Seg_order": 1.0, "Max_DEM": 1169.0, "Min_DEM": 1123.0, "Obs_NM": "<NA>", "SRC_obs": "<NA>", "centroid_x": -74.27522885272316, "centroid_y": 46.746846954858697, "DA_Chn_L": 28388.376618400001, "DA_Slope": 8.33051543835, "DA_Chn_Slp": 0.0095109348318599997, "outletLat": 46.6988085, "outletLng": -74.32888581, "k": 0.065354302525499994, "c": 0.96908402442899999, "SSDA_NM": "02_02", "SDA_NM": "02N", "rvhName": "sub23000210" }, "geometry": { "type": "MultiLineString", "coordinates": [ [ [ -74.313305778163141, 46.752846454621803 ], [ -74.313429305603094, 46.752588375357092 ], [ -74.312690816574531, 46.752415697734428 ], [ -74.312814346261447, 46.752157618929111 ], [ -74.312445105586605, 46.752071278364824 ], [ -74.312568635717938, 46.751813199610645 ], [ -74.312199398203518, 46.751726858013839 ], [ -74.31207586626978, 46.751984936359833 ], [ -74.311706628311001, 46.751898592914046 ], [ -74.311830162047102, 46.751640514976323 ], [ -74.311460927248703, 46.751554170498018 ], [ -74.311707994251549, 46.751038014367737 ], [ -74.311338764415808, 46.750951669265177 ], [ -74.31146229768251, 46.750693591072604 ], [ -74.311093071007051, 46.750607244937555 ], [ -74.310969535938057, 46.750865322721921 ], [ -74.310723845689566, 46.750520897361845 ], [ -74.308877739472678, 46.750089137872799 ], [ -74.308754193590531, 46.750347213207597 ], [ -74.30838497461923, 46.750260856579445 ], [ -74.308261425576859, 46.750518931148818 ], [ -74.307892206161569, 46.750432572671698 ], [ -74.307768653958931, 46.750690646475654 ], [ -74.307275878736746, 46.750862359188076 ], [ -74.305429790803558, 46.750430533906403 ], [ -74.305306225072044, 46.750688604546063 ], [ -74.304198583205576, 46.750429490864363 ], [ -74.303952944906172, 46.750085047749515 ], [ -74.304076516487214, 46.749826978386039 ], [ -74.303707310210598, 46.749740603653592 ], [ -74.303954452901479, 46.749224464671592 ], [ -74.303585251586938, 46.749138089315288 ], [ -74.303708822696734, 46.748880019696763 ], [ -74.302724807465296, 46.748362817458656 ], [ -74.302848381263843, 46.748104748350713 ], [ -74.302479190787849, 46.748018368457174 ], [ -74.302602765029803, 46.747760299400284 ], [ -74.302233577713793, 46.747673918474604 ], [ -74.302357152399139, 46.747415849468837 ], [ -74.301987968243083, 46.747329467510909 ], [ -74.30211154337178, 46.747071398556209 ], [ -74.301742362375634, 46.746985015566125 ], [ -74.301865937947639, 46.74672694666252 ], [ -74.301620336126675, 46.746382493787777 ], [ -74.301867484082507, 46.745866355010918 ], [ -74.302605830303975, 46.746039119164884 ], [ -74.302852965620858, 46.745522977325656 ], [ -74.303222137165776, 46.745609356425291 ], [ -74.30334570098546, 46.74535128456143 ], [ -74.302607362856804, 46.745178525738311 ], [ -74.302730928921378, 46.744920454333844 ], [ -74.302361763695728, 46.744834073169891 ], [ -74.302732459145176, 46.74405985803773 ], [ -74.302486864916958, 46.743715404641215 ], [ -74.302610427793937, 46.743457332266971 ], [ -74.30224127429149, 46.743370950263625 ], [ -74.302611960178268, 46.742596732222061 ], [ -74.302242813437772, 46.742510350003151 ], [ -74.302366374485302, 46.742252277016355 ], [ -74.301997230904064, 46.742165893765289 ], [ -74.301751651972822, 46.741821436546374 ], [ -74.301875213906825, 46.741563363661491 ], [ -74.300891372171705, 46.74104613137748 ], [ -74.301014936793166, 46.740788059002867 ], [ -74.300645807206493, 46.740701670183149 ], [ -74.300400245843434, 46.740357208007715 ], [ -74.300647375500773, 46.739841063104969 ], [ -74.301016498326362, 46.739927452140158 ], [ -74.301387177224939, 46.739153230881286 ], [ -74.301756296005408, 46.739239617251364 ], [ -74.302003404879869, 46.738723467142265 ], [ -74.30163428970134, 46.738637081588706 ], [ -74.301881396746509, 46.738120930866856 ], [ -74.301512286527625, 46.738034544689476 ], [ -74.301759391743488, 46.737518393354748 ], [ -74.301513838856323, 46.73717393075848 ], [ -74.301637389870749, 46.736915854605982 ], [ -74.301391841028305, 46.736571391079465 ], [ -74.301762487254692, 46.735797160630675 ], [ -74.301393395515504, 46.73571077339831 ], [ -74.301640489812939, 46.735194618795482 ], [ -74.301271403032786, 46.735108230939339 ], [ -74.301394949945731, 46.734850153510116 ], [ -74.301025866323855, 46.734763764622002 ], [ -74.301520047602239, 46.733731452964271 ], [ -74.30078189883595, 46.733558674133093 ], [ -74.300658351951611, 46.733816751767201 ], [ -74.300412826489151, 46.733472282557308 ] ], [ [ -74.304492166294125, 46.723234236349619 ], [ -74.304861165718634, 46.723320614889317 ], [ -74.305108156758706, 46.722804432305288 ], [ -74.30547715394016, 46.722890808588986 ], [ -74.305724135953625, 46.722374623759393 ], [ -74.306832579233159, 46.721773088002301 ], [ -74.307079540481112, 46.721256897966974 ], [ -74.30744852913331, 46.721343267075 ], [ -74.30794242815189, 46.720310881083847 ], [ -74.309418367527655, 46.720656336589677 ], [ -74.309665294499752, 46.720140138186565 ], [ -74.309296311220947, 46.720053777285827 ], [ -74.309790156088809, 46.719021377822791 ], [ -74.310159132168351, 46.719107737091996 ], [ -74.310406042865182, 46.718591534400502 ], [ -74.310037070385192, 46.718505175947058 ], [ -74.310283979256795, 46.717988972641891 ], [ -74.310652948137317, 46.718075330279561 ], [ -74.310899847984842, 46.717559124729192 ], [ -74.311268814622039, 46.717645480111337 ], [ -74.311392260711941, 46.717387376392224 ], [ -74.312130194455051, 46.717560082021102 ], [ -74.312253635589443, 46.717301977129004 ], [ -74.312622602695299, 46.717388327375744 ], [ -74.313116346474047, 46.71635590260265 ], [ -74.313485307736926, 46.716442249778304 ], [ -74.313608738492078, 46.716184142283893 ], [ -74.313363210227863, 46.715839688072052 ], [ -74.313486640070977, 46.715581580270694 ], [ -74.313117685563029, 46.715495232878553 ], [ -74.31324111584992, 46.715237125127608 ], [ -74.313733495689661, 46.715065363595961 ], [ -74.313980345885142, 46.71454914549183 ], [ -74.314718244571338, 46.714721832694408 ], [ -74.314841664036194, 46.71446372229083 ], [ -74.315210613613246, 46.714550063324552 ], [ -74.314965082145349, 46.714205611529906 ], [ -74.314596135723619, 46.714119269464049 ], [ -74.314719554276678, 46.713861158753531 ], [ -74.314350611010227, 46.713774815655569 ], [ -74.314597447648438, 46.713258593978011 ], [ -74.314228509336729, 46.713172250255681 ], [ -74.314351927421853, 46.712914139288564 ], [ -74.313982992265323, 46.712827794534171 ], [ -74.31497030254026, 46.710762897194414 ], [ -74.315339223301422, 46.710849238687054 ], [ -74.315956239172564, 46.709558664196962 ], [ -74.316325152292478, 46.70964500221146 ], [ -74.316571945554642, 46.709128769098555 ], [ -74.316940856431259, 46.709215104857954 ], [ -74.317064249230071, 46.708956987357894 ], [ -74.317802071450544, 46.709129653742174 ], [ -74.317431899784268, 46.70990400761638 ], [ -74.31780081832548, 46.70999033987178 ], [ -74.317307244327083, 46.711022808331883 ], [ -74.318414029676063, 46.711281801351141 ], [ -74.318537419810198, 46.711023683549143 ], [ -74.318168491804713, 46.710937354390232 ], [ -74.318415271606057, 46.710421118529553 ], [ -74.319153121774377, 46.710593773777113 ], [ -74.319523270515049, 46.709819414860462 ], [ -74.31989219223361, 46.709905739101664 ], [ -74.320015570637295, 46.709647618340512 ], [ -74.32038449191154, 46.70973394073431 ], [ -74.3205078671606, 46.709475819208208 ], [ -74.3208767879905, 46.709562139754638 ], [ -74.321000160084949, 46.709304017463701 ], [ -74.321369080470447, 46.709390336162691 ], [ -74.321615816995191, 46.708874089693794 ], [ -74.321246900208649, 46.70878777180998 ], [ -74.321370268237942, 46.708529648447104 ], [ -74.320632442328844, 46.708357009175209 ], [ -74.320879181519985, 46.707840763007887 ], [ -74.321248090198239, 46.707927082548601 ], [ -74.321371455961923, 46.70766895852141 ], [ -74.321740364195762, 46.707755276214762 ], [ -74.321987088059529, 46.707239026273413 ], [ -74.322355994049545, 46.707325341711865 ], [ -74.322479352149685, 46.70706721579775 ], [ -74.322233806503647, 46.706722774902772 ], [ -74.322480519528327, 46.706206522102974 ], [ -74.322111622090503, 46.706120206854841 ], [ -74.322603874008408, 46.705948395167077 ], [ -74.322234978369877, 46.70586208032649 ], [ -74.323098434391838, 46.704055184623392 ], [ -74.323467317435757, 46.70414149661147 ], [ -74.323960683877161, 46.703108975290398 ], [ -74.324329561079068, 46.703195284208881 ], [ -74.324576232574046, 46.702679020589592 ], [ -74.324207358970398, 46.702592712485952 ], [ -74.324330694485212, 46.702334580547813 ], [ -74.323961824035152, 46.702248271412003 ], [ -74.324085159994539, 46.70199013952395 ], [ -74.323347426756058, 46.70181751774826 ], [ -74.323101902170521, 46.701473073677967 ], [ -74.323225240817905, 46.701214942297582 ], [ -74.323594101807416, 46.701301254530051 ], [ -74.323840771440842, 46.700784989882543 ], [ -74.324947351742225, 46.70104391549733 ], [ -74.325070679130363, 46.70078578141532 ], [ -74.326300586860867, 46.700786557189488 ], [ -74.326423906143276, 46.700528421170659 ], [ -74.326792767618443, 46.700614721288453 ], [ -74.32691608374752, 46.700356584504917 ], [ -74.327284944777901, 46.700442882775697 ], [ -74.327654879642665, 46.699668469059219 ], [ -74.328023736630144, 46.699754764668235 ], [ -74.328270349504422, 46.699238486256078 ], [ -74.327901496114961, 46.699152191461799 ], [ -74.327778188555882, 46.699410330439157 ], [ -74.327409334721565, 46.699324033797858 ], [ -74.327286024009354, 46.699582172010544 ], [ -74.326917169730237, 46.699495873522231 ], [ -74.327163793398441, 46.698979597554285 ], [ -74.327532644079639, 46.699065895227825 ], [ -74.327655952083546, 46.698807756300575 ], [ -74.328885808107799, 46.698808498954783 ], [ -74.32900910800663, 46.69855035809087 ] ], [ [ -74.300412826489151, 46.733472282557308 ], [ -74.300905444362741, 46.733300596141639 ], [ -74.301028988531982, 46.733042517792839 ], [ -74.300659919786185, 46.732956127033404 ], [ -74.300907007653052, 46.732439970079987 ], [ -74.300537943865692, 46.732353578696788 ], [ -74.301030549550248, 46.732181891067185 ], [ -74.300661487563303, 46.732095500092214 ], [ -74.300908570886094, 46.731579341810864 ], [ -74.300539513857387, 46.731492950212143 ], [ -74.300048492567413, 46.730804005432503 ], [ -74.298941348572711, 46.730544815804265 ], [ -74.299064896284762, 46.730286737861782 ], [ -74.298326810676087, 46.730113938392407 ], [ -74.298573909228509, 46.729597783067938 ], [ -74.298204872060666, 46.729511381989539 ], [ -74.298328421100791, 46.729253304199425 ], [ -74.297959387090543, 46.729166902089176 ], [ -74.298700663625894, 46.727618430291137 ], [ -74.298331641773217, 46.727532029189966 ], [ -74.298825806182947, 46.726499709141734 ], [ -74.298456792887308, 46.726413308233255 ], [ -74.298950942780323, 46.725380984098457 ], [ -74.299688956329859, 46.725553781210351 ], [ -74.299934435102557, 46.725898260400655 ], [ -74.30104147507673, 46.72615744217336 ], [ -74.30153401395377, 46.725985748790933 ], [ -74.301657535434742, 46.725727664006854 ], [ -74.302026549230888, 46.725814052794931 ], [ -74.302150067554834, 46.725555967245263 ], [ -74.302642596074961, 46.725384267870169 ], [ -74.303383658580572, 46.723835742473781 ], [ -74.303752660691146, 46.723922125117376 ], [ -74.303999667071452, 46.723405946309903 ], [ -74.304368666939084, 46.723492326697531 ], [ -74.304492166294125, 46.723234236349619 ] ], [ [ -74.319333734699583, 46.756551295657538 ], [ -74.316379474968812, 46.755860740205271 ], [ -74.316502993443279, 46.755602659306582 ], [ -74.315025903381112, 46.755257348631375 ], [ -74.314902377695361, 46.75551542789718 ], [ -74.31453310677216, 46.755429096217924 ], [ -74.314409577925545, 46.755687174718517 ], [ -74.313671036547944, 46.755514506220905 ], [ -74.313794569000038, 46.75525642853686 ], [ -74.313425302151146, 46.75517009253506 ], [ -74.31367236658636, 46.754653936912298 ], [ -74.31330310470095, 46.754567600286123 ], [ -74.313426636684056, 46.754309522347427 ], [ -74.313180910387004, 46.753965106801175 ], [ -74.313427971168039, 46.753448949954802 ], [ -74.313058719209181, 46.753362612079947 ], [ -74.313305778163141, 46.752846454621803 ] ] ] } },
{ "type": "Feature", "properties": { "SubId": 23000228, "DowSubId": 23000229, "RivSlope": 0.039845310503799997, "RivLength": 1254.8528137400001, "BasSlope": 39.656644601700002, "BasAspect": 211.06680753099999, "BasArea": 351900.0, "BkfWidth": 47.725293293900002, "BkfDepth": 0.83987263256300004, "Lake_Cat": 0.0, "HyLakeId": 0, "LakeVol": 0.0, "LakeDepth": 0.0, "LakeArea": 0.0, "Laketype": 0.0, "Has_POI": 0, "MeanElev": 1321.3975127599999, "FloodP_n": 0.15, "Q_Mean": 43.937184027500003, "Ch_n": 0.15, "DrainArea": 827491500.0, "Strahler": 3.0, "Seg_ID": 115.0, "Seg_order": 1.0, "Max_DEM": 1090.0, "Min_DEM": 1040.0, "Obs_NM": "<NA>", "SRC_obs": "<NA>", "centroid_x": -74.094898623948694, "centroid_y": 46.609844354751793, "DA_Chn_L": 76945.647173499994, "DA_Slope": 3.8315473729099998, "DA_Chn_Slp": 0.0142958054212, "outletLat": 46.61314858, "outletLng": -74.09083087, "k": 0.065354302525499994, "c": 0.96908402442899999, "SSDA_NM": "02_02", "SDA_NM": "02N", "rvhName": "sub23000228" }, "geometry": { "type": "LineString", "coordinates": [ [ -74.099460817578532, 46.607148151211703 ], [ -74.099212180358748, 46.607663980812326 ], [ -74.098844465736747, 46.607576782430414 ], [ -74.098595819507224, 46.608092609768256 ], [ -74.098103775741578, 46.608263321849812 ], [ -74.097979447441261, 46.608521234206982 ], [ -74.096508579484805, 46.608172414035977 ], [ -74.096384242692295, 46.608430324392614 ], [ -74.096016527323485, 46.608343115353392 ], [ -74.095767846089288, 46.608858934164402 ], [ -74.095400128516317, 46.608771722870671 ], [ -74.094778392694067, 46.610061261535094 ], [ -74.094286314537342, 46.610231952997331 ], [ -74.093042709340082, 46.612810995561588 ], [ -74.092674965965074, 46.61272377483801 ], [ -74.092426225020475, 46.613239578201615 ], [ -74.091690735223963, 46.613065130810192 ], [ -74.091566359143272, 46.613323031130626 ], [ -74.09083087122805, 46.613148577180482 ], [ -74.090706490219802, 46.613406476319931 ] ] } },
{ "type": "Feature", "properties": { "SubId": 23000229, "DowSubId": 23000197, "RivSlope": 0.0153199630162, "RivLength": 3394.2640687100002, "BasSlope": 24.700627362799999, "BasAspect": 180.53630006200001, "BasArea": 5041800.0, "BkfWidth": 49.185730493500003, "BkfDepth": 0.85520009763100002, "Lake_Cat": 0.0, "HyLakeId": 0, "LakeVol": 0.0, "LakeDepth": 0.0, "LakeArea": 0.0, "Laketype": 0.0, "Has_POI": 0, "MeanElev": 1369.37704181, "FloodP_n": 0.1, "Q_Mean": 46.66736273499999, "Ch_n": 0.094242905635299995, "DrainArea": 880602300.000001, "Strahler": 3.0, "Seg_ID": 116.0, "Seg_order": 1.0, "Max_DEM": 1092.0, "Min_DEM": 1040.0, "Obs_NM": "<NA>", "SRC_obs": "<NA>", "centroid_x": -74.077542784167846, "centroid_y": 46.611347322458592, "DA_Chn_L": 80339.911242200003, "DA_Slope": 3.7418804220399999, "DA_Chn_Slp": 0.014339074840699999, "outletLat": 46.60488466, "outletLng": -74.0644932, "k": 0.065354302525499994, "c": 0.96908402442899999, "SSDA_NM": "02_02", "SDA_NM": "02N", "rvhName": "sub23000229" }, "geometry": { "type": "LineString", "coordinates": [ [ -74.090706490219802, 46.613406476319931 ], [ -74.09033874652205, 46.613319246782723 ], [ -74.089846618250348, 46.613489913769328 ], [ -74.089111134098445, 46.613315446701634 ], [ -74.088986743235154, 46.613573343478954 ], [ -74.087148047775244, 46.613137148653315 ], [ -74.087645638711663, 46.612105567582404 ], [ -74.087402306948164, 46.611760430194565 ], [ -74.087526701698152, 46.611502534074091 ], [ -74.087158978749898, 46.611415291831605 ], [ -74.087283373920584, 46.6111573957605 ], [ -74.086180218594833, 46.6108956616564 ], [ -74.086304617751196, 46.610637766454836 ], [ -74.085569191241873, 46.610463270699888 ], [ -74.085693592601245, 46.610205375957875 ], [ -74.084590468398943, 46.609943622797182 ], [ -74.08471487374355, 46.609685728924823 ], [ -74.08397946798307, 46.609511220465706 ], [ -74.083487356454185, 46.609681856726297 ], [ -74.082751955300964, 46.609507338840046 ], [ -74.082627539682832, 46.609765230300582 ], [ -74.081892140413217, 46.609590705856178 ], [ -74.081648863786313, 46.60924555125245 ], [ -74.081281169338865, 46.609158285854427 ], [ -74.081037899420565, 46.608813129251573 ], [ -74.081405590723762, 46.608900395673842 ], [ -74.081654429407408, 46.608384614229898 ], [ -74.082022118508391, 46.608471878397317 ], [ -74.08239536097247, 46.607698202293861 ], [ -74.082887455737733, 46.607527570629749 ], [ -74.083260676512495, 46.606753888964725 ], [ -74.082157646633263, 46.606492105076477 ], [ -74.081665560039454, 46.606662733520238 ], [ -74.080562541157008, 46.606400931189157 ], [ -74.080438121758036, 46.606658822206185 ], [ -74.077496783743982, 46.605960616264518 ], [ -74.077004685823894, 46.606131221031418 ], [ -74.074063431627877, 46.605432908539051 ], [ -74.073571326788539, 46.605603495933828 ], [ -74.072836026023168, 46.605428899779263 ], [ -74.072711566902939, 46.60568678150802 ], [ -74.07234391678216, 46.60559948086906 ], [ -74.072094990891586, 46.606115242422838 ], [ -74.071727338570099, 46.606027939528985 ], [ -74.071478403666816, 46.606543698817809 ], [ -74.071110749144637, 46.60645639366907 ], [ -74.070986277867775, 46.606714272361529 ], [ -74.070250969347754, 46.606539656940633 ], [ -74.070126493145324, 46.60679753445131 ], [ -74.065347097457405, 46.605662389046799 ], [ -74.065471596817872, 46.605404516871367 ], [ -74.064736329176071, 46.605229858425361 ], [ -74.064493200740628, 46.60488465574587 ], [ -74.064125572107713, 46.604797323348045 ] ] } },
{ "type": "Feature", "properties": { "SubId": 23000235, "DowSubId": 23000228, "RivSlope": 0.015521535829900001, "RivLength": 6056.10173055, "BasSlope": 29.943997106999998, "BasAspect": 167.35630564600001, "BasArea": 9913500.0, "BkfWidth": 13.563308725800001, "BkfDepth": 0.39480591859899999, "Lake_Cat": 0.0, "HyLakeId": 0, "LakeVol": 0.0, "LakeDepth": 0.0, "LakeArea": 0.0, "Laketype": 0.0, "Has_POI": 0, "MeanElev": 1418.5962224100001, "FloodP_n": 0.098969072164900002, "Q_Mean": 3.54867560942, "Ch_n": 0.090720570031300005, "DrainArea": 61678800.000001, "Strahler": 1.0, "Seg_ID": 8.0, "Seg_order": 2.0, "Max_DEM": 1134.0, "Min_DEM": 1040.0, "Obs_NM": "<NA>", "SRC_obs": "<NA>", "centroid_x": -74.111956366713329, "centroid_y": 46.625749235980621, "DA_Chn_L": 20197.127701599999, "DA_Slope": 20.109343288600002, "DA_Chn_Slp": 0.0075258225944699999, "outletLat": 46.60723535, "outletLng": -74.09982853, "k": 0.065354302525499994, "c": 0.96908402442899999, "SSDA_NM": "02_02", "SDA_NM": "02N", "rvhName": "sub23000235" }, "geometry": { "type": "LineString", "coordinates": [ [ -74.11119674847636, 46.636367749834157 ], [ -74.111321077907235, 46.636109841833374 ], [ -74.110217204442563, 46.635848404129973 ], [ -74.110465869930465, 46.635332589507811 ], [ -74.109362019436432, 46.635071141346124 ], [ -74.109486355493189, 46.634813234724653 ], [ -74.109118409837919, 46.634726082876732 ], [ -74.109242746317847, 46.634468176305042 ], [ -74.108506862663944, 46.634293869123162 ], [ -74.108014581044657, 46.634464618720713 ], [ -74.108138922880144, 46.634206713379207 ], [ -74.107770984458426, 46.634119556199892 ], [ -74.108268345320013, 46.633087932870183 ], [ -74.107532486843567, 46.632913617486281 ], [ -74.107905503898536, 46.632139898664974 ], [ -74.108273427100684, 46.632227055844318 ], [ -74.108397761610007, 46.631969148439651 ], [ -74.108765684389127, 46.632056303773638 ], [ -74.109263001667117, 46.631024668910229 ], [ -74.108895086027886, 46.63093751521648 ], [ -74.109019413727637, 46.630679606009565 ], [ -74.107179864884245, 46.630243818061778 ], [ -74.10730420014643, 46.629985910544718 ], [ -74.106568393711996, 46.629811586138928 ], [ -74.106076151921187, 46.629982328070028 ], [ -74.105708250324071, 46.629895161869008 ], [ -74.105832592725292, 46.629637255992243 ], [ -74.105096797186434, 46.62946292010465 ], [ -74.104972451215843, 46.629720825161272 ], [ -74.104236657555631, 46.629546482712691 ], [ -74.104112306653661, 46.629804386588624 ], [ -74.101537059255961, 46.629194139939486 ], [ -74.101412694499842, 46.629452040583992 ], [ -74.098101744148082, 46.62866733072709 ], [ -74.097858250187173, 46.628322237024619 ], [ -74.097365992388333, 46.628492934972662 ], [ -74.096262374966329, 46.628231330577911 ], [ -74.096759925740827, 46.627199748806198 ], [ -74.097252172219328, 46.627029053310778 ], [ -74.097376553360704, 46.626771156195559 ], [ -74.097744415129483, 46.626858355199353 ], [ -74.09799316975726, 46.626342559066707 ], [ -74.098361029319932, 46.626429755815117 ], [ -74.098485402806389, 46.626171856797704 ], [ -74.098853261947056, 46.626259051700941 ], [ -74.099345491005835, 46.626088344970817 ], [ -74.099594224031492, 46.625572543492531 ], [ -74.099962080543875, 46.625659734295184 ], [ -74.100086443229472, 46.625401832604993 ], [ -74.100454299319722, 46.625489021562565 ], [ -74.101076083397118, 46.624199505652534 ], [ -74.1014439319286, 46.624286691124524 ], [ -74.101936130983447, 46.624115970077533 ], [ -74.101568282874197, 46.624028786450701 ], [ -74.101692632457912, 46.623770881416263 ], [ -74.101324787494633, 46.623683696764481 ], [ -74.101449137500595, 46.62342579177961 ], [ -74.101205646111396, 46.623080701167481 ], [ -74.101454342882278, 46.62256489021496 ], [ -74.101086507778774, 46.62247770433342 ], [ -74.101210855905521, 46.622219798726348 ], [ -74.102687380103234, 46.621707628160507 ], [ -74.102811717431166, 46.621449719880935 ], [ -74.102443888524093, 46.621362538919655 ], [ -74.102200400512814, 46.621017448703313 ], [ -74.101096931398317, 46.620755894134838 ], [ -74.101469957885655, 46.619982172201404 ], [ -74.101226484145243, 46.619637078083123 ], [ -74.100858672327305, 46.619549890562325 ], [ -74.100734329320602, 46.619807797774641 ], [ -74.0999987062022, 46.619633417608213 ], [ -74.100123052776368, 46.61937551121607 ], [ -74.099019633662508, 46.619113931434867 ], [ -74.098776182361718, 46.618768830192131 ], [ -74.098408381859173, 46.618681633037156 ], [ -74.098532734628151, 46.618423727973983 ], [ -74.09816493727088, 46.618336529794256 ], [ -74.098289290461693, 46.61807862478048 ], [ -74.097921496249683, 46.61799142557598 ], [ -74.098170202113266, 46.61747561528653 ], [ -74.097802412829907, 46.61738841546731 ], [ -74.097926765502663, 46.617130510191693 ], [ -74.098418902530199, 46.616959803554487 ], [ -74.098543250696224, 46.616701897147479 ], [ -74.098911035990838, 46.616789094301758 ], [ -74.099159724671253, 46.61627327958567 ], [ -74.098916287024792, 46.615928175762448 ], [ -74.099289311099554, 46.615154451131488 ], [ -74.098921537866815, 46.61506725500255 ], [ -74.099045878285423, 46.614809346480932 ], [ -74.097942572106064, 46.61454775071563 ], [ -74.098066916513019, 46.614289843063375 ], [ -74.097699152292805, 46.614202642015421 ], [ -74.097823497121496, 46.613944734412527 ], [ -74.097455736045958, 46.613857532339864 ], [ -74.097704425185285, 46.613341716872007 ], [ -74.097461013348138, 46.612996606319655 ], [ -74.097709697885037, 46.612480789507586 ], [ -74.098077448683441, 46.612567990964912 ], [ -74.098326124208597, 46.612052171890006 ], [ -74.098818206739651, 46.611881460604145 ], [ -74.099439856007848, 46.61059190275143 ], [ -74.099931919251318, 46.610421184997023 ], [ -74.100056241877098, 46.610163271573761 ], [ -74.100423978928774, 46.61025046462737 ], [ -74.100796933290383, 46.609476720963677 ], [ -74.100429201587687, 46.609389529139854 ], [ -74.100553518769033, 46.609131614273878 ], [ -74.100921248688763, 46.609218805687732 ], [ -74.1010455627261, 46.608960890051129 ], [ -74.099942382398879, 46.608699312735354 ], [ -74.100066700423923, 46.608441397967752 ], [ -74.099698978153157, 46.608354203069787 ], [ -74.099823296600022, 46.608096288351454 ], [ -74.100191017087937, 46.608183482839458 ], [ -74.100315332390934, 46.607925567350499 ], [ -74.099947613685856, 46.607838373272386 ], [ -74.100071929410674, 46.607580457832618 ], [ -74.099704213849407, 46.607493262729811 ], [ -74.099828529996032, 46.607235347339255 ], [ -74.099460817578532, 46.607148151211703 ] ] } },
{ "type": "Feature", "properties": { "SubId": 23000236, "DowSubId": 23000228, "RivSlope": 0.018496642091734999, "RivLength": 12272.49783362, "BasSlope": 25.20582358986362, "BasAspect": 178.79259781875683, "BasArea": 44402400.0, "BkfWidth": 45.956973468699999, "BkfDepth": 0.82106042254300005, "Lake_Cat": 0.0, "HyLakeId": 0, "LakeVol": 0.0, "LakeDepth": 0.0, "LakeArea": 0.0, "Laketype": 0.0, "Has_POI": 0, "MeanElev": 1413.7524674873798, "FloodP_n": 0.106581301646254, "Q_Mean": 39.900228265435487, "Ch_n": 0.101036384410678, "DrainArea": 765460799.99999905, "Strahler": 3.0, "Seg_ID": 114.0, "Seg_order": 1.0, "Max_DEM": 1119.0, "Min_DEM": 1040.0, "Obs_NM": "<NA>", "SRC_obs": "<NA>", "centroid_x": -74.153655126537245, "centroid_y": 46.604668463675928, "DA_Chn_L": 75690.794359799998, "DA_Slope": 4.1238136684400004, "DA_Chn_Slp": 0.01387222857, "outletLat": 46.60689024, "outletLng": -74.09958513, "k": 0.065354302525499994, "c": 0.96908402442899999, "SSDA_NM": "02_02", "SDA_NM": "02N", "rvhName": "sub23000236" }, "geometry": { "type": "MultiLineString", "coordinates": [ [ [ -74.146914082718425, 46.592814121989854 ], [ -74.145443343146638, 46.592466037035081 ], [ -74.144951632316094, 46.592636997762817 ], [ -74.144216269824952, 46.592462942989123 ], [ -74.143724554576039, 46.592633897416277 ], [ -74.142621519745873, 46.592372798963545 ], [ -74.142129799653418, 46.592543745246203 ], [ -74.139188429783474, 46.591847404826922 ], [ -74.139064369627818, 46.592105383163755 ], [ -74.13575541636402, 46.591321886756148 ], [ -74.135879492567682, 46.591063912101319 ], [ -74.13477653794169, 46.590802722035782 ], [ -74.13428480578051, 46.590973628829637 ], [ -74.133549508637998, 46.5907994912587 ], [ -74.133057772061633, 46.590970391751647 ], [ -74.131830738511695, 46.590967138946688 ], [ -74.131706640404005, 46.591225108428617 ], [ -74.131338993954799, 46.59113803052535 ], [ -74.131214892705884, 46.591395999237577 ], [ -74.129987848204422, 46.591392722816707 ], [ -74.129496092526267, 46.59156360471107 ], [ -74.129371980070758, 46.591821570705065 ], [ -74.128269043781785, 46.591560306262089 ], [ -74.128144924619406, 46.591818270667829 ], [ -74.12740963698748, 46.59164408638118 ], [ -74.126917869340289, 46.591814954903477 ], [ -74.126182586294789, 46.591640761191023 ], [ -74.126306715729271, 46.591382799192147 ], [ -74.125203806699048, 46.591121499092431 ], [ -74.125079671916694, 46.591379459863411 ], [ -74.124344402458263, 46.591205251805725 ], [ -74.124220262752019, 46.59146321139756 ], [ -74.123852628278385, 46.591376104807644 ], [ -74.123728485430831, 46.591634063629598 ], [ -74.1229932169949, 46.59145984532762 ], [ -74.122869069223412, 46.591717802970415 ], [ -74.122501435261185, 46.591630691258345 ], [ -74.122377284348332, 46.591888648131153 ], [ -74.121642016935567, 46.591714419584861 ], [ -74.121517861098766, 46.591972375278466 ], [ -74.120782595556804, 46.59179814017547 ], [ -74.120658434796098, 46.592056094689752 ], [ -74.120290802281119, 46.591968974577149 ], [ -74.120166638378961, 46.59222692832148 ], [ -74.119799005440569, 46.592139806365061 ], [ -74.119550669994183, 46.592655711953114 ], [ -74.119183034849954, 46.592568587743379 ], [ -74.118810516139675, 46.593342442192942 ], [ -74.118318699602966, 46.593513265672996 ], [ -74.118194520839509, 46.593771215665022 ], [ -74.11782687950128, 46.593684086539135 ], [ -74.117702697596116, 46.59394203576111 ], [ -74.116719040414381, 46.594283668111359 ], [ -74.115983756558194, 46.594109397361485 ], [ -74.115491921773724, 46.594280205927632 ], [ -74.114389004915779, 46.594018783512524 ], [ -74.113897165297629, 46.594189583932703 ], [ -74.113529528640996, 46.594102438414765 ], [ -74.113405322114801, 46.594360381738767 ], [ -74.113037685035323, 46.594273234376907 ], [ -74.112665051952462, 46.595047060956354 ], [ -74.112297410885517, 46.594959910931372 ], [ -74.112173195356362, 46.595217851993709 ], [ -74.111805553866688, 46.595130700124791 ], [ -74.111681335195527, 46.595388640416822 ], [ -74.111189471469999, 46.595559426225741 ], [ -74.111065248297137, 46.595817365386942 ], [ -74.110697604179776, 46.595730209420395 ], [ -74.109827991419237, 46.597535770583264 ], [ -74.110071413962089, 46.597880865693043 ], [ -74.109450223306624, 46.599170541663185 ], [ -74.109082556017484, 46.599083380371454 ], [ -74.108834066670283, 46.599599247415632 ], [ -74.108342148679867, 46.599770016441553 ], [ -74.108217898823511, 46.600027948652283 ], [ -74.107850227124331, 46.599940782852876 ], [ -74.107601719766109, 46.600456645373036 ], [ -74.107234045861972, 46.600369477319767 ], [ -74.107109788360034, 46.600627407629119 ], [ -74.106742114033537, 46.6005402377316 ], [ -74.106617853388826, 46.600798167270561 ], [ -74.105514833223211, 46.600536647741833 ], [ -74.10539056587065, 46.600794575690941 ], [ -74.105022893420184, 46.600707399235922 ], [ -74.104898622924807, 46.600965326414681 ], [ -74.10453095005218, 46.600878148115441 ], [ -74.104406676413959, 46.601136074523666 ], [ -74.10403900311924, 46.601048894380178 ], [ -74.103914726338104, 46.601306820017982 ], [ -74.103547052621337, 46.601219638030209 ], [ -74.102195467730468, 46.601473930375235 ], [ -74.101827795890713, 46.601386741829955 ], [ -74.101082036833006, 46.602934271459297 ], [ -74.100590055938142, 46.603104998953164 ], [ -74.099098353145052, 46.606200010006127 ], [ -74.09946605749245, 46.606287207773086 ], [ -74.099341741863299, 46.606545123425981 ], [ -74.099709449354336, 46.606632320168224 ], [ -74.099460817578532, 46.607148151211703 ] ], [ [ -74.184404689694091, 46.577832816297466 ], [ -74.184037050455842, 46.577745937302993 ], [ -74.183913272825293, 46.57800398461432 ], [ -74.183545633157934, 46.577917103776784 ], [ -74.183421852388591, 46.578175150319964 ], [ -74.183054212292134, 46.578088267639366 ], [ -74.182930428383955, 46.578346313414421 ], [ -74.182562787858473, 46.578259428890696 ], [ -74.182315212409492, 46.578775518544646 ], [ -74.181947569671081, 46.578688631769538 ], [ -74.181823778130209, 46.578946675648396 ], [ -74.181456134962829, 46.57885978703014 ], [ -74.181332340283006, 46.579117830140859 ], [ -74.180964696686743, 46.579030939679456 ], [ -74.180840898867956, 46.579288982021922 ], [ -74.180473254842823, 46.579202089717342 ], [ -74.180349453885029, 46.579460131291697 ], [ -74.179981809431084, 46.579373237143962 ], [ -74.179858005334268, 46.579631277950078 ], [ -74.179490360451538, 46.579544381959117 ], [ -74.179242744624588, 46.580060461674961 ], [ -74.178875097529229, 46.579973563432532 ], [ -74.178503658272945, 46.580747679081753 ], [ -74.17887131072014, 46.580834578549066 ], [ -74.178747496708141, 46.581092616787281 ], [ -74.178991338711299, 46.581437553514604 ], [ -74.179358997437035, 46.581524450928782 ], [ -74.17923518428249, 46.581782489263723 ], [ -74.179479033421799, 46.582127424034738 ], [ -74.179231403904311, 46.582643499721698 ], [ -74.179599072477018, 46.582730395899311 ], [ -74.179351441106434, 46.58324647096331 ], [ -74.17971911460279, 46.583333366522695 ], [ -74.179595298668616, 46.583591403923144 ], [ -74.179839159799229, 46.583936335904752 ], [ -74.179715342938508, 46.584194372993764 ], [ -74.18008302449833, 46.58428126690815 ], [ -74.179587750638291, 46.58531341329865 ], [ -74.179955440690776, 46.585400307411419 ], [ -74.179336326789098, 46.586690484343755 ], [ -74.178968627814697, 46.586603588189092 ], [ -74.178720969196249, 46.587119655626019 ], [ -74.178353268008621, 46.587032757219518 ], [ -74.178105600398752, 46.587548822400045 ], [ -74.177737896997925, 46.587461921741671 ], [ -74.177366380062011, 46.588236015587974 ], [ -74.176874829188961, 46.588407142423087 ], [ -74.176627138172279, 46.58892320165112 ], [ -74.176135577449671, 46.589094324337623 ], [ -74.175516310477988, 46.590384462267352 ], [ -74.175148589730838, 46.590297552402255 ], [ -74.174777007922359, 46.591071629615683 ], [ -74.174409283177567, 46.590984717089952 ], [ -74.173294448460268, 46.593306925618215 ], [ -74.172926709010056, 46.593220007980484 ], [ -74.172678949473863, 46.593736049543914 ], [ -74.172311207810608, 46.593649129653912 ], [ -74.172063439279654, 46.594165168960465 ], [ -74.1716956954034, 46.594078246818128 ], [ -74.171571807318642, 46.594336265522962 ], [ -74.170836320066016, 46.594162416115758 ], [ -74.170712427055463, 46.594420433643357 ], [ -74.169976941659399, 46.594246577678362 ], [ -74.169853043723066, 46.594504594028805 ], [ -74.169117560183835, 46.594330731506034 ], [ -74.168993657321707, 46.594588746679293 ], [ -74.167766527260895, 46.59458595449307 ], [ -74.16764261633179, 46.594843967720415 ], [ -74.166907135651172, 46.594670088394508 ], [ -74.166783219796272, 46.59492810044452 ], [ -74.16555608103188, 46.594925279930273 ], [ -74.165432157109919, 46.595183290034235 ], [ -74.164696679289676, 46.595009393905194 ], [ -74.164572750441906, 46.595267402831688 ], [ -74.164205011782556, 46.595180452205817 ], [ -74.164081079793448, 46.59543846036356 ], [ -74.163713340706508, 46.595351507893909 ], [ -74.163221666061546, 46.595522560969407 ], [ -74.16248619110344, 46.595348648037152 ], [ -74.162362249262699, 46.595606653839859 ], [ -74.1612590416497, 46.595345772452283 ], [ -74.160767358157472, 46.59551681292718 ], [ -74.160399624573245, 46.595429847750722 ], [ -74.160523576692853, 46.595171844351931 ], [ -74.159788117164268, 46.594997910511445 ], [ -74.159664161476073, 46.595255913092636 ], [ -74.159296431963142, 46.595168943611071 ], [ -74.159048512946796, 46.595684946875664 ], [ -74.1594162460283, 46.595771917174851 ], [ -74.159292286268695, 46.596029918675804 ], [ -74.160027760071827, 46.596203855786769 ], [ -74.159903802523758, 46.596461857745304 ], [ -74.160639285324308, 46.596635789933579 ], [ -74.160515329987888, 46.596893792349768 ], [ -74.160883075208332, 46.596980756700098 ], [ -74.16051120640941, 46.597754763014699 ] ], [ [ -74.16051120640941, 46.597754763014699 ], [ -74.160019495070344, 46.597925798413819 ], [ -74.159651744069208, 46.597838830993098 ], [ -74.15952778016225, 46.598096831200181 ], [ -74.159160028733908, 46.598009861935523 ], [ -74.159283994425337, 46.597751862137294 ], [ -74.158792278662872, 46.597922891235775 ], [ -74.158424529949144, 46.597835919100952 ], [ -74.158548499209473, 46.597577920120422 ], [ -74.158180753637495, 46.597490946959418 ], [ -74.158304723324903, 46.597232948027617 ], [ -74.157569239821655, 46.59705899821811 ], [ -74.157693211720471, 46.596800999743962 ], [ -74.157325473789172, 46.596714023095466 ], [ -74.157449446114967, 46.596456024670175 ], [ -74.157081711325262, 46.596369046995513 ], [ -74.157205684078036, 46.596111048618866 ], [ -74.156837952429896, 46.596024069918066 ], [ -74.156961925609608, 46.595766071590241 ], [ -74.156594197102976, 46.595679091863275 ], [ -74.156718170709595, 46.595421093584186 ], [ -74.155982721336613, 46.595247130642989 ], [ -74.156106697154257, 46.594989132821503 ], [ -74.155371256778722, 46.594815164958106 ], [ -74.155247277392874, 46.595073161961786 ], [ -74.154879557456994, 46.594986175468776 ], [ -74.154755574929723, 46.59524417170352 ], [ -74.154263868898397, 46.595415178832354 ], [ -74.15402013556195, 46.595070193594786 ], [ -74.153284701623789, 46.59489620974626 ], [ -74.153408691287211, 46.594638215147057 ], [ -74.150467024104358, 46.593942225627202 ], [ -74.150839027763325, 46.593168249482609 ], [ -74.150471330825539, 46.593081245562367 ], [ -74.150719330044964, 46.592565260482836 ], [ -74.150351638032106, 46.592478255945636 ], [ -74.150475637389349, 46.592220263274463 ], [ -74.150107948517629, 46.592133257711303 ], [ -74.150231948301126, 46.591875265088873 ], [ -74.149864262570489, 46.591788258499804 ], [ -74.1496205801906, 46.591443258311052 ], [ -74.148885219083709, 46.591269238776661 ], [ -74.149009223286711, 46.591011247069503 ], [ -74.148273871176698, 46.5908372226137 ], [ -74.148149863406658, 46.591095213503031 ], [ -74.147782187604363, 46.591008198714015 ], [ -74.147658176693326, 46.59126618883414 ], [ -74.14802585427914, 46.591353204032117 ], [ -74.147405788278434, 46.592643151273911 ], [ -74.147038101774911, 46.592556134031206 ], [ -74.146914082718425, 46.592814121989854 ] ] ] } },
{ "type": "Feature", "properties": { "SubId": 23000242, "DowSubId": 23000246, "RivSlope": 0.010272344991449, "RivLength": 8566.6904755809992, "BasSlope": 26.096923737572148, "BasAspect": 164.65330773909787, "BasArea": 20439900.0, "BkfWidth": 14.644112875499999, "BkfDepth": 0.41339203718899997, "Lake_Cat": 0.0, "HyLakeId": 0, "LakeVol": 0.0, "LakeDepth": 0.0, "LakeArea": 0.0, "Laketype": 0.0, "Has_POI": 0, "MeanElev": 1448.1048956387515, "FloodP_n": 0.096463527319365999, "Q_Mean": 3.735882963663713, "Ch_n": 0.065677980067114006, "DrainArea": 72252900.0, "Strahler": 1.0, "Seg_ID": 12.0, "Seg_order": 2.0, "Max_DEM": 1173.0, "Min_DEM": 1132.0, "Obs_NM": "<NA>", "SRC_obs": "<NA>", "centroid_x": -74.425297003667481, "centroid_y": 46.647032774762629, "DA_Chn_L": 19181.0259711, "DA_Slope": 12.272484862200001, "DA_Chn_Slp": 0.0089671949904900003, "outletLat": 46.65983178, "outletLng": -74.40155763, "k": 0.065354302525499994, "c": 0.96908402442899999, "SSDA_NM": "02_02", "SDA_NM": "02N", "rvhName": "sub23000242" }, "geometry": { "type": "MultiLineString", "coordinates": [ [ [ -74.403155458450939, 46.660778409981333 ], [ -74.402909563928958, 46.660434128081455 ], [ -74.403032357076384, 46.660175862681577 ], [ -74.401557628878436, 46.659831784104263 ], [ -74.401434828535059, 46.660090047881347 ] ], [ [ -74.416175483750152, 46.651478328871647 ], [ -74.416052785418088, 46.651736617813825 ], [ -74.415684143664691, 46.651650648219778 ], [ -74.415561442187055, 46.651908936400048 ], [ -74.414824159122674, 46.651736992082661 ], [ -74.414332811389613, 46.651909304372261 ], [ -74.415070095358246, 46.652081252379404 ], [ -74.414947389388246, 46.652339539441144 ], [ -74.414578744931674, 46.65225356575192 ], [ -74.414456035815988, 46.652511852051703 ], [ -74.414824682071469, 46.652597826146348 ], [ -74.414701973407887, 46.652856112494923 ], [ -74.414333325353496, 46.652770137994899 ], [ -74.413719752838091, 46.654061562362322 ], [ -74.412982442780532, 46.653889604989459 ], [ -74.412859720638778, 46.654147887982404 ], [ -74.412491065831503, 46.654061906731187 ], [ -74.412368340543793, 46.654320188962082 ], [ -74.411631031372451, 46.654148221330196 ], [ -74.411753760257994, 46.653889939910222 ], [ -74.411385109491789, 46.653803954340447 ], [ -74.411262378807351, 46.654062235354942 ], [ -74.410525077718376, 46.653890259085884 ], [ -74.410156866789208, 46.654665097556858 ], [ -74.409419560295575, 46.654493113096798 ], [ -74.40929681702714, 46.654751391062895 ], [ -74.408928164002262, 46.654665396268086 ], [ -74.408805417587743, 46.654923673472112 ], [ -74.409174072411474, 46.655009668672406 ], [ -74.408805830480972, 46.655784499361147 ], [ -74.407699853861757, 46.655526505791876 ], [ -74.407454341711542, 46.656043055368016 ], [ -74.407085681935413, 46.655957053821432 ], [ -74.406840160797856, 46.656473601159966 ], [ -74.405734178760895, 46.656215585449722 ], [ -74.405488641440286, 46.656732128928212 ], [ -74.405857304369505, 46.656818136415637 ], [ -74.405611765256538, 46.657334679278726 ], [ -74.405980433131091, 46.657420686137804 ], [ -74.405734892225738, 46.657937228385514 ], [ -74.406103565045768, 46.658023234616259 ], [ -74.405735248977749, 46.658798046529796 ], [ -74.405366570760734, 46.658712039082253 ], [ -74.405121016379169, 46.659228577763542 ], [ -74.405489698194231, 46.659314586022347 ], [ -74.405121361911299, 46.660089392586421 ], [ -74.404752674699012, 46.660003383110677 ], [ -74.404261533590088, 46.661036451913979 ], [ -74.404015629627253, 46.660692173115841 ], [ -74.404138417377482, 46.660433906499037 ], [ -74.403769729262606, 46.660347893332791 ], [ -74.403524148816118, 46.660864425398536 ], [ -74.403155458450939, 46.660778409981333 ] ], [ [ -74.448365760977367, 46.651807205832249 ], [ -74.447997059691772, 46.651721360508894 ], [ -74.447629482690232, 46.652496347788954 ], [ -74.447260777349044, 46.652410499811182 ], [ -74.447015715689091, 46.652927155407298 ], [ -74.446647008092526, 46.652841305179749 ], [ -74.446524473444697, 46.653099632038703 ], [ -74.44615576539303, 46.653013779966336 ], [ -74.446278301841062, 46.652755453512341 ], [ -74.445540893373519, 46.65258374585769 ], [ -74.445049649308928, 46.652756215109882 ], [ -74.444680946637931, 46.652670357277941 ], [ -74.444558401644073, 46.652928681756123 ], [ -74.444067150378913, 46.65310114579642 ], [ -74.44394460089444, 46.653359469157301 ], [ -74.443575895513519, 46.653273607230773 ], [ -74.443330788908398, 46.653790252074003 ], [ -74.442962081272512, 46.653704387897662 ], [ -74.442839524151822, 46.653962709380004 ], [ -74.442470816061174, 46.653876843358809 ], [ -74.442348255794954, 46.654135164079953 ], [ -74.441979547249559, 46.654049296213955 ], [ -74.441489285529727, 46.65508257391636 ], [ -74.441858001275733, 46.655168443402374 ], [ -74.441490296258706, 46.655943399153806 ], [ -74.44075285531099, 46.655771656311941 ], [ -74.440507704704245, 46.656288290078393 ], [ -74.439770261938122, 46.656116539856747 ], [ -74.439525098747964, 46.656633170578118 ], [ -74.439893823058625, 46.656719047218992 ], [ -74.439771241245239, 46.656977362450334 ], [ -74.438665066949724, 46.656719726992833 ], [ -74.438542478389934, 46.656978040652866 ], [ -74.438173754516072, 46.656892158882073 ], [ -74.437805975361314, 46.657667096509314 ], [ -74.437437247432655, 46.657581212083379 ], [ -74.437559843630282, 46.657322900302333 ], [ -74.437191118847679, 46.657237014841549 ], [ -74.437068520849877, 46.6574953262175 ], [ -74.436699795612981, 46.657409438911763 ], [ -74.436822395410957, 46.657151127940899 ], [ -74.436453673320102, 46.657065239600271 ], [ -74.436576273572328, 46.656806928678179 ], [ -74.436207554627487, 46.656721039302816 ], [ -74.436330155333934, 46.656462728429581 ], [ -74.435961439535035, 46.656376838019355 ], [ -74.435838837028513, 46.656635148487482 ], [ -74.434732692307108, 46.656377467402294 ], [ -74.434610083054551, 46.656635776298856 ], [ -74.434241369039285, 46.656549879318916 ], [ -74.434118756640743, 46.656808187454033 ], [ -74.433750042171468, 46.656722288629069 ], [ -74.433995269222549, 46.65620567281281 ], [ -74.433257851521901, 46.656033872463937 ], [ -74.433135235069457, 46.656292179739928 ], [ -74.433503945046724, 46.656378081039477 ], [ -74.433258711703658, 46.656894695332817 ], [ -74.432767377635884, 46.657067099430094 ], [ -74.432029950919826, 46.656895290080548 ], [ -74.432152575010321, 46.656636984683821 ], [ -74.430309040776947, 46.65620743813875 ], [ -74.430186407687088, 46.656465741509606 ], [ -74.428957658066196, 46.656466296888063 ], [ -74.428835016884449, 46.656724598330591 ], [ -74.428466312715557, 46.656638679167081 ], [ -74.42858895569708, 46.656380378129725 ], [ -74.428220254674244, 46.656294457931665 ], [ -74.428097609892987, 46.656552758563755 ], [ -74.427360208286757, 46.656380913037786 ], [ -74.427237558559696, 46.656639212503059 ], [ -74.426868857976388, 46.6565532871751 ], [ -74.426746205103228, 46.6568115858787 ], [ -74.428221022713615, 46.657155280172525 ], [ -74.428098375693139, 46.657413580140805 ], [ -74.427729667471198, 46.657327658321798 ], [ -74.427607017304538, 46.657585957528333 ], [ -74.42686960130024, 46.657414108760392 ], [ -74.426992255066452, 46.657155810364337 ], [ -74.426623550883676, 46.657069884225947 ], [ -74.426500895317716, 46.65732818221678 ], [ -74.425763487392004, 46.657156324810067 ], [ -74.425518165021757, 46.657672918101433 ], [ -74.425149459479201, 46.657586986427852 ], [ -74.424781460425649, 46.658361872476085 ], [ -74.424290079986335, 46.658534232378074 ], [ -74.424167407795622, 46.658792526252967 ], [ -74.42342998544612, 46.65862065165382 ], [ -74.423307308309234, 46.658878944361625 ], [ -74.422938597354772, 46.658793004497063 ], [ -74.42281591707146, 46.659051296443039 ], [ -74.422447205664, 46.658965354733404 ], [ -74.422201837457649, 46.659481936745486 ], [ -74.421833123797512, 46.659395992785242 ], [ -74.421710435874417, 46.659654282851328 ], [ -74.420973008995205, 46.659482389800829 ], [ -74.421341079522193, 46.658707520965585 ], [ -74.421709786889352, 46.658793466994616 ], [ -74.421832472571751, 46.6585351762646 ], [ -74.421586453139525, 46.658190939959795 ], [ -74.421709137928033, 46.657932648922291 ], [ -74.420234343522537, 46.657588855272913 ], [ -74.420357034162535, 46.657330565500317 ], [ -74.419988340727599, 46.657244613893987 ], [ -74.420356409965436, 46.656469743653538 ], [ -74.419619037932577, 46.656297838553982 ], [ -74.419741728583858, 46.656039548571563 ], [ -74.419373046386937, 46.655953594267572 ], [ -74.419618427248025, 46.655437014044004 ], [ -74.419987105846246, 46.655522967537308 ], [ -74.420232477721896, 46.655006385077094 ], [ -74.419126456763152, 46.654748522710435 ], [ -74.419494520670213, 46.653973649994505 ], [ -74.419125855108305, 46.653887694208969 ], [ -74.419248542183254, 46.653629402996017 ], [ -74.418879879767175, 46.653543446176293 ], [ -74.419493303938594, 46.652251986790347 ], [ -74.419124651864692, 46.652166030557638 ], [ -74.419247334458362, 46.651907738016185 ], [ -74.418510037948224, 46.651735822042689 ], [ -74.418387351756508, 46.651994113773462 ], [ -74.417896014384937, 46.652166444190975 ], [ -74.418018703722254, 46.651908153222003 ], [ -74.417650057034606, 46.651822191231076 ], [ -74.41752736589828, 46.652080481794648 ], [ -74.417158718758273, 46.651994517958748 ], [ -74.417281411693551, 46.651736227800477 ], [ -74.416912767699117, 46.651650262930453 ], [ -74.416790072964886, 46.651908552683309 ], [ -74.416421428518134, 46.65182258596834 ], [ -74.416175483750152, 46.651478328871647 ] ] ] } },
{ "type": "Feature", "properties": { "SubId": 23000243, "DowSubId": 23000259, "RivSlope": 0.023015746005703001, "RivLength": 13751.909088586999, "BasSlope": 28.227925101874639, "BasAspect": 178.20847170175304, "BasArea": 29080800.0, "BkfWidth": 35.672609855300003, "BkfDepth": 0.70528589216100002, "Lake_Cat": 0.0, "HyLakeId": 0, "LakeVol": 0.0, "LakeDepth": 0.0, "LakeArea": 0.0, "Laketype": 0.0, "Has_POI": 0, "MeanElev": 1425.3198591482012, "FloodP_n": 0.1, "Q_Mean": 23.960012910113011, "Ch_n": 0.083691026910218999, "DrainArea": 453806099.99999988, "Strahler": 3.0, "Seg_ID": 105.0, "Seg_order": 1.0, "Max_DEM": 1141.0, "Min_DEM": 1040.0, "Obs_NM": "<NA>", "SRC_obs": "<NA>", "centroid_x": -74.284291205027571, "centroid_y": 46.621352144399516, "DA_Chn_L": 53844.915575, "DA_Slope": 4.9235268139199997, "DA_Chn_Slp": 0.0123131403016, "outletLat": 46.61924831, "outletLng": -74.23211079, "k": 0.065354302525499994, "c": 0.96908402442899999, "SSDA_NM": "02_02", "SDA_NM": "02N", "rvhName": "sub23000243" }, "geometry": { "type": "MultiLineString", "coordinates": [ [ [ -74.291545972751422, 46.61398774620875 ], [ -74.291301138577623, 46.613643130345544 ], [ -74.290933023246026, 46.613556671375093 ], [ -74.291056307985812, 46.613298513500787 ], [ -74.289951975470956, 46.613039129187769 ], [ -74.289828685358401, 46.613297285841284 ], [ -74.289460575431633, 46.613210821122593 ], [ -74.289090691613779, 46.613985287712239 ], [ -74.288722577665567, 46.613898820335656 ], [ -74.288475978115329, 46.614415128789702 ], [ -74.287739747109285, 46.614242188097407 ], [ -74.287616441725291, 46.614500340972938 ], [ -74.286880212543068, 46.614327393718511 ], [ -74.286388787871061, 46.614499069231933 ], [ -74.286020674867729, 46.614412591605124 ], [ -74.285897359617351, 46.614670742135871 ], [ -74.285529246174676, 46.614584262664998 ], [ -74.285405927781952, 46.614842412430285 ], [ -74.285037813899976, 46.614755931115376 ], [ -74.284914492364862, 46.615014080115344 ], [ -74.284546378043643, 46.614927596956335 ], [ -74.284423053366112, 46.615185745190786 ], [ -74.284054938605678, 46.615099260187733 ], [ -74.2839316107857, 46.615357407656745 ], [ -74.283563495586094, 46.615270920809628 ], [ -74.283440164623642, 46.615529067513123 ], [ -74.28307204898492, 46.615442578821948 ], [ -74.282702042614829, 46.616217015560814 ], [ -74.281965804647754, 46.616044031424813 ], [ -74.2818424629059, 46.616302175473358 ], [ -74.281106226764479, 46.616129184775112 ], [ -74.280982880089212, 46.616387327651033 ], [ -74.280246645773687, 46.616214330390527 ], [ -74.280123294165008, 46.616472472093776 ], [ -74.279755177244368, 46.616385970900801 ], [ -74.279631822493016, 46.616644111838461 ], [ -74.279263705133587, 46.616557608801415 ], [ -74.278772229441344, 46.616729244092284 ], [ -74.278035997901043, 46.616556230018844 ], [ -74.277912633282853, 46.616814368610946 ], [ -74.275703960367679, 46.616295289460027 ], [ -74.275827335729574, 46.616037153310948 ], [ -74.275335852947578, 46.616208771238846 ], [ -74.274967746879668, 46.616122251580656 ], [ -74.274844366584517, 46.616380386556813 ], [ -74.274352876640378, 46.616551999264928 ], [ -74.274229491850249, 46.616810133116765 ], [ -74.273246494933204, 46.617153349171694 ], [ -74.27287838532169, 46.617066821729665 ], [ -74.272754991103085, 46.617324953284161 ], [ -74.272386881053421, 46.617238423997946 ], [ -74.272263483691944, 46.617496554786726 ], [ -74.27152726406878, 46.617323491088868 ], [ -74.271403861773905, 46.61758162070452 ], [ -74.27103575220049, 46.617495086292941 ], [ -74.270912346762671, 46.617753215142756 ], [ -74.270176128092373, 46.617580141194239 ], [ -74.270052717721128, 46.617838268870905 ], [ -74.269684608624317, 46.617751729333953 ], [ -74.2695611951101, 46.618009856244718 ], [ -74.268824977393322, 46.617836772045436 ], [ -74.268333450325784, 46.618008353120665 ], [ -74.266492927516296, 46.6175756082554 ], [ -74.266369496973837, 46.617833731190302 ], [ -74.264160903500809, 46.617314387490865 ], [ -74.263669364896614, 46.617485944903308 ], [ -74.262565085111206, 46.617226248123515 ], [ -74.262441633961089, 46.61748436626722 ], [ -74.262073541614981, 46.617397797392911 ], [ -74.261950087321821, 46.617655914770509 ], [ -74.26158199453856, 46.617569344051915 ], [ -74.261458537102328, 46.617827460663449 ], [ -74.260722352014596, 46.617654314100953 ], [ -74.260598889645195, 46.617912429538947 ], [ -74.260230797340796, 46.617825853694974 ], [ -74.260107331828294, 46.618083968366818 ], [ -74.259739239086912, 46.617997390678575 ], [ -74.259615770431239, 46.618255504584262 ], [ -74.259247677252901, 46.618168925051776 ], [ -74.259000732302056, 46.618685150972055 ], [ -74.258632636896778, 46.618598569187817 ], [ -74.258385682953048, 46.619114792858312 ], [ -74.25764948904191, 46.618941623349329 ], [ -74.257404877134803, 46.618596926006262 ], [ -74.256668694923277, 46.618423748691519 ], [ -74.256545208324724, 46.618681858309877 ], [ -74.255809027946441, 46.618508674432995 ], [ -74.255564431755673, 46.618163971943694 ], [ -74.255196346739766, 46.618077376820878 ], [ -74.255072852981527, 46.618335484808995 ], [ -74.25360051929222, 46.617989088320108 ], [ -74.253724020209802, 46.617730981962197 ], [ -74.253355941960777, 46.617644379655722 ], [ -74.253111368208863, 46.617299670010922 ], [ -74.251639081319709, 46.616953242301356 ], [ -74.251762590268697, 46.616695137671435 ], [ -74.251394523719682, 46.616608527559912 ], [ -74.250902945995904, 46.616780019826535 ], [ -74.24906263137288, 46.616346938497792 ], [ -74.248939108543411, 46.616605039915733 ], [ -74.247466874051412, 46.616258547362747 ], [ -74.247343342710451, 46.616516646791283 ], [ -74.24587112271935, 46.616170129621928 ], [ -74.245747582867111, 46.616428227060922 ], [ -74.245379529464287, 46.61634159376942 ], [ -74.245255986468948, 46.616599690441852 ], [ -74.243415730815158, 46.616166500397135 ], [ -74.243292177519464, 46.616424594672175 ], [ -74.242556081156422, 46.616251307782903 ], [ -74.24243252292834, 46.616509400883579 ], [ -74.242064474988453, 46.616422754876382 ], [ -74.241940913617213, 46.616680847210446 ], [ -74.241572865242077, 46.616594199358929 ], [ -74.241202167636658, 46.617368472984339 ], [ -74.240834115247864, 46.617281822473046 ], [ -74.241078599060117, 46.617626563475028 ], [ -74.240710544882063, 46.61753991255587 ], [ -74.240586973162195, 46.61779800227982 ], [ -74.240218918548976, 46.617711349516426 ], [ -74.240095343685738, 46.617969438473615 ], [ -74.239603710630774, 46.618140872056358 ], [ -74.239235655147354, 46.618054215604246 ], [ -74.239112073997291, 46.618312303027999 ], [ -74.237639858449029, 46.617965661222684 ], [ -74.237763446755849, 46.617707575430181 ], [ -74.23739539804356, 46.617620911795314 ], [ -74.237518986785247, 46.617362826051647 ], [ -74.237150941216342, 46.617276161388126 ], [ -74.237274530392867, 46.617018075693359 ], [ -74.236906487967289, 46.616931410001087 ], [ -74.236414854141316, 46.617102827751495 ], [ -74.235678772483453, 46.616929488368832 ], [ -74.235555174796474, 46.617187572073334 ], [ -74.234451057100188, 46.616927551002199 ], [ -74.234080239812101, 46.617701796290895 ], [ -74.233712197921889, 46.617615118503977 ], [ -74.233588587661345, 46.617873199140959 ], [ -74.233956631340547, 46.61795987733575 ], [ -74.233709410333987, 46.618476038348518 ], [ -74.23407745894572, 46.618562715922636 ], [ -74.234321899955049, 46.618907472843937 ], [ -74.234445508911961, 46.618649392060298 ], [ -74.234813560232681, 46.618736066761407 ], [ -74.234689953064873, 46.618994147952939 ], [ -74.235058007529176, 46.619080821625424 ], [ -74.234439960318099, 46.620371224237815 ], [ -74.233948281612896, 46.620542627563495 ], [ -74.233580217768207, 46.62045595000712 ], [ -74.233703834852477, 46.62019787137735 ], [ -74.233335774151584, 46.620111192792322 ], [ -74.23345939167038, 46.61985311421153 ], [ -74.233091334113226, 46.619766434597913 ], [ -74.233214952066533, 46.619508356066056 ], [ -74.232110792890069, 46.619248309829729 ], [ -74.231866366295392, 46.618903547618771 ] ], [ [ -74.291287257620354, 46.620530519757985 ], [ -74.290550920707375, 46.620357603840418 ], [ -74.290674225341704, 46.620099451717074 ], [ -74.29030606070404, 46.620012992009471 ], [ -74.291292463455022, 46.617947765380066 ], [ -74.29104761055342, 46.617603152957017 ], [ -74.291910645090283, 46.615796061185534 ], [ -74.293016756619991, 46.615194493296819 ], [ -74.292280496765358, 46.615021587908736 ], [ -74.292403777954632, 46.614763429433182 ], [ -74.291667527086972, 46.614590519110401 ], [ -74.291790810507251, 46.614332361090362 ], [ -74.291545972751422, 46.61398774620875 ] ], [ [ -74.30379526424916, 46.629495508362034 ], [ -74.303058741245664, 46.629322693221404 ], [ -74.302935480352474, 46.629580854149808 ], [ -74.302567219085219, 46.629494444016188 ], [ -74.302075693339475, 46.62966619220137 ], [ -74.301339173977198, 46.629493363932227 ], [ -74.301462443392381, 46.629235204989634 ], [ -74.300725933021383, 46.629062371783945 ], [ -74.300849204670158, 46.628804213297151 ], [ -74.300480953304501, 46.628717794944905 ], [ -74.300604225394252, 46.628459636506932 ], [ -74.300235977172619, 46.628373217124036 ], [ -74.30035924970332, 46.628115058734849 ], [ -74.299991004625667, 46.628028638321382 ], [ -74.300114277597302, 46.627770479981024 ], [ -74.299746035663588, 46.627684058537 ], [ -74.299869309076115, 46.627425900245406 ], [ -74.299501070286311, 46.627339477770803 ], [ -74.299624344139673, 46.62708131952806 ], [ -74.298887874199295, 46.626908471080142 ], [ -74.299011150285807, 46.626650313293098 ], [ -74.298642919135176, 46.626563887319897 ], [ -74.298766195662466, 46.626305729581652 ], [ -74.298397967655589, 46.62621930257788 ] ], [ [ -74.32331509315739, 46.634073014092699 ], [ -74.322333262158821, 46.633555835394063 ], [ -74.322086928217672, 46.634072199914755 ], [ -74.32171859669397, 46.6339858645457 ], [ -74.321595425903581, 46.634244045862687 ], [ -74.321227093936841, 46.634157708648985 ], [ -74.321103920001946, 46.634415889201406 ], [ -74.320367256533231, 46.63424320964689 ], [ -74.3204904340556, 46.633985029907805 ], [ -74.320122106141142, 46.633898688380334 ], [ -74.320245284106434, 46.633640508690121 ], [ -74.319876959336426, 46.633554166131397 ], [ -74.320368460720942, 46.633382328642014 ], [ -74.320737982460074, 46.632607786350761 ], [ -74.318159787656981, 46.632003369631178 ], [ -74.317914665076543, 46.631658840408058 ], [ -74.318161032143877, 46.631142482882424 ], [ -74.317915914035567, 46.630797952774643 ], [ -74.318162276585255, 46.630281593915008 ], [ -74.317793981906803, 46.630195242482415 ], [ -74.317917162948916, 46.629937062922451 ], [ -74.317548871414459, 46.629850710458697 ], [ -74.317672052899184, 46.629592530947498 ], [ -74.317303764508694, 46.62950617745264 ], [ -74.317180581230716, 46.629764356557132 ], [ -74.316812292397671, 46.629678001217819 ], [ -74.31656591820304, 46.630194357539629 ], [ -74.316197627134244, 46.630107999949111 ], [ -74.315828050331689, 46.630882530527387 ], [ -74.315336558471444, 46.631054346015695 ], [ -74.315213360358101, 46.631312521394641 ], [ -74.314845063024663, 46.631226158894854 ], [ -74.314721861767111, 46.631484333509079 ], [ -74.314353563991318, 46.631397969164809 ], [ -74.314230359589544, 46.631656143014368 ], [ -74.313862061371438, 46.631569776825515 ], [ -74.313738853825413, 46.631827949910395 ], [ -74.313370555165051, 46.631741581876959 ], [ -74.313247344474746, 46.631999754197132 ], [ -74.31275583153753, 46.632171555874557 ], [ -74.312387531992769, 46.632085184151983 ], [ -74.312141096683717, 46.632601525375321 ], [ -74.311404494474559, 46.632428775989588 ], [ -74.311281271206838, 46.632686945250747 ], [ -74.310912970335792, 46.632600567994324 ], [ -74.310421442610561, 46.63277235738974 ], [ -74.309684844038202, 46.632599594874378 ], [ -74.309561610895187, 46.632857761792295 ], [ -74.306983545906093, 46.632253044851154 ], [ -74.306492007473963, 46.632424814270657 ], [ -74.305387141424617, 46.632165622767445 ], [ -74.305263885855013, 46.632423784493611 ], [ -74.304527311660266, 46.63225098215576 ], [ -74.304280789294651, 46.632767302906267 ], [ -74.303912500638674, 46.632680898766928 ], [ -74.302929388851922, 46.633024403051799 ], [ -74.302561100664946, 46.632937993785482 ], [ -74.30268437239846, 46.63267983593316 ], [ -74.3019478036653, 46.632507013901332 ], [ -74.301702797086676, 46.632162443739418 ], [ -74.301334517892116, 46.632076029536329 ], [ -74.301457794093679, 46.631817872595683 ], [ -74.301089518043568, 46.631731457361873 ], [ -74.301336069977211, 46.631215143220324 ], [ -74.300967798864278, 46.631128727362828 ], [ -74.301091074596329, 46.630870570161846 ], [ -74.301459343916576, 46.63095698561245 ], [ -74.301705887740439, 46.630440669322333 ], [ -74.302074154826869, 46.630527082521247 ], [ -74.303425488271358, 46.630269992514535 ], [ -74.303793757178411, 46.630356399149136 ] ], [ [ -74.303793757178411, 46.630356399149136 ], [ -74.304162027436945, 46.630442804346153 ], [ -74.304285283862143, 46.630184642506229 ], [ -74.305021824847913, 46.630357447773392 ], [ -74.305145076336132, 46.630099284761584 ], [ -74.305513347063297, 46.630185684831837 ], [ -74.305268326472969, 46.629841121391806 ], [ -74.30379526424916, 46.629495508362034 ] ], [ [ -74.298397967655589, 46.62621930257788 ], [ -74.298029741000221, 46.62613287413658 ], [ -74.298153019760463, 46.625874716854121 ], [ -74.297784796248806, 46.625788287382335 ], [ -74.297908075449726, 46.625530130148654 ], [ -74.297539855081737, 46.625443699646361 ], [ -74.297663134723294, 46.625185542461445 ], [ -74.296558487104789, 46.62492624355086 ], [ -74.296066987125101, 46.625097963262924 ], [ -74.293857725737539, 46.624579315565292 ], [ -74.293981023299295, 46.624321162450137 ], [ -74.293244617233668, 46.624148269199196 ], [ -74.293367917027552, 46.623890116539805 ], [ -74.292631519952266, 46.623717218353413 ], [ -74.292386627259788, 46.623372615307588 ], [ -74.292018433893105, 46.623286163028062 ], [ -74.29214173815086, 46.623028011280219 ], [ -74.291773547927576, 46.622941557970364 ], [ -74.292020155971557, 46.622425254213908 ], [ -74.291775274469515, 46.622080648272203 ], [ -74.292021877987054, 46.621564343180161 ], [ -74.291653699425368, 46.621477889030771 ], [ -74.291777000948358, 46.621219736354355 ], [ -74.291532127492815, 46.620875128546977 ], [ -74.291163955217442, 46.620788672337 ], [ -74.291287257620354, 46.620530519757985 ] ] ] } },
{ "type": "Feature", "properties": { "SubId": 23000244, "DowSubId": 23000259, "RivSlope": 0.0055555555555600001, "RivLength": 540.0, "BasSlope": 54.278584335200001, "BasAspect": 160.65319169099999, "BasArea": 62100.0, "BkfWidth": 15.048800587300001, "BkfDepth": 0.42020904728399999, "Lake_Cat": 0.0, "HyLakeId": 0, "LakeVol": 0.0, "LakeDepth": 0.0, "LakeArea": 0.0, "Laketype": 0.0, "Has_POI": 0, "MeanElev": 1303.32237708, "FloodP_n": 0.1, "Q_Mean": 4.3685647977600004, "Ch_n": 0.054523245646299998, "DrainArea": 76434299.999999702, "Strahler": 2.0, "Seg_ID": 59.0, "Seg_order": 1.0, "Max_DEM": 1128.0, "Min_DEM": 1125.0, "Obs_NM": "<NA>", "SRC_obs": "<NA>", "centroid_x": -74.231430155851967, "centroid_y": 46.621152471417098, "DA_Chn_L": 20544.7012947, "DA_Slope": 13.0487198791, "DA_Chn_Slp": 0.011487146812899999, "outletLat": 46.61916162, "outletLng": -74.23174274, "k": 0.065354302525499994, "c": 0.96908402442899999, "SSDA_NM": "02_02", "SDA_NM": "02N", "rvhName": "sub23000244" }, "geometry": { "type": "LineString", "coordinates": [ [ -74.231363371333686, 46.622518589216703 ], [ -74.231487005978252, 46.622260515041845 ], [ -74.231855080072478, 46.622347200171511 ], [ -74.23197871157295, 46.622089125229635 ], [ -74.231610639267956, 46.622002440507906 ], [ -74.231734271202839, 46.621744365615001 ], [ -74.231366202041883, 46.621657679864732 ], [ -74.231489834411136, 46.621399605020784 ], [ -74.231121768394161, 46.621312918241941 ], [ -74.231245401197782, 46.621054843446935 ], [ -74.230877338324731, 46.620968155639524 ], [ -74.231866366295392, 46.618903547618771 ] ] } },
{ "type": "Feature", "properties": { "SubId": 23000245, "DowSubId": 23000253, "RivSlope": 0.0068982283161600003, "RivLength": 10292.49783362, "BasSlope": 31.19785494377567, "BasAspect": 170.03608635262046, "BasArea": 23443200.0, "BkfWidth": 23.560260128500001, "BkfDepth": 0.54988555968899999, "Lake_Cat": 0.0, "HyLakeId": 0, "LakeVol": 0.0, "LakeDepth": 0.0, "LakeArea": 0.0, "Laketype": 0.0, "Has_POI": 0, "MeanElev": 1425.2156039732461, "FloodP_n": 0.095146522005141995, "Q_Mean": 10.435465553442999, "Ch_n": 0.059872973121796, "DrainArea": 192781799.99999988, "Strahler": 2.0, "Seg_ID": 103.0, "Seg_order": 1.0, "Max_DEM": 1152.0, "Min_DEM": 1116.0, "Obs_NM": "<NA>", "SRC_obs": "<NA>", "centroid_x": -74.327916365467445, "centroid_y": 46.674495462784897, "DA_Chn_L": 38680.874451999996, "DA_Slope": 8.2448939943799999, "DA_Chn_Slp": 0.0088157262427699997, "outletLat": 46.64044597, "outletLng": -74.32723724, "k": 0.065354302525499994, "c": 0.96908402442899999, "SSDA_NM": "02_02", "SDA_NM": "02N", "rvhName": "sub23000245" }, "geometry": { "type": "MultiLineString", "coordinates": [ [ [ -74.32900910800663, 46.69855035809087 ], [ -74.329377958707255, 46.698636648783932 ], [ -74.329501255453067, 46.698378507155397 ], [ -74.329132406551423, 46.698292216869696 ], [ -74.329502294061825, 46.697517791062552 ], [ -74.328764611114153, 46.697345208616198 ], [ -74.329134497232303, 46.696570782037249 ], [ -74.329503332632555, 46.696657072758335 ], [ -74.329626623498584, 46.696398929443447 ], [ -74.330118746167159, 46.696227074238259 ], [ -74.330487580677442, 46.696313361265553 ], [ -74.331103989942704, 46.695022633472853 ], [ -74.330858444017124, 46.694678202258736 ], [ -74.330981722254023, 46.694420055678322 ], [ -74.330612901689094, 46.694333770062308 ], [ -74.330859457699262, 46.693817476644142 ], [ -74.331351548842633, 46.693645613793414 ], [ -74.331721363248619, 46.692871168692911 ], [ -74.331475824035991, 46.692526736846048 ], [ -74.331599093242602, 46.692268587814532 ], [ -74.330123882076009, 46.691923443986589 ], [ -74.330247157123296, 46.691665296226695 ], [ -74.329878359514097, 46.691579007078211 ], [ -74.329632840549152, 46.691234569187486 ], [ -74.329756116486266, 46.690976421527324 ], [ -74.329387325181102, 46.690890130314358 ], [ -74.329510601563072, 46.690631982704168 ], [ -74.328773026610264, 46.690459396774358 ], [ -74.328896305235403, 46.690201249621268 ], [ -74.328527521587702, 46.690114954904445 ], [ -74.32828202016178, 46.689770512052256 ], [ -74.327544463230836, 46.689597916235961 ], [ -74.32828414159458, 46.68804903344251 ], [ -74.327915375948592, 46.687962735818623 ], [ -74.328038652736751, 46.687704587842795 ], [ -74.327055650142924, 46.687187540445279 ], [ -74.327672033985763, 46.685896799526894 ], [ -74.327303286339799, 46.685810498996155 ], [ -74.32767310579861, 46.68503605137807 ], [ -74.328041848050788, 46.685122350687244 ], [ -74.327796376244862, 46.684777901457217 ], [ -74.328412708177027, 46.683487146492318 ], [ -74.32804397806521, 46.683400848186857 ], [ -74.328290504961103, 46.682884544513406 ], [ -74.327921779798018, 46.682798245583079 ], [ -74.328045043013944, 46.682540093617405 ], [ -74.327307600342763, 46.682367492253313 ], [ -74.327554129905863, 46.681851188878397 ] ], [ [ -74.327554129905863, 46.681851188878397 ], [ -74.327677392657691, 46.681593036654775 ], [ -74.328046107923711, 46.681679336834975 ], [ -74.328169367524765, 46.681421183846815 ], [ -74.328906798520777, 46.681593779075378 ], [ -74.328783542515055, 46.68185193287777 ], [ -74.329767485986295, 46.681508213572975 ], [ -74.330136204422246, 46.681594505742865 ], [ -74.330259452328804, 46.681336350004329 ], [ -74.330751415075866, 46.68116448382483 ], [ -74.330874658478791, 46.680906326964418 ], [ -74.331243374227498, 46.68099261503459 ], [ -74.331366614479776, 46.680734457409699 ], [ -74.331858566885344, 46.680562585244246 ], [ -74.331489853379196, 46.680476299427454 ], [ -74.331613090925742, 46.680218141087821 ], [ -74.332105037030217, 46.680046267393465 ], [ -74.332228270073429, 46.679788107932012 ], [ -74.332596979539304, 46.679874391088426 ], [ -74.332966665159375, 46.679099909338781 ], [ -74.332597961086492, 46.679013627403506 ], [ -74.333089890993975, 46.678841748040803 ], [ -74.333827299602476, 46.67901430677972 ], [ -74.333950520489068, 46.678756144310377 ], [ -74.334319225024615, 46.67884242111397 ], [ -74.334442442760917, 46.678584257880232 ], [ -74.334811146851379, 46.67867053283765 ], [ -74.335303065082769, 46.678498641950775 ], [ -74.335549486601835, 46.677982312068622 ], [ -74.335918188004328, 46.678068582926663 ], [ -74.33616460051806, 46.677552250801192 ], [ -74.336656502108198, 46.677380352400391 ], [ -74.336779703186323, 46.677122185037362 ], [ -74.336042313410189, 46.676949648016141 ], [ -74.336165516731185, 46.676691481109629 ], [ -74.33579682566932, 46.676605210847192 ], [ -74.336043231849317, 46.676088876776049 ], [ -74.33567454573496, 46.676002605888357 ], [ -74.336166432910773, 46.675830709204448 ], [ -74.33653602798114, 46.675056204345509 ], [ -74.337027902112453, 46.674884302758379 ], [ -74.337396581943793, 46.674970568733187 ], [ -74.337519772648776, 46.674712398560928 ], [ -74.337888452034804, 46.674798662689653 ], [ -74.338011639590093, 46.674540491753234 ], [ -74.338380318530781, 46.674626754035877 ], [ -74.338996227037597, 46.673335891959177 ], [ -74.33936489834295, 46.673422150768289 ], [ -74.340103933149265, 46.671873102043008 ], [ -74.340472595021978, 46.671959356972032 ], [ -74.340965250665036, 46.670926649047864 ], [ -74.339982456593972, 46.670409708171611 ], [ -74.340105621165279, 46.6701515311603 ], [ -74.33973697413208, 46.670065274354954 ], [ -74.340106465126951, 46.669290742397479 ], [ -74.341335549676515, 46.669291325580801 ], [ -74.342197600818821, 46.667484060795644 ], [ -74.341828970851324, 46.667397811342916 ], [ -74.341952117405313, 46.667139629636722 ], [ -74.341583490586459, 46.667053379151774 ], [ -74.342199212069076, 46.665762467294179 ], [ -74.341830595586941, 46.665676217403863 ], [ -74.342076878313733, 46.665159850972778 ], [ -74.342568628741191, 46.664987915891373 ], [ -74.342937241183776, 46.665074163122569 ], [ -74.343552899625394, 46.663783234937398 ], [ -74.343307425598866, 46.663438803437195 ], [ -74.342938825289096, 46.663352557207212 ], [ -74.343061955166093, 46.663094370954134 ], [ -74.342693358004425, 46.663008123691881 ], [ -74.34330899610508, 46.661717189099321 ], [ -74.342940409278526, 46.661630942431508 ], [ -74.343432902625068, 46.660598189951422 ], [ -74.343801482264823, 46.660684434992653 ], [ -74.343924600427044, 46.660426245572566 ], [ -74.343556022583954, 46.660340000937985 ], [ -74.343679141191799, 46.66008181156716 ], [ -74.343433685549797, 46.659737376578704 ], [ -74.343556803252184, 46.659479186899809 ], [ -74.342574219792724, 46.658962254889524 ], [ -74.342697340182696, 46.658704065715668 ], [ -74.341591657920517, 46.65844531201234 ], [ -74.341099972292753, 46.658617245447495 ], [ -74.338888641575736, 46.658099688120906 ], [ -74.338765501870697, 46.658357872870752 ], [ -74.337659849364087, 46.658099073564117 ], [ -74.33778299445791, 46.65784089003435 ], [ -74.337414448121066, 46.657754621127999 ], [ -74.337537593659889, 46.657496437647417 ], [ -74.337906138200523, 46.657582706147117 ], [ -74.33802928059194, 46.657324521902382 ], [ -74.337660737847486, 46.657238253809425 ], [ -74.337907022169134, 46.656721885061003 ], [ -74.337538484368167, 46.656635616342726 ], [ -74.33766162629837, 46.656377431838997 ], [ -74.336924558342147, 46.656204890899723 ], [ -74.337047702513374, 46.655946706851843 ], [ -74.336310643553915, 46.655774160971198 ], [ -74.336433789966023, 46.655515977379288 ], [ -74.336065264309056, 46.655429702687684 ], [ -74.33631155667176, 46.654913335244629 ], [ -74.336066181908421, 46.654568876076617 ], [ -74.335697664341552, 46.654482599727814 ], [ -74.335820810736891, 46.654224415925938 ], [ -74.335452296317044, 46.654138138545171 ], [ -74.335206931884215, 46.653793676379721 ], [ -74.335330079168983, 46.653535492676177 ], [ -74.334961571042996, 46.653449213231546 ], [ -74.335331010178066, 46.652674661195796 ], [ -74.33496250879044, 46.652588381532624 ], [ -74.335578222639796, 46.651297456355792 ], [ -74.335209731581557, 46.651211177287415 ], [ -74.334964384182413, 46.650866711485861 ], [ -74.334227412411991, 46.650694146969734 ], [ -74.334350556960246, 46.650435962130864 ], [ -74.334842181776153, 46.650264059098397 ], [ -74.335088460526805, 46.649747686819495 ], [ -74.334106173232001, 46.649230652996167 ], [ -74.334352454649931, 46.648714281011841 ], [ -74.333983986061298, 46.648627996565651 ], [ -74.334107126539308, 46.648369810443739 ], [ -74.333738661096902, 46.648283524965763 ], [ -74.333861802019385, 46.648025338892957 ], [ -74.333493339723191, 46.647939052383144 ], [ -74.33361648109009, 46.647680866359408 ], [ -74.333248021940051, 46.647594578817809 ], [ -74.333371163751366, 46.64733639284313 ], [ -74.333002707747454, 46.647250104269744 ], [ -74.333125850003128, 46.646991918344135 ], [ -74.332757397145301, 46.646905628738978 ], [ -74.333249959840444, 46.645872883086973 ], [ -74.333004654605944, 46.645528406769628 ], [ -74.333127792347085, 46.645270219511673 ], [ -74.332759352961645, 46.645183929469546 ], [ -74.332514054907463, 46.644839451186733 ], [ -74.332637193537181, 46.644581264026762 ], [ -74.332268760443313, 46.644494971921169 ], [ -74.33239189951729, 46.644236784810246 ], [ -74.329812918246319, 46.643632702644773 ], [ -74.329936068533769, 46.643374518022675 ], [ -74.329690800567377, 46.643030030650749 ], [ -74.329813949948004, 46.642771845719913 ], [ -74.328708712727916, 46.642512931133993 ], [ -74.328831866141911, 46.642254747065508 ], [ -74.328095051671937, 46.642082130963622 ], [ -74.328218207324426, 46.641823947350737 ], [ -74.327849803910297, 46.641737637549106 ], [ -74.327726646463191, 46.641995820755376 ], [ -74.3273582426053, 46.641909509108885 ], [ -74.32760455973785, 46.641393143152015 ], [ -74.32723616081995, 46.64130683088063 ], [ -74.327605631771249, 46.64053228048256 ], [ -74.327237239587703, 46.640445967992953 ], [ -74.326992006626071, 46.640101470697104 ] ] ] } },
{ "type": "Feature", "properties": { "SubId": 23000246, "DowSubId": 23000253, "RivSlope": 0.0073443358764560002, "RivLength": 14024.924240490001, "BasSlope": 28.419427442476088, "BasAspect": 168.32193000567545, "BasArea": 55619100.0, "BkfWidth": 23.869083808500001, "BkfDepth": 0.55419897206699997, "Lake_Cat": 0.0, "HyLakeId": 0, "LakeVol": 0.0, "LakeDepth": 0.0, "LakeArea": 0.0, "Laketype": 0.0, "Has_POI": 0, "MeanElev": 1435.6017968032293, "FloodP_n": 0.10344180968339101, "Q_Mean": 9.3017176427063539, "Ch_n": 0.060692053276793001, "DrainArea": 198033300.0, "Strahler": 2.0, "Seg_ID": 77.0, "Seg_order": 1.0, "Max_DEM": 1157.0, "Min_DEM": 1116.0, "Obs_NM": "<NA>", "SRC_obs": "<NA>", "centroid_x": -74.368477530391345, "centroid_y": 46.625347003677774, "DA_Chn_L": 36162.6406871, "DA_Slope": 6.1102314071999997, "DA_Chn_Slp": 0.0104251236314, "outletLat": 46.63984329, "outletLng": -74.32711516000001, "k": 0.065354302525499994, "c": 0.96908402442899999, "SSDA_NM": "02_02", "SDA_NM": "02N", "rvhName": "sub23000246" }, "geometry": { "type": "MultiLineString", "coordinates": [ [ [ -74.341990161272207, 46.626679797121234 ], [ -74.341621035598763, 46.627454435068287 ], [ -74.34198935250889, 46.627540695627417 ], [ -74.341743265568425, 46.628057119949816 ], [ -74.342111587416042, 46.628143379883461 ], [ -74.34174245226798, 46.628918014903746 ], [ -74.34063747462595, 46.628659227132147 ], [ -74.34051442149547, 46.628917436871419 ], [ -74.339409450615719, 46.628658634938446 ], [ -74.3392863907535, 46.628916843101138 ], [ -74.338549746659524, 46.628744300476356 ], [ -74.338426681859701, 46.629002507468726 ], [ -74.336585086271469, 46.628571123709669 ], [ -74.33633893468307, 46.629087532557932 ], [ -74.3367072546895, 46.629173812998502 ], [ -74.336461101290524, 46.629690221228763 ], [ -74.33682942623463, 46.629776501044056 ], [ -74.336706349304663, 46.63003470502904 ], [ -74.336338022566522, 46.629948424807353 ], [ -74.33609186106942, 46.630464830891526 ], [ -74.335723532092871, 46.630378548419031 ], [ -74.335354274341853, 46.631153153643481 ], [ -74.335722608700635, 46.631239437335182 ], [ -74.335353344183616, 46.632014040559817 ], [ -74.335721685274635, 46.632100324032713 ], [ -74.335475505769011, 46.632616725206901 ], [ -74.335843851798288, 46.632703008054619 ], [ -74.336089110988269, 46.633047490327684 ], [ -74.33596602144921, 46.633305690833438 ], [ -74.336334373766789, 46.633391971617783 ], [ -74.336211284672117, 46.633650172172381 ], [ -74.336579640133905, 46.633736451925039 ], [ -74.336333461483477, 46.634252852774104 ], [ -74.336701821883892, 46.634339131901498 ], [ -74.336209455561118, 46.635371930933637 ], [ -74.336577824489197, 46.635458210248693 ], [ -74.336208540955454, 46.636232806986925 ], [ -74.336576916617034, 46.636319086083155 ], [ -74.33583832386465, 46.637868272342324 ], [ -74.335469937435661, 46.637781990807255 ], [ -74.335346832123477, 46.638040186858987 ], [ -74.334978445250101, 46.637953903479158 ], [ -74.334855336793083, 46.638212098766708 ], [ -74.33448694947532, 46.638125813542224 ], [ -74.334610059726941, 46.63786761866114 ], [ -74.334241675554026, 46.63778133240497 ], [ -74.334487895595615, 46.637264942383027 ], [ -74.334242626151976, 46.636920460360678 ], [ -74.334365734591742, 46.63666226486211 ], [ -74.333628987353109, 46.636489688410897 ], [ -74.33350587532442, 46.636747883096454 ], [ -74.333137501936008, 46.636661592307114 ], [ -74.332891270239031, 46.637177979792312 ], [ -74.332522894612012, 46.637091686751717 ], [ -74.332399774943639, 46.637349879551273 ], [ -74.331908276059366, 46.637521776701391 ], [ -74.331662026381935, 46.638038159699001 ], [ -74.331293646277857, 46.637951862155937 ], [ -74.331170517619071, 46.638210052711692 ], [ -74.330679005267271, 46.63838194311537 ], [ -74.330432737608433, 46.638898321625284 ], [ -74.330064353027424, 46.638812019579575 ], [ -74.329571794325233, 46.639844770680781 ], [ -74.328835014859095, 46.639672159021984 ], [ -74.328711868218022, 46.639930345089851 ], [ -74.328343478716462, 46.639844036696559 ], [ -74.328220328930229, 46.640102222000067 ], [ -74.327115163146416, 46.639843286971228 ], [ -74.326992006626071, 46.640101470697104 ] ], [ [ -74.377842916696864, 46.64941662507718 ], [ -74.37772001340899, 46.649674866513131 ], [ -74.376982903694923, 46.649502630074771 ], [ -74.377105810577149, 46.649244389450743 ], [ -74.376000161512309, 46.648986025218655 ], [ -74.376123072437238, 46.648727785455442 ], [ -74.375754527243345, 46.648641661572746 ] ], [ [ -74.401434828535059, 46.660090047881347 ], [ -74.399960114708236, 46.659745944648392 ], [ -74.399837305821237, 46.660004206445954 ], [ -74.398608463576963, 46.66000437291256 ], [ -74.39811718756944, 46.661037410240183 ], [ -74.397748505733787, 46.660951374080085 ], [ -74.397502856043261, 46.661467889792043 ], [ -74.397134171958029, 46.661381851380803 ], [ -74.397011343291538, 46.661640108295984 ], [ -74.396642658755681, 46.661554068039393 ], [ -74.396519826942026, 46.661812324192077 ], [ -74.396151141955585, 46.661726282090115 ], [ -74.396028306994737, 46.661984537480222 ], [ -74.395290937469127, 46.661812448146236 ], [ -74.395168097562191, 46.662070702367998 ], [ -74.394430729832408, 46.661898606464199 ], [ -74.393939201338341, 46.662070809000554 ], [ -74.392095803360164, 46.661640534822794 ], [ -74.392341513302696, 46.661124033229548 ], [ -74.39197284134994, 46.661037974887215 ], [ -74.392464252247819, 46.660004969042681 ], [ -74.392095588837989, 46.65991891088435 ], [ -74.392218439989932, 46.659660658937092 ], [ -74.391849779727082, 46.65957459974512 ], [ -74.391358172296378, 46.658885974513161 ], [ -74.389883569904654, 46.658541715082748 ], [ -74.389637784172052, 46.658197396855883 ], [ -74.389269140092082, 46.658111327366271 ], [ -74.389392002036118, 46.657853077644482 ], [ -74.389023361102929, 46.657767007121429 ], [ -74.389146223496795, 46.657508757448603 ], [ -74.388040314182845, 46.657250538461035 ], [ -74.38779454868012, 46.656906214180324 ], [ -74.387057288839955, 46.656734058925075 ], [ -74.387180159325993, 46.656475810973859 ], [ -74.386811533226805, 46.656389731593102 ], [ -74.386934404162432, 46.656131483690864 ], [ -74.386565781209811, 46.656045403276806 ], [ -74.386688652594984, 46.655787155423539 ], [ -74.386320032788902, 46.655701073976118 ], [ -74.386442904623621, 46.655442826171843 ], [ -74.386074287964036, 46.65535674369103 ], [ -74.38619716024823, 46.655098495935768 ], [ -74.385951419468782, 46.654754164715271 ], [ -74.385214200083823, 46.654581994180859 ], [ -74.385091323754324, 46.654840241075362 ], [ -74.382879687176839, 46.654323692495424 ], [ -74.383002574293286, 46.65406544803642 ], [ -74.38226537648498, 46.653893254474639 ], [ -74.382634040529155, 46.653118521391562 ], [ -74.382265449040958, 46.65303242366975 ], [ -74.382756925846763, 46.652860276316652 ], [ -74.383125573708469, 46.652085538950082 ], [ -74.381651244608605, 46.651741145922479 ], [ -74.381405554616251, 46.651396799594544 ], [ -74.381036978858575, 46.651310696706709 ], [ -74.380914088149751, 46.651568940773998 ], [ -74.38054551194314, 46.651482836041076 ], [ -74.380422618088289, 46.651741079345491 ], [ -74.37968546612592, 46.651568864750516 ], [ -74.380054154429374, 46.650794136202016 ], [ -74.379317018645793, 46.65062191828634 ], [ -74.379071351572932, 46.6502775648243 ], [ -74.378702788849921, 46.650191452674768 ], [ -74.378948585990869, 46.649674967724188 ], [ -74.377842916696864, 46.64941662507718 ] ], [ [ -74.375754527243345, 46.648641661572746 ], [ -74.375877438616683, 46.648383421858476 ], [ -74.375508896568476, 46.648297296942786 ], [ -74.37563180839021, 46.648039057277394 ], [ -74.375386181757705, 46.64769469171226 ], [ -74.375754910476203, 46.646919970720305 ], [ -74.375386380110029, 46.646833844956575 ], [ -74.375509288782624, 46.646575604317718 ], [ -74.374035187991268, 46.646231088497572 ], [ -74.374158102502605, 46.645972849125528 ], [ -74.372684030476108, 46.645628311907117 ], [ -74.372438437987412, 46.645283936306058 ], [ -74.370964400120656, 46.64493937193474 ], [ -74.371087328104778, 46.644681135502289 ], [ -74.370350320856659, 46.6445088454957 ], [ -74.369858885881925, 46.644680933548614 ], [ -74.369490383833167, 46.644594784542342 ], [ -74.369736252824865, 46.644078314568354 ], [ -74.369367755717803, 46.643992164935305 ], [ -74.369490689987003, 46.643733929818538 ], [ -74.369122196025089, 46.643647779152779 ], [ -74.368876639925176, 46.643303392386365 ], [ -74.368508150457103, 46.643217239249097 ], [ -74.368385212147487, 46.643475473504871 ], [ -74.3680167222318, 46.643389318522821 ], [ -74.367893780777067, 46.643647552015487 ], [ -74.367525290413823, 46.643561395188676 ], [ -74.367402345813943, 46.643819627917978 ], [ -74.366296877428255, 46.643561147586901 ], [ -74.366173926090568, 46.643819378740858 ], [ -74.365068464456002, 46.64356088424303 ], [ -74.364822938465011, 46.643216487003279 ], [ -74.365068851463548, 46.642700026872262 ], [ -74.364700373687398, 46.642613858941708 ], [ -74.364946284882635, 46.642097398193911 ], [ -74.364577812047614, 46.642011229636879 ], [ -74.364700767418029, 46.641752999133175 ], [ -74.363226896751073, 46.641408312142815 ], [ -74.362244035868997, 46.641752415792922 ], [ -74.362121067024489, 46.642010643145532 ], [ -74.361752600039992, 46.641924463705784 ], [ -74.361629628050508, 46.642182690294995 ], [ -74.361384134404545, 46.641838282827365 ], [ -74.361015670118121, 46.641752100510381 ], [ -74.36113864435049, 46.641493874376103 ], [ -74.360770183209041, 46.641407691026565 ], [ -74.36089315788827, 46.641149464941144 ], [ -74.360524699891741, 46.641063280559145 ], [ -74.360279220166163, 46.640718869108063 ], [ -74.360402195739042, 46.640460643120313 ], [ -74.360156720051862, 46.640116230734364 ], [ -74.360402668044159, 46.63959977778444 ], [ -74.360157196842053, 46.639255364512508 ], [ -74.358683437632635, 46.63891060508319 ], [ -74.358806417234703, 46.638652379745508 ], [ -74.358069549315218, 46.638479992211991 ], [ -74.357946566121967, 46.638738216737416 ], [ -74.356841268973852, 46.63847962342993 ], [ -74.356718279044898, 46.638737846379563 ], [ -74.355612988652155, 46.638479238907195 ], [ -74.355735983967577, 46.638221017176122 ], [ -74.3553675583304, 46.638134812214538 ], [ -74.355613548504707, 46.637618368492582 ], [ -74.355245127807478, 46.637532162904947 ], [ -74.355368122666349, 46.637273940913992 ], [ -74.354999705113613, 46.637187734294073 ], [ -74.355122700418704, 46.636929512351955 ], [ -74.354754286010404, 46.636843304699767 ], [ -74.355000276163949, 46.636326860555613 ], [ -74.355368686981649, 46.636413067395488 ], [ -74.355491678239531, 46.636154844381174 ], [ -74.356596913400921, 46.636413455051731 ], [ -74.356842881097847, 46.635897005514003 ], [ -74.356474471619023, 46.635810804207821 ], [ -74.356966398006776, 46.634777902468237 ], [ -74.356597997057918, 46.63469170134811 ], [ -74.356720977077842, 46.63443347542583 ], [ -74.356352579273079, 46.634347273273448 ], [ -74.356475559739309, 46.634089047399875 ], [ -74.356107165078598, 46.634002844215239 ], [ -74.356353125554804, 46.633486392208113 ], [ -74.355984735833189, 46.633400188397331 ], [ -74.356107715843123, 46.633141962263799 ], [ -74.355739329265418, 46.633055757420784 ], [ -74.355862309721587, 46.632797531335875 ], [ -74.355493926287764, 46.632711325460654 ], [ -74.355616907190139, 46.632453099424438 ], [ -74.355371508248709, 46.632108666529469 ], [ -74.355494488248453, 46.631850440184515 ], [ -74.355126112897224, 46.631764232651008 ], [ -74.355249093343105, 46.631506006354705 ], [ -74.355003702027588, 46.631161571541298 ], [ -74.355126681570837, 46.630903344936236 ] ], [ [ -74.355126681570837, 46.630903344936236 ], [ -74.354758314301847, 46.630817135744444 ], [ -74.355004272931794, 46.630300682274125 ], [ -74.354635910601203, 46.630214472456224 ], [ -74.354758889687886, 46.629956245590996 ], [ -74.354390530500808, 46.629870034740989 ], [ -74.354513510033527, 46.629611807924384 ], [ -74.354022761493212, 46.62892292964051 ], [ -74.3536544117364, 46.628836715694028 ], [ -74.353531429517005, 46.62909494200732 ], [ -74.353163079314257, 46.629008726216533 ], [ -74.35291710723989, 46.629525176958403 ], [ -74.352548754796615, 46.629438958917206 ], [ -74.352302773737748, 46.629955407416894 ], [ -74.351811424706582, 46.630127410432685 ], [ -74.35156543196517, 46.630643855975187 ], [ -74.351197073246226, 46.630557633026918 ], [ -74.350951071519702, 46.631074076327124 ], [ -74.350582710560317, 46.630987851128303 ], [ -74.350459705878905, 46.631246071835967 ], [ -74.350828068632993, 46.631332297441055 ], [ -74.350213033963911, 46.632623397648032 ], [ -74.349844662236052, 46.632537170012107 ], [ -74.349598635335184, 46.633053606780052 ], [ -74.349230261366898, 46.632967376893411 ], [ -74.349107244097908, 46.633225594334945 ], [ -74.348738869683999, 46.633139362603899 ], [ -74.348247474411565, 46.633311345706076 ], [ -74.347510728740431, 46.633138874240181 ], [ -74.347387701593888, 46.633397089341756 ], [ -74.347142357928774, 46.633052636349845 ], [ -74.34677398846641, 46.632966397021313 ], [ -74.346897017853081, 46.632708182374735 ], [ -74.346528651534712, 46.632621942014197 ], [ -74.346651681366723, 46.632363727416326 ], [ -74.345914956367167, 46.632191243193169 ], [ -74.346037988439122, 46.631933029050238 ], [ -74.345669629757879, 46.631846785187612 ], [ -74.345792662275088, 46.631588571093403 ], [ -74.345424306737712, 46.631502326198849 ], [ -74.345547339700161, 46.631244112153361 ], [ -74.345302020714243, 46.630899652230049 ], [ -74.34542505277264, 46.630641437875731 ], [ -74.345056705317276, 46.630555191323573 ], [ -74.345179737820857, 46.630296977017906 ], [ -74.344811393509161, 46.63021072943387 ], [ -74.345057458057397, 46.629694300562285 ], [ -74.344689118683732, 46.629608052352658 ], [ -74.344812150728359, 46.629349837786727 ], [ -74.344443814498248, 46.629263588545207 ], [ -74.34468987812852, 46.6287471591531 ], [ -74.344321546836227, 46.628660909285948 ], [ -74.344567608658252, 46.628144479275996 ], [ -74.34419928230362, 46.628058228783217 ], [ -74.344445342317471, 46.62754179815537 ], [ -74.344077020900372, 46.627455547036995 ], [ -74.344323079106019, 46.626939115791203 ], [ -74.343954762626339, 46.626852864047244 ], [ -74.3440777914996, 46.62659464829418 ], [ -74.343709478163134, 46.626508395518421 ], [ -74.343955535450561, 46.625991963751837 ], [ -74.343587227051287, 46.62590571035048 ], [ -74.34371025546541, 46.625647494336981 ], [ -74.343341950209222, 46.62556123990386 ], [ -74.343218920001092, 46.625819455511106 ], [ -74.342727580948747, 46.625991414077106 ], [ -74.34248151019888, 46.626507842691097 ], [ -74.341990161272207, 46.626679797121234 ] ] ] } },
{ "type": "Feature", "properties": { "SubId": 23000253, "DowSubId": 23000243, "RivSlope": 0.0162874288242, "RivLength": 1412.13203436, "BasSlope": 25.907192447500002, "BasAspect": 159.80094177699999, "BasArea": 513900.0, "BkfWidth": 33.202067027299996, "BkfDepth": 0.67555908606299997, "Lake_Cat": 0.0, "HyLakeId": 0, "LakeVol": 0.0, "LakeDepth": 0.0, "LakeArea": 0.0, "Laketype": 0.0, "Has_POI": 0, "MeanElev": 1394.7462870100001, "FloodP_n": 0.1, "Q_Mean": 21.264993342699999, "Ch_n": 0.096093135384899997, "DrainArea": 391328999.99999988, "Strahler": 3.0, "Seg_ID": 104.0, "Seg_order": 1.0, "Max_DEM": 1139.0, "Min_DEM": 1116.0, "Obs_NM": "<NA>", "SRC_obs": "<NA>", "centroid_x": -74.323993300207917, "centroid_y": 46.637483223449678, "DA_Chn_L": 40093.006486400001, "DA_Slope": 4.0957332864299998, "DA_Chn_Slp": 0.0090788901082699998, "outletLat": 46.63415934, "outletLng": -74.32368343, "k": 0.065354302525499994, "c": 0.96908402442899999, "SSDA_NM": "02_02", "SDA_NM": "02N", "rvhName": "sub23000253" }, "geometry": { "type": "LineString", "coordinates": [ [ -74.326992006626071, 46.640101470697104 ], [ -74.326623618938555, 46.640015155737856 ], [ -74.326746777253305, 46.639756972418667 ], [ -74.326010009519436, 46.639584338999008 ], [ -74.326133170072168, 46.639326156135397 ], [ -74.325396411330161, 46.639153517776556 ], [ -74.325519574120747, 46.638895335368559 ], [ -74.324537618344181, 46.638378186718683 ], [ -74.324660783815901, 46.638120004815171 ], [ -74.323678853642733, 46.63760284616702 ], [ -74.323802021795316, 46.637344664767987 ], [ -74.323065302608114, 46.637172007466482 ], [ -74.323188472998041, 46.636913826523035 ], [ -74.322820117224708, 46.636827496121931 ], [ -74.322943288057871, 46.636569315227383 ], [ -74.322698106705687, 46.636224802949194 ], [ -74.322821276631259, 46.635966621745787 ], [ -74.323189625671802, 46.636052952364963 ], [ -74.32331279245264, 46.63579477039697 ], [ -74.324049490998021, 46.635967426507889 ], [ -74.323926327805154, 46.636225609289184 ], [ -74.324663035341374, 46.636398260461299 ], [ -74.324908231974149, 46.636742767533669 ], [ -74.32527770540635, 46.635968215530099 ], [ -74.324909353200297, 46.635881892914398 ], [ -74.324664161042392, 46.63553738495721 ], [ -74.324787318389227, 46.635279200696004 ], [ -74.324418972472472, 46.635192876017506 ], [ -74.324542130262643, 46.634934691805121 ], [ -74.32417378749048, 46.634848366095262 ], [ -74.324296945723958, 46.634590181931721 ], [ -74.323928606096317, 46.634503855190502 ], [ -74.324051764773102, 46.634245671075853 ], [ -74.32331509315739, 46.634073014092699 ] ] } },
{ "type": "Feature", "properties": { "SubId": 23000259, "DowSubId": 23000277, "RivSlope": 0.022441333025799998, "RivLength": 3609.4112549699998, "BasSlope": 22.842238878030074, "BasAspect": 168.91133736782152, "BasArea": 7730100.0, "BkfWidth": 38.737963738799998, "BkfDepth": 0.74104799960900003, "Lake_Cat": 0.0, "HyLakeId": 0, "LakeVol": 0.0, "LakeDepth": 0.0, "LakeArea": 0.0, "Laketype": 0.0, "Has_POI": 0, "MeanElev": 1404.5811075707916, "FloodP_n": 0.113315591658, "Q_Mean": 28.9473347729, "Ch_n": 0.113315591658, "DrainArea": 537970499.99999952, "Strahler": 3.0, "Seg_ID": 106.0, "Seg_order": 1.0, "Max_DEM": 1121.0, "Min_DEM": 1040.0, "Obs_NM": "<NA>", "SRC_obs": "<NA>", "centroid_x": -74.224354849044019, "centroid_y": 46.614532233205395, "DA_Chn_L": 57454.326829899997, "DA_Slope": 4.4814711818299999, "DA_Chn_Slp": 0.012949416363399999, "outletLat": 46.60079892, "outletLng": -74.21719805, "k": 0.065354302525499994, "c": 0.96908402442899999, "SSDA_NM": "02_02", "SDA_NM": "02N", "rvhName": "sub23000259" }, "geometry": { "type": "LineString", "coordinates": [ [ -74.231866366295392, 46.618903547618771 ], [ -74.230394185599735, 46.618556795078575 ], [ -74.23051781515575, 46.618298719092181 ], [ -74.230273405147642, 46.617953951836398 ], [ -74.230397033783191, 46.617695875539766 ], [ -74.230028998717245, 46.617609183600969 ], [ -74.231017993346427, 46.615544563565855 ], [ -74.231386014102199, 46.615631252241307 ], [ -74.231633245636772, 46.615115092826194 ], [ -74.229057153832088, 46.614508247644835 ], [ -74.228812774179616, 46.614163472747727 ], [ -74.227708764581607, 46.613903371610952 ], [ -74.227832396636941, 46.613645295492759 ], [ -74.227464397935151, 46.613558592649156 ], [ -74.227835291339161, 46.612784363363694 ], [ -74.227467299357073, 46.612697660307532 ], [ -74.227714558430563, 46.612181506470819 ], [ -74.227346571379627, 46.612094802794267 ], [ -74.227470200672954, 46.611836725745128 ], [ -74.227225846491891, 46.611491944039898 ], [ -74.22685786572643, 46.611405238306673 ], [ -74.22698149588733, 46.611147161355134 ], [ -74.226245541996207, 46.610973746395814 ], [ -74.226369174379002, 46.610715669900962 ], [ -74.226001201253311, 46.61062896067488 ], [ -74.226372095639405, 46.609854730259187 ], [ -74.226004129232464, 46.609768020820653 ], [ -74.226127759773718, 46.609509943705014 ], [ -74.225759796509251, 46.609423233238225 ], [ -74.22600705710461, 46.608907078745304 ], [ -74.225639098770557, 46.608820367658211 ], [ -74.225886357524374, 46.608304212544425 ], [ -74.225518404120606, 46.608217500836936 ], [ -74.225765661032881, 46.607701345102292 ], [ -74.225397712559285, 46.60761463277445 ], [ -74.225644967630032, 46.607098476418855 ], [ -74.225277024086452, 46.607011763470645 ], [ -74.225400651378223, 46.606753685162019 ], [ -74.225156338702035, 46.606408892925643 ], [ -74.225279965073028, 46.60615081430651 ], [ -74.224912029601398, 46.606064099709748 ], [ -74.225282905952113, 46.605289862920756 ], [ -74.224914977197869, 46.60520314811162 ], [ -74.225162224902633, 46.604686989272032 ], [ -74.224673628045849, 46.603997398332091 ], [ -74.223937794317635, 46.603823961924476 ], [ -74.223814166700365, 46.60408204061077 ], [ -74.222710420902004, 46.60382187400549 ], [ -74.222218872222882, 46.603993225627207 ], [ -74.221483047595569, 46.603819770355848 ], [ -74.221359406544835, 46.604077845876311 ], [ -74.220991494475243, 46.603991115678681 ], [ -74.22086785028273, 46.604249190431958 ], [ -74.220499937780062, 46.604162458390469 ], [ -74.22012899171385, 46.60493667927085 ], [ -74.218657333798532, 46.604589731849558 ], [ -74.218780990991334, 46.604331660213852 ], [ -74.218536739311773, 46.603986848589571 ], [ -74.218168833148383, 46.603900107524261 ], [ -74.218787109896127, 46.602609746239636 ], [ -74.218419214023513, 46.602523005778167 ], [ -74.218542867097014, 46.602264932851305 ], [ -74.218174974365994, 46.602178191361887 ], [ -74.218298627872286, 46.601920118483626 ], [ -74.217930738282817, 46.60183337596628 ], [ -74.218054392221845, 46.601575303136713 ], [ -74.217318620680359, 46.601401814610178 ], [ -74.217442276839193, 46.601143742237163 ], [ -74.217074394887106, 46.601056996228046 ], [ -74.217198051478604, 46.600798923903625 ], [ -74.21683017266794, 46.600712176866615 ] ] } },
{ "type": "Feature", "properties": { "SubId": 23000277, "DowSubId": 23000236, "RivSlope": 0.0132462108334, "RivLength": 5963.9696961999998, "BasSlope": 25.738018763893038, "BasAspect": 167.19126852126738, "BasArea": 9207000.0, "BkfWidth": 40.167514038500002, "BkfDepth": 0.75733711127900005, "Lake_Cat": 0.0, "HyLakeId": 0, "LakeVol": 0.0, "LakeDepth": 0.0, "LakeArea": 0.0, "Laketype": 0.0, "Has_POI": 0, "MeanElev": 1392.6436207313284, "FloodP_n": 0.1, "Q_Mean": 31.1232481487, "Ch_n": 0.087149066128399996, "DrainArea": 579747599.99999952, "Strahler": 3.0, "Seg_ID": 107.0, "Seg_order": 1.0, "Max_DEM": 1119.0, "Min_DEM": 1040.0, "Obs_NM": "<NA>", "SRC_obs": "<NA>", "centroid_x": -74.201842580479379, "centroid_y": 46.592886836257527, "DA_Chn_L": 63418.296526099999, "DA_Slope": 4.56727933187, "DA_Chn_Slp": 0.012977327444599999, "outletLat": 46.57757477, "outletLng": -74.18452846, "k": 0.065354302525499994, "c": 0.96908402442899999, "SSDA_NM": "02_02", "SDA_NM": "02N", "rvhName": "sub23000277" }, "geometry": { "type": "LineString", "coordinates": [ [ -74.21683017266794, 46.600712176866615 ], [ -74.216462295211656, 46.600625428393748 ], [ -74.216338635046128, 46.600883499902217 ], [ -74.215602880622868, 46.600709997832915 ], [ -74.215111338562025, 46.600881314569733 ], [ -74.214007715788313, 46.600621045165639 ], [ -74.213884042192177, 46.600879113507503 ], [ -74.213148296875275, 46.600705592576254 ], [ -74.213271974045156, 46.600447525050399 ], [ -74.212904105205411, 46.600360762839102 ], [ -74.21339880748674, 46.599328490773829 ], [ -74.2131546211195, 46.598983660251889 ], [ -74.212786763922693, 46.598896897209023 ], [ -74.212910438325693, 46.598638828750857 ], [ -74.211806880222355, 46.598378532231678 ], [ -74.211930558630854, 46.598120464638086 ], [ -74.21119486357442, 46.597946927262633 ], [ -74.211318544201561, 46.597688860125658 ], [ -74.210950700491679, 46.597602089692337 ], [ -74.210706540982002, 46.597257251142928 ], [ -74.209970863907898, 46.597083703913817 ], [ -74.210094548972009, 46.596825637690038 ], [ -74.209726714253193, 46.596738862329985 ], [ -74.2098503997492, 46.596480796154772 ], [ -74.209482568171339, 46.596394019767075 ], [ -74.209606254099199, 46.596135953640356 ], [ -74.209238425662235, 46.596049176225044 ], [ -74.20936211202195, 46.595791110146905 ], [ -74.208626462784238, 46.595617551825342 ], [ -74.208750151362054, 46.595359486203762 ], [ -74.205439812919181, 46.594578406366097 ], [ -74.205563516218007, 46.594320344057451 ], [ -74.204827903925747, 46.59414675578487 ], [ -74.204951609442034, 46.593888693932826 ], [ -74.204583807113863, 46.593801898051268 ], [ -74.204707513061507, 46.593543836247761 ], [ -74.204339713873964, 46.593457039338766 ], [ -74.204463420252949, 46.593198977583761 ], [ -74.204219331016262, 46.59285411794081 ], [ -74.203851538109831, 46.592767318976939 ], [ -74.203975245351387, 46.592509257318973 ], [ -74.203487084736736, 46.591819533138498 ], [ -74.203610791486156, 46.591561471217986 ], [ -74.203243009786831, 46.591474669579931 ], [ -74.203490422793507, 46.590958545476326 ], [ -74.203122646020233, 46.590871743218841 ], [ -74.203370057180166, 46.590355618493163 ], [ -74.203002285332786, 46.590268815616326 ], [ -74.203125990666649, 46.590010753122158 ], [ -74.202758221959442, 46.58992394921794 ], [ -74.202881927724405, 46.589665886772238 ], [ -74.202514162157328, 46.589579081840725 ], [ -74.202637868353378, 46.589321019443474 ], [ -74.202270105926374, 46.589234213484566 ], [ -74.20239381255351, 46.588976151135753 ], [ -74.202026053266522, 46.588889344149493 ], [ -74.202273466028359, 46.588373219189229 ], [ -74.202029417801555, 46.588028348972216 ], [ -74.202276826007605, 46.587512222670419 ], [ -74.201909078356863, 46.587425414853598 ], [ -74.202032782213664, 46.58716735157131 ], [ -74.202524228796022, 46.586996094930221 ], [ -74.202895322820979, 46.586221900622888 ], [ -74.20215984672754, 46.586048287634135 ], [ -74.202283545597865, 46.585790222961826 ], [ -74.201915811367925, 46.58570341472246 ], [ -74.202410600447379, 46.584671154069071 ], [ -74.20204287471266, 46.584584346026432 ], [ -74.202166570382076, 46.584326280371975 ], [ -74.201063406658918, 46.584065848856461 ], [ -74.200939705634056, 46.584323913286823 ], [ -74.200571985316429, 46.584237099503113 ], [ -74.200448281152163, 46.584495163165862 ], [ -74.199345122969945, 46.584234711979121 ], [ -74.199592540654592, 46.583718586742158 ], [ -74.198857115778353, 46.583544947073584 ], [ -74.198485976509687, 46.584319131941356 ], [ -74.198729979612352, 46.5846640150287 ], [ -74.19848254752236, 46.585180136572248 ], [ -74.197379384172393, 46.584919663266035 ], [ -74.197503106249755, 46.584661603898248 ], [ -74.196032247886322, 46.584314287695726 ], [ -74.196155975749022, 46.584056229600577 ], [ -74.19542055826436, 46.583882563704286 ], [ -74.195544288342305, 46.583624506065632 ], [ -74.195176583416668, 46.58353767137276 ], [ -74.195300313924903, 46.583279613782473 ], [ -74.194932612138629, 46.583192778062582 ], [ -74.195056343077113, 46.582934720520662 ], [ -74.194688644430173, 46.582847883773717 ], [ -74.194812375798904, 46.58258982628012 ], [ -74.194444680291241, 46.582502988506135 ], [ -74.194568412090177, 46.582244931060906 ], [ -74.194200719721763, 46.58215809225986 ], [ -74.194324451950877, 46.581900034863018 ], [ -74.193956762721655, 46.581813195034883 ], [ -74.194080495380916, 46.581555137686358 ], [ -74.19371280929083, 46.581468296831261 ], [ -74.193960274115113, 46.580952181871211 ], [ -74.193592592948747, 46.58086534039716 ], [ -74.193840055924255, 46.580349224814285 ], [ -74.193472379681438, 46.580262382721358 ], [ -74.193843569339975, 46.579488207873005 ], [ -74.193599628766862, 46.579143306975013 ], [ -74.193970807526085, 46.578369129033668 ], [ -74.193603146483213, 46.578282286927113 ], [ -74.19372687181199, 46.578024227301896 ], [ -74.193235486794677, 46.578195443385518 ], [ -74.19261683091338, 46.579485734074787 ], [ -74.191390092615919, 46.57948324455289 ], [ -74.191266350668656, 46.579741300027358 ], [ -74.19016335444843, 46.57948073930735 ], [ -74.190287101748723, 46.579222685057239 ], [ -74.190043188565483, 46.578877774820256 ], [ -74.189675530791035, 46.578790917758141 ], [ -74.189799278950758, 46.578532863604629 ], [ -74.187593371455804, 46.578011693546344 ], [ -74.187717128965943, 46.577753641481891 ], [ -74.18587891889284, 46.577319295679786 ], [ -74.185755152462477, 46.577577345703482 ], [ -74.184528464185888, 46.577574768218064 ], [ -74.184404689694091, 46.577832816297466 ] ] } },
{ "type": "Feature", "properties": { "SubId": 23000278, "DowSubId": 23000236, "RivSlope": 0.013953372483199999, "RivLength": 5733.3809511700001, "BasSlope": 16.804798116400001, "BasAspect": 184.38043566100001, "BasArea": 13021200.0, "BkfWidth": 20.268419371899999, "BkfDepth": 0.50240759406900004, "Lake_Cat": 0.0, "HyLakeId": 0, "LakeVol": 0.0, "LakeDepth": 0.0, "LakeArea": 0.0, "Laketype": 0.0, "Has_POI": 0, "MeanElev": 1434.8917457, "FloodP_n": 0.1, "Q_Mean": 7.9245529288999998, "Ch_n": 0.087452534080199998, "DrainArea": 141310799.99999949, "Strahler": 2.0, "Seg_ID": 113.0, "Seg_order": 2.0, "Max_DEM": 1120.0, "Min_DEM": 1040.0, "Obs_NM": "<NA>", "SRC_obs": "<NA>", "centroid_x": -74.188076329403913, "centroid_y": 46.555967470917437, "DA_Chn_L": 36234.183976400003, "DA_Slope": 9.2584599495099997, "DA_Chn_Slp": 0.0096317885957300006, "outletLat": 46.57748789, "outletLng": -74.18416083, "k": 0.065354302525499994, "c": 0.96908402442899999, "SSDA_NM": "02_02", "SDA_NM": "02N", "rvhName": "sub23000278" }, "geometry": { "type": "LineString", "coordinates": [ [ -74.196782351523112, 46.550304044093885 ], [ -74.196658715601401, 46.550562129148105 ], [ -74.196291266303419, 46.55047529011798 ], [ -74.196167627246723, 46.550733374404565 ], [ -74.195800177518976, 46.550646533532444 ], [ -74.195676535327294, 46.550904617051387 ], [ -74.195309085169811, 46.550817774337162 ], [ -74.19493814513153, 46.551592021511269 ], [ -74.195305600636203, 46.551678865448586 ], [ -74.193821740121365, 46.554775826642853 ], [ -74.193330597607329, 46.554947055164696 ], [ -74.192835921599652, 46.555979360973836 ], [ -74.193079736805558, 46.556324287803236 ], [ -74.192712249215063, 46.556237436526303 ], [ -74.192464900386469, 46.556753586551309 ], [ -74.192832391542353, 46.55684043864391 ], [ -74.192585040866575, 46.557356588044833 ], [ -74.192952536941078, 46.557443439518572 ], [ -74.193443706817746, 46.557272214221705 ], [ -74.194546201871304, 46.557532754508898 ], [ -74.194422534770794, 46.557790831068459 ], [ -74.194790037611043, 46.557877675369596 ], [ -74.194666370940269, 46.55813575197697 ], [ -74.194298866317155, 46.558048907268009 ], [ -74.194175196510372, 46.558306983107755 ], [ -74.192949008902872, 46.558304513406611 ], [ -74.192457826482212, 46.558475735632484 ], [ -74.192334145484381, 46.558733808761211 ], [ -74.192577971257919, 46.559078734016133 ], [ -74.19233060606156, 46.559594879289513 ], [ -74.192698119105273, 46.559681731156857 ], [ -74.192450752061433, 46.560197875806274 ], [ -74.193182265341363, 46.56123264319357 ], [ -74.193058581078333, 46.561490715122275 ], [ -74.193546275288213, 46.562180555249157 ], [ -74.193422590531185, 46.562438626913881 ], [ -74.193666443415268, 46.562783545557124 ], [ -74.193542757734534, 46.563041616909956 ], [ -74.193786614614808, 46.563386534622445 ], [ -74.193662928010369, 46.563644605663413 ], [ -74.194030475061581, 46.563731451356134 ], [ -74.193659412477118, 46.564505663543393 ], [ -74.19402696623176, 46.564592509025047 ], [ -74.193161118643445, 46.566398994388464 ], [ -74.192425987520366, 46.566225296279733 ], [ -74.192549687660701, 46.565967228837501 ], [ -74.192182125913121, 46.565880378039019 ], [ -74.192305826483135, 46.565622310644876 ], [ -74.191938267872601, 46.565535458819582 ], [ -74.192061968872267, 46.565277391473458 ], [ -74.19169441339875, 46.565190538621394 ], [ -74.19157071061575, 46.565448605559567 ], [ -74.190344337480951, 46.565446102525989 ], [ -74.190220626640595, 46.565704167520536 ], [ -74.18985307123215, 46.565617307705899 ], [ -74.18972935725472, 46.565875371932599 ], [ -74.189361801416837, 46.565788510275382 ], [ -74.188495753183147, 46.567594946928722 ], [ -74.188863321504257, 46.567681811441886 ], [ -74.1886158705329, 46.56819793377673 ], [ -74.188983443774788, 46.568284797671261 ], [ -74.1887359909542, 46.568800919382547 ], [ -74.189103569116995, 46.568887782658322 ], [ -74.188979842459119, 46.569145843382138 ], [ -74.189347423759457, 46.569232705631208 ], [ -74.189099969948529, 46.569748826815228 ], [ -74.189467556169973, 46.569835688445593 ], [ -74.189220100509857, 46.570351809006091 ], [ -74.188117335206528, 46.570091217362609 ], [ -74.18824106906429, 46.569833158486375 ], [ -74.187505902533161, 46.569659424366421 ], [ -74.187014582090612, 46.569830612806335 ], [ -74.185788095249748, 46.569828051405409 ], [ -74.185664347982723, 46.570086107113376 ], [ -74.186031930504711, 46.570172981853929 ], [ -74.185908183666854, 46.570431037610085 ], [ -74.186275769326585, 46.570517911323918 ], [ -74.186152022917923, 46.570775967128263 ], [ -74.18688720186725, 46.570949711067875 ], [ -74.186763457671319, 46.57120776732846 ], [ -74.187131050960986, 46.571294637554239 ], [ -74.186883562073405, 46.57181074981181 ], [ -74.187251160284546, 46.571897619418962 ], [ -74.186759815598165, 46.572068805400761 ], [ -74.186636067768561, 46.572326860629786 ], [ -74.186268467344519, 46.572239988771692 ], [ -74.18614471637693, 46.572498043232727 ], [ -74.185900868274871, 46.57215311547877 ], [ -74.185533270559603, 46.572066240751099 ], [ -74.185041917880369, 46.572237417825363 ], [ -74.184918160207559, 46.572495470702172 ], [ -74.185162002891886, 46.57284040060587 ], [ -74.185529605957967, 46.572927276557849 ], [ -74.185282090974454, 46.573443382144383 ], [ -74.184546879062225, 46.573269627172962 ], [ -74.18429935152605, 46.573785729687266 ], [ -74.183807976450893, 46.573956899542196 ], [ -74.183684207512698, 46.574214949491406 ], [ -74.184051818571604, 46.574301830761904 ], [ -74.183928050062462, 46.57455988075931 ], [ -74.184295664259693, 46.57464676100318 ], [ -74.184048126744912, 46.575162860734615 ], [ -74.183680508980245, 46.575075979674438 ], [ -74.183432962479316, 46.575592077149857 ], [ -74.183065342501877, 46.575505193838509 ], [ -74.182941565435584, 46.575763241628131 ], [ -74.182573945029148, 46.575676356473821 ], [ -74.182326383264751, 46.57619245015691 ], [ -74.181958760645628, 46.576105562751223 ], [ -74.181834975947467, 46.576363608644719 ], [ -74.182202600350351, 46.576450496458598 ], [ -74.182078816081116, 46.576708542400318 ], [ -74.18281407251898, 46.576882314539887 ], [ -74.182937853220608, 46.576624267781725 ], [ -74.184408375218737, 46.576971793209758 ], [ -74.184160826731613, 46.577487889631826 ], [ -74.184404689694091, 46.577832816297466 ] ] } },
{ "type": "Feature", "properties": { "SubId": 23000445, "DowSubId": 23000198, "RivSlope": 0.016490144025014999, "RivLength": 2061.8376618439997, "BasSlope": 23.859243768116098, "BasAspect": 221.085052361321, "BasArea": 1945800.0, "BkfWidth": 8.1071500405000005, "BkfDepth": 0.28992468414400002, "Lake_Cat": 0.0, "HyLakeId": 0, "LakeVol": 0.0, "LakeDepth": 0.0, "LakeArea": 0.0, "Laketype": 0.0, "Has_POI": 0, "MeanElev": 1435.2594812836542, "FloodP_n": 0.106162804824593, "Q_Mean": 1.241767754493228, "Ch_n": 0.088080813546260003, "DrainArea": 21324599.999999899, "Strahler": 1.0, "Seg_ID": 17.0, "Seg_order": 2.0, "Max_DEM": 1139.0, "Min_DEM": 1105.0, "Obs_NM": "<NA>", "SRC_obs": "<NA>", "centroid_x": -73.947748378015802, "centroid_y": 46.59501773709772, "DA_Chn_L": 7367.0562748499997, "DA_Slope": 30.336051677099999, "DA_Chn_Slp": 0.010859154188, "outletLat": 46.59905391, "outletLng": -73.96033762, "k": 0.065354302525499994, "c": 0.96908402442899999, "SSDA_NM": "02_02", "SDA_NM": "02N", "rvhName": "sub23000445" }, "geometry": { "type": "MultiLineString", "coordinates": [ [ [ -73.95091103612701, 46.596514637611683 ], [ -73.951645744910607, 46.596690174294167 ], [ -73.951770842531772, 46.59643244336749 ], [ -73.952505553236321, 46.596607973495672 ], [ -73.952747818347632, 46.596953468574021 ], [ -73.955319370919682, 46.597567771754449 ], [ -73.955811819129721, 46.597397788161452 ], [ -73.958016057954623, 46.597924266805769 ], [ -73.957890990527659, 46.598182004738113 ], [ -73.960095289257353, 46.598708434280105 ], [ -73.959970231120764, 46.598966174322264 ], [ -73.960337620806555, 46.599053907976945 ], [ -73.960579955908742, 46.599399380702692 ] ], [ [ -73.940734562799975, 46.595520730809383 ], [ -73.940859716982544, 46.595263013238203 ], [ -73.941227042212546, 46.595350821187886 ], [ -73.940984869796395, 46.595005295304297 ], [ -73.941235171318056, 46.59448985834824 ], [ -73.941602491221886, 46.594577665060996 ], [ -73.942587420530202, 46.594237833308917 ], [ -73.943322062816407, 46.59441343505901 ], [ -73.943814521330566, 46.594243511564365 ], [ -73.944549168276964, 46.59441910389576 ], [ -73.945041622426203, 46.594249174092319 ], [ -73.944916493802879, 46.594506897912893 ], [ -73.946753141958908, 46.594945846512765 ], [ -73.947245593665215, 46.594775905641754 ], [ -73.947980261691796, 46.594951471365576 ], [ -73.947855147273202, 46.595209198483737 ], [ -73.948589824324458, 46.595384759302185 ], [ -73.948464712088949, 46.595642486882063 ], [ -73.949199398164964, 46.595818042795081 ], [ -73.949074288112698, 46.596075770836634 ], [ -73.95091103612701, 46.596514637611683 ] ] ] } },
{ "type": "Feature", "properties": { "SubId": 23007842, "DowSubId": 23000278, "RivSlope": 0.0033162012437560002, "RivLength": 10348.599564169999, "BasSlope": 29.887428529385936, "BasAspect": 161.51637998893972, "BasArea": 47327400.0, "BkfWidth": 19.340910547899998, "BkfDepth": 0.48848408194800003, "Lake_Cat": 1.0, "HyLakeId": 107128, "LakeVol": 112.69, "LakeDepth": 13.0, "LakeArea": 8700000.0, "Laketype": 1.0, "Has_POI": 0, "MeanElev": 1428.2543843257397, "FloodP_n": 0.087151288971234003, "Q_Mean": 4.9082053278026052, "Ch_n": 0.042046915604382999, "DrainArea": 128289599.99999949, "Strahler": 2.0, "Seg_ID": 113.0, "Seg_order": 1.0, "Max_DEM": 1096.0, "Min_DEM": 1096.0, "Obs_NM": "<NA>", "SRC_obs": "<NA>", "centroid_x": -74.190831026122609, "centroid_y": 46.49758378224594, "DA_Chn_L": 30500.8030253, "DA_Slope": 8.4925180607000001, "DA_Chn_Slp": 0.0088194399267800001, "outletLat": 46.5501328, "outletLng": -74.19727343, "k": 0.065354302525499994, "c": 0.96908402442899999, "SSDA_NM": "02_02", "SDA_NM": "02N", "rvhName": "sub23007842" }, "geometry": { "type": "MultiLineString", "coordinates": [ [ [ -74.222196383796913, 46.53993154208046 ], [ -74.222319852201267, 46.53967341578673 ], [ -74.221952440490384, 46.539586672513465 ], [ -74.222075909326733, 46.539328546267207 ], [ -74.221708500749017, 46.539241801966632 ], [ -74.22183197001732, 46.538983675767795 ], [ -74.22085323100066, 46.538465310144112 ], [ -74.220976702915252, 46.538207184447188 ], [ -74.220241908610205, 46.538033685379538 ], [ -74.220365382739033, 46.537775560137163 ], [ -74.219630597401164, 46.53760205614639 ], [ -74.219754073744127, 46.537343931358599 ], [ -74.219510161658121, 46.536999052878464 ], [ -74.219757111155687, 46.536482802318496 ], [ -74.219389728992454, 46.536396048365837 ], [ -74.219513203497641, 46.536137922953337 ], [ -74.219145824467191, 46.536051167973518 ], [ -74.219269299404047, 46.53579304260839 ], [ -74.218901923506337, 46.535706286601439 ], [ -74.219025398874834, 46.535448161283711 ], [ -74.21878150190993, 46.535103278979179 ], [ -74.218414132277587, 46.535016520917956 ], [ -74.218537608509266, 46.534758395694929 ], [ -74.218170242009549, 46.534671636606575 ], [ -74.218293718672768, 46.534413511430927 ], [ -74.217926355305622, 46.534326751315461 ], [ -74.218049832400382, 46.534068626187171 ], [ -74.217805949691993, 46.533723739963619 ], [ -74.217929425867737, 46.533465614522832 ], [ -74.217562070547572, 46.53337885276035 ], [ -74.217685547154773, 46.533120727366914 ], [ -74.217318194967035, 46.533033964577307 ], [ -74.217441672005663, 46.532775839231221 ], [ -74.217074322950282, 46.532689075414581 ], [ -74.217197800420351, 46.53243095011581 ], [ -74.216219248167647, 46.531912526844962 ], [ -74.216342728282214, 46.531654402047934 ], [ -74.215608053016538, 46.531480863949916 ], [ -74.215731535344119, 46.53122273960733 ], [ -74.215364201518696, 46.531135968814226 ], [ -74.215487684277505, 46.530877844519019 ], [ -74.214753024241432, 46.53070429944475 ], [ -74.214876509213042, 46.530446175603899 ], [ -74.214141858142099, 46.530272625607481 ], [ -74.214265345326424, 46.530014502221128 ], [ -74.213530703220542, 46.529840947302617 ], [ -74.21365419261744, 46.529582824370664 ], [ -74.213286875371736, 46.529496045167491 ], [ -74.212431920731561, 46.528719455267321 ], [ -74.212064612450689, 46.528632671142219 ], [ -74.212188106703238, 46.528374549166401 ], [ -74.211453497755727, 46.528200977428533 ], [ -74.211576994220408, 46.527942855907156 ], [ -74.211209693553712, 46.527856068294369 ], [ -74.21096589291426, 46.527511158180609 ], [ -74.209864008412495, 46.527250783657898 ], [ -74.209987511082304, 46.526992663452504 ], [ -74.208518357778843, 46.526645478975524 ], [ -74.208274583054148, 46.52630056074203 ], [ -74.206805463886525, 46.5259533492152 ], [ -74.206928979884609, 46.525695231954714 ], [ -74.20509262021892, 46.525261187319657 ], [ -74.204848877670443, 46.52491625891394 ] ], [ [ -74.202061210343473, 46.517074225223332 ], [ -74.202304892048033, 46.517419168874675 ], [ -74.202672095159272, 46.517505993429189 ], [ -74.203890572740349, 46.519230691863051 ], [ -74.203767057043152, 46.519488810216053 ], [ -74.204134278938227, 46.519575628611683 ], [ -74.204010763670937, 46.519833747011759 ], [ -74.204377988696805, 46.519920564380804 ], [ -74.204130957671723, 46.520436800915348 ], [ -74.204498187608849, 46.52052361766507 ], [ -74.20437467185107, 46.52078173579936 ], [ -74.204741904919089, 46.520868551522533 ], [ -74.204618389591332, 46.521126669704039 ], [ -74.2049856257903, 46.521213484400647 ], [ -74.204738594644368, 46.521729720497881 ], [ -74.205105835754892, 46.521816534575166 ], [ -74.204982319936718, 46.522074652490879 ], [ -74.205226048790266, 46.522419583504494 ], [ -74.204979013962557, 46.522935818350241 ], [ -74.205346264896548, 46.523022631188738 ], [ -74.204605138683519, 46.524571329528769 ], [ -74.204848877670443, 46.52491625891394 ] ], [ [ -74.191575617159771, 46.504824365460976 ], [ -74.192676877615312, 46.505084968379698 ], [ -74.193167503991219, 46.504913717541427 ], [ -74.194635868453076, 46.505261160673115 ], [ -74.195126489556344, 46.505089899865318 ], [ -74.196227775792181, 46.505350461643893 ], [ -74.196718392050883, 46.505179192707097 ], [ -74.196594873904175, 46.505437312703521 ], [ -74.197572662180491, 46.505955978140463 ], [ -74.197816253740953, 46.506300944778587 ], [ -74.197692738660436, 46.506559065322811 ], [ -74.198426960408824, 46.506732754118651 ], [ -74.198303447536588, 46.506990875116948 ], [ -74.199037678243272, 46.507164558993772 ], [ -74.198914167579446, 46.507422680446091 ], [ -74.199892022425999, 46.507941319045962 ], [ -74.19976851440002, 46.508199440999213 ], [ -74.200746394710322, 46.508718069642427 ], [ -74.200622889322474, 46.508976192096569 ], [ -74.201600795097349, 46.509494810782783 ], [ -74.201477292347917, 46.509752933737978 ], [ -74.201844434331619, 46.509839763475604 ], [ -74.201720932011725, 46.510097886477709 ], [ -74.202088077124969, 46.510184715189069 ], [ -74.201964575234626, 46.510442838238163 ], [ -74.202208222016708, 46.510787789019133 ], [ -74.201837709534345, 46.511562156146397 ], [ -74.202204866245722, 46.51164898402633 ], [ -74.201834346951756, 46.512423349133627 ], [ -74.202201510352339, 46.51251017680147 ], [ -74.201830984246527, 46.513284539888957 ], [ -74.202074644714116, 46.513629488060751 ], [ -74.201951133741474, 46.51388760841666 ], [ -74.202318308741368, 46.513974435253118 ], [ -74.202071286305198, 46.51449067569888 ], [ -74.202438466215042, 46.514577501916065 ], [ -74.202191441937799, 46.515093741735676 ], [ -74.202435114373685, 46.515438687110411 ], [ -74.202188085554781, 46.515954925583635 ], [ -74.202431762410086, 46.516299870073162 ], [ -74.202061210343473, 46.517074225223332 ] ], [ [ -74.204848877670443, 46.52491625891394 ], [ -74.204358085807357, 46.52508755942857 ], [ -74.204234557343213, 46.525345673838473 ], [ -74.203867290382703, 46.525258857334954 ], [ -74.203743758787041, 46.52551697097752 ], [ -74.203376491396511, 46.525430152632893 ], [ -74.203252956669274, 46.525688265508201 ], [ -74.202885688848781, 46.525601445322465 ], [ -74.20276215098994, 46.525859557430458 ], [ -74.201780528946642, 46.526202133449623 ], [ -74.201656983473626, 46.526460243662903 ], [ -74.201289712582692, 46.526373417546445 ], [ -74.201166163977959, 46.526631526992411 ], [ -74.200675340920739, 46.526802807713409 ], [ -74.201042614022271, 46.526889636078366 ], [ -74.200054165739047, 46.528954495804022 ], [ -74.200421454438398, 46.52904132599388 ], [ -74.200297894103883, 46.529299432246773 ], [ -74.200665185935321, 46.529386261409996 ], [ -74.200541626030599, 46.529644367710226 ], [ -74.200908920994166, 46.529731195846956 ], [ -74.200785361519266, 46.529989302194473 ], [ -74.201763704377058, 46.530507886432723 ], [ -74.201640147542946, 46.530765993282259 ], [ -74.202127649719699, 46.531455853342983 ], [ -74.202004092394304, 46.53171395992721 ], [ -74.20237140615157, 46.531800781904401 ], [ -74.202247849256153, 46.532058888536 ], [ -74.202615166145847, 46.532145709486599 ], [ -74.20249160968045, 46.532403816165541 ], [ -74.202858929702643, 46.532490636089491 ], [ -74.20261181628068, 46.5330068491822 ], [ -74.202979141216687, 46.533093668486856 ], [ -74.202855584260149, 46.533351774900609 ], [ -74.203099355802323, 46.533696699639705 ], [ -74.202975797924609, 46.533954805740905 ], [ -74.203343130907271, 46.534041623399567 ], [ -74.203096014660773, 46.534557835336734 ], [ -74.203463352557591, 46.534644652376087 ], [ -74.203216234468741, 46.535160863688162 ], [ -74.203583577279872, 46.53524768010827 ], [ -74.203212895355989, 46.536021995598773 ], [ -74.203456683300601, 46.536366916657947 ], [ -74.203333120386702, 46.536625021148978 ], [ -74.203700474808414, 46.536711836737794 ], [ -74.203576912324721, 46.536969941276261 ], [ -74.20382070782604, 46.537314860424324 ], [ -74.203697144421113, 46.537572964650323 ], [ -74.204064506890731, 46.53765977859306 ], [ -74.204308309518865, 46.538004695782554 ], [ -74.204675676473087, 46.538091507264362 ], [ -74.205166602408184, 46.537920211816335 ], [ -74.20504304477879, 46.538178317312024 ], [ -74.206145157804386, 46.538438738849884 ], [ -74.206021604169109, 46.538696845207795 ], [ -74.207123734702876, 46.538957255060076 ], [ -74.207000185061915, 46.53921536228021 ], [ -74.207244017180855, 46.539560270370878 ], [ -74.206873361441311, 46.540334590014496 ], [ -74.206382416585924, 46.540505892982729 ], [ -74.20625885883635, 46.540763998043545 ], [ -74.205891468166513, 46.540677193341971 ], [ -74.205644345048668, 46.541193401569153 ], [ -74.205276952166301, 46.541106594618462 ], [ -74.203794078536006, 46.544203808861546 ], [ -74.204037912997137, 46.544548719956715 ], [ -74.203667165465703, 46.545323015562701 ], [ -74.204034588214498, 46.545409827598441 ], [ -74.203787419998619, 46.5459260236847 ], [ -74.204154847663958, 46.546012835101038 ], [ -74.203907677605059, 46.546529030562823 ], [ -74.204151524912092, 46.546873938958399 ], [ -74.203784090547657, 46.546787127753888 ], [ -74.203660502138277, 46.547045224585055 ], [ -74.203293067343438, 46.546958411538625 ], [ -74.203169475799641, 46.547216507602435 ], [ -74.202187412427932, 46.54755906580921 ], [ -74.202063813263095, 46.547817159978251 ], [ -74.201696375394903, 46.547730340998541 ], [ -74.201572773095521, 46.547988434400168 ], [ -74.201205334797109, 46.54790161357851 ], [ -74.201081729363139, 46.548159706212651 ], [ -74.200590682065965, 46.54833097541578 ], [ -74.200467072145159, 46.548589066922545 ], [ -74.200099631204026, 46.54850224200942 ], [ -74.199976018148561, 46.54876033274865 ], [ -74.199484960587156, 46.54893159596535 ], [ -74.199361343044643, 46.549189685577225 ], [ -74.198993899460987, 46.549102856572517 ], [ -74.198870278783716, 46.549360945416858 ], [ -74.19788813956751, 46.549703457267476 ], [ -74.197764511268161, 46.549961544216821 ], [ -74.197397064612261, 46.549874709278427 ], [ -74.197273433178026, 46.550132795460151 ], [ -74.196782351523112, 46.550304044093885 ] ] ] } },
{ "type": "Feature", "properties": { "SubId": 23012041, "DowSubId": -1, "RivSlope": 0.006913434677155, "RivLength": 7660.6601717840003, "BasSlope": 27.515145626956123, "BasAspect": 188.90703126877605, "BasArea": 27294300.0, "BkfWidth": 54.350899509100003, "BkfDepth": 0.908005142042, "Lake_Cat": 0.0, "HyLakeId": 0, "LakeVol": 0.0, "LakeDepth": 0.0, "LakeArea": 0.0, "Laketype": 0.0, "Has_POI": 1, "MeanElev": 1389.0250999327741, "FloodP_n": 0.096124724894320002, "Q_Mean": 56.477197146577744, "Ch_n": 0.063407140465411002, "DrainArea": 1082136600.0000002, "Strahler": 3.0, "Seg_ID": 118.0, "Seg_order": 1.0, "Max_DEM": 1087.0, "Min_DEM": 1040.0, "Obs_NM": "02NF004", "SRC_obs": "WSC", "centroid_x": -73.985830035280969, "centroid_y": 46.651963623540652, "DA_Chn_L": 98448.216433900001, "DA_Slope": 3.9072364426, "DA_Chn_Slp": 0.013154123527199999, "outletLat": 46.66549814, "outletLng": -73.97608206, "k": 0.065354302525499994, "c": 0.96908402442899999, "SSDA_NM": "02_02", "SDA_NM": "02N", "rvhName": "02NF004" }, "geometry": { "type": "MultiLineString", "coordinates": [ [ [ -74.010976458173985, 46.635855563526178 ], [ -74.010608687107819, 46.635768033837074 ], [ -74.010483807059899, 46.636025811161581 ], [ -74.010116035579827, 46.635938279626551 ], [ -74.00961649458867, 46.636969383661665 ], [ -74.009984273194107, 46.637056916843406 ], [ -74.009734498056417, 46.637572467514708 ], [ -74.009977393753459, 46.637917775290646 ], [ -74.009727613973467, 46.638433324615761 ], [ -74.009359825093426, 46.638345790809701 ], [ -74.009110036280205, 46.638861337864988 ], [ -74.008742245204829, 46.63877380180115 ], [ -74.007756862184522, 46.639114268509211 ], [ -74.007389071649285, 46.639026727319077 ], [ -74.006514698690935, 46.640831114030149 ], [ -74.006882501696523, 46.640918658102741 ], [ -74.00675758758409, 46.641176426598207 ], [ -74.00712539373913, 46.641263969648271 ], [ -74.007000480040375, 46.641521738193937 ], [ -74.007368289344882, 46.641609280221502 ], [ -74.007243376059847, 46.641867048817396 ], [ -74.007486275642577, 46.642212358468498 ], [ -74.007111528821156, 46.642985662237095 ], [ -74.006618789115677, 46.643155886372647 ], [ -74.006244020533231, 46.643929184566581 ], [ -74.005876195193679, 46.64384163883259 ], [ -74.005501408953251, 46.644614932536633 ], [ -74.005133579636592, 46.644527384132715 ], [ -74.0048837117387, 46.645042910636938 ], [ -74.00451588022672, 46.644955359974929 ], [ -74.004390942443678, 46.645213122272779 ], [ -74.004023110518176, 46.645125569764488 ], [ -74.003898169585142, 46.645383331288805 ], [ -74.002912613177486, 46.645723741461566 ], [ -74.002544780011661, 46.645636183414553 ], [ -74.002051996049246, 46.645806382724928 ], [ -74.000212848679837, 46.645368561743339 ], [ -74.000087886238092, 46.64562631811372 ], [ -73.999352233306396, 46.645451178856945 ], [ -73.998366642607053, 46.645791542222916 ], [ -73.998116693890893, 46.646307049136119 ], [ -73.99774886508871, 46.646219472839718 ], [ -73.997498907334773, 46.646734977482161 ], [ -73.997741760551747, 46.647080306793292 ], [ -73.997116844278665, 46.648369062321628 ], [ -73.99674900122335, 46.648281482729061 ], [ -73.996624012080645, 46.648539232337626 ], [ -73.995888326513196, 46.648364068025259 ], [ -73.995395489926224, 46.648534231728256 ], [ -73.994895492810485, 46.649565220154017 ], [ -73.993666944061616, 46.649560197409613 ], [ -73.993541934646103, 46.649817942013762 ], [ -73.992438395575363, 46.649555158921757 ], [ -73.992063343079195, 46.650328386854767 ], [ -73.992431193411917, 46.650415983889523 ], [ -73.992181155131846, 46.650931468193853 ], [ -73.99254901039717, 46.651019064618545 ], [ -73.992173948052994, 46.651792289598646 ], [ -73.99254181003279, 46.651879885825437 ], [ -73.992291765187232, 46.652395368161166 ], [ -73.992534609405041, 46.652740704815457 ], [ -73.992284559907276, 46.65325618580534 ], [ -73.992652433534872, 46.653343781224201 ], [ -73.99252740851388, 46.65360152158874 ], [ -73.992895285292747, 46.653689115985344 ], [ -73.992395178642681, 46.654720075475318 ], [ -73.992027294735976, 46.654632479429949 ], [ -73.991902262867924, 46.654890217986001 ], [ -73.991166495598975, 46.654715020767497 ], [ -73.991541597786494, 46.653941806487481 ], [ -73.991173721551988, 46.653854206963203 ], [ -73.99142378639354, 46.65333872979236 ], [ -73.991055915092218, 46.653251129658095 ], [ -73.991180947240693, 46.652993390942278 ], [ -73.990445212309965, 46.652818187194981 ], [ -73.990570246652624, 46.652560448941834 ], [ -73.990202383023146, 46.65247284532883 ], [ -73.990327417778147, 46.65221510712616 ], [ -73.989223840451444, 46.651952288917549 ], [ -73.988973758881798, 46.652467762487888 ], [ -73.98860589894845, 46.652380152725236 ], [ -73.988480854327719, 46.652637888555574 ], [ -73.988723671834208, 46.65298323461122 ], [ -73.98859862625612, 46.653240970130277 ], [ -73.988966492904126, 46.653328579695234 ], [ -73.988841447738253, 46.653586315264747 ], [ -73.989209317537558, 46.653673923807602 ], [ -73.989084272783899, 46.653931659427577 ], [ -73.98945214573456, 46.654019266948332 ], [ -73.989327101393144, 46.654277002618784 ], [ -73.989569933566102, 46.654622344838401 ], [ -73.989444888267386, 46.654880080197657 ], [ -73.989812769302787, 46.654967686086295 ], [ -73.989562678160368, 46.655483156544172 ], [ -73.989930564129239, 46.655570761822851 ], [ -73.98905521446018, 46.65737489991696 ], [ -73.988562258803583, 46.6575450239067 ], [ -73.988187078943596, 46.65831821819922 ], [ -73.987819174742256, 46.658230606951015 ], [ -73.98756904442206, 46.658746067179464 ], [ -73.98720113802645, 46.658658453672096 ], [ -73.986950998662323, 46.659173911629011 ], [ -73.986583090072472, 46.659086295862515 ], [ -73.986090107551391, 46.659256406272718 ], [ -73.984250583092532, 46.658818296689091 ], [ -73.984125497511073, 46.65907602187665 ], [ -73.983757594947605, 46.65898839524418 ], [ -73.983507416110271, 46.659503843709224 ], [ -73.983875322237722, 46.65959147116655 ], [ -73.984118141825491, 46.659936821703994 ], [ -73.985957708776297, 46.660374932362693 ], [ -73.985832628406826, 46.660632658577491 ], [ -73.986200547689549, 46.660720276818118 ], [ -73.985825303706889, 46.661493454529364 ], [ -73.985332293227401, 46.66166355981948 ], [ -73.984964368186013, 46.661575938494813 ], [ -73.984839279183433, 46.661833662488604 ], [ -73.984471353730072, 46.661746039316995 ], [ -73.984346261575013, 46.6620037625366 ], [ -73.983978335709708, 46.661916137518077 ], [ -73.983853240402141, 46.662173859963509 ], [ -73.983360215664845, 46.662343954769369 ], [ -73.982992288975794, 46.662256326056934 ], [ -73.982867187363141, 46.66251404695403 ], [ -73.982499260262287, 46.662426416394609 ], [ -73.982374155497013, 46.662684136517512 ], [ -73.980534531638597, 46.662245960140694 ], [ -73.980659645314518, 46.661988242080142 ], [ -73.979187978024939, 46.661637676807786 ], [ -73.979062857220867, 46.661895393218444 ], [ -73.978694942042821, 46.661807747901726 ], [ -73.978319566061145, 46.662580893725277 ], [ -73.978562360298767, 46.662926255242894 ], [ -73.978312103613916, 46.663441684084319 ] ], [ [ -73.978312103613916, 46.663441684084319 ], [ -73.978680030854861, 46.663529330441612 ], [ -73.978554902238486, 46.663787044732139 ], [ -73.978922832632236, 46.663874690067495 ], [ -73.978797704427308, 46.664132404408711 ], [ -73.979165637973892, 46.664220048722086 ], [ -73.979040510180454, 46.664477763114043 ], [ -73.979283319497952, 46.664823120848141 ], [ -73.978782796262692, 46.665853975001056 ], [ -73.978414850652015, 46.665766329647042 ], [ -73.978289714633945, 46.666024041868241 ], [ -73.977796629440647, 46.666194106113977 ], [ -73.976692794252827, 46.665931154665465 ], [ -73.976817938770708, 46.665673444456338 ], [ -73.976082059064467, 46.665498137143175 ], [ -73.975588971403326, 46.665668190306263 ] ] ] } }
]
}
