{
"type": "FeatureCollection",
"name": "outline",
"crs": { "type": "name", "properties": { "name": "urn:ogc:def:crs:EPSG::3979" } },
"features": [
{ "type": "Feature", "properties": { "ID": 1 }, "geometry": { "type": "MultiPolygon", "coordinates": [ [ [ [ 1558004.906818661373109, -11038.260974849546983 ], [ 1557974.821839176584035, -11038.170665192019442 ], [ 1557974.595820401329547, -11007.662951350446747 ], [ 1557944.510864418698475, -11007.572654783141843 ], [ 1557944.284871412441134, -10977.065009722240575 ], [ 1557793.860282216686755, -10976.613567019576294 ], [ 1557793.634379704482853, -10946.106053227700613 ], [ 1557763.549500002292916, -10946.015772701335663 ], [ 1557763.323623256059363, -10915.508327692963576 ], [ 1557703.153918176423758, -10915.327790301202185 ], [ 1557702.928083372069523, -10884.820429678240544 ], [ 1557642.758439925033599, -10884.639913387612978 ], [ 1557642.532647068612278, -10854.13263717342852 ], [ 1557612.447852492565289, -10854.042390819298816 ], [ 1557612.222085402114317, -10823.535183388617952 ], [ 1557582.137314332416281, -10823.444950143830283 ], [ 1557581.911573008866981, -10792.937811493820845 ], [ 1557551.826825425960124, -10792.847591315885438 ], [ 1557551.601109862793237, -10762.340521426718624 ], [ 1557521.516385776922107, -10762.250314336883093 ], [ 1557521.29069598368369, -10731.743313241133364 ], [ 1557491.205995390890166, -10731.65311923160516 ], [ 1557490.980331360595301, -10701.146186916525039 ], [ 1557460.895654255058616, -10701.056005967478995 ], [ 1557460.670015982817858, -10670.549142411826324 ], [ 1557430.585362374782562, -10670.45897455654449 ], [ 1557430.134146942524239, -10609.445438159847981 ], [ 1557400.049533003708348, -10609.355299007316717 ], [ 1557398.921743026934564, -10456.822466270372388 ], [ 1557368.837217271793634, -10456.732402635521794 ], [ 1557368.386200725333765, -10395.719672840396015 ], [ 1557338.301714635221288, -10395.629637894842745 ], [ 1557338.076236913911998, -10365.12336834042253 ], [ 1557307.991774306399748, -10365.033346458892993 ], [ 1557307.766322344075888, -10334.527145674521307 ], [ 1557277.681883216835558, -10334.437136844266206 ], [ 1557277.456457011168823, -10303.931004820738963 ], [ 1557247.372041378170252, -10303.841009092744571 ], [ 1557247.146640919847414, -10273.334945802442235 ], [ 1557217.062248772243038, -10273.244963144843496 ], [ 1557216.836874071042985, -10242.738968618925355 ], [ 1557156.66814404935576, -10242.55902689317918 ], [ 1557156.442811275599524, -10212.053116735676667 ], [ 1557126.35847340291366, -10211.963157669651991 ], [ 1557126.13316638325341, -10181.457316268037175 ], [ 1557096.04885199223645, -10181.367370273823326 ], [ 1557095.823570727370679, -10150.861597628094387 ], [ 1556885.233687828294933, -10150.232013650498629 ], [ 1556885.008529337588698, -10119.726403414588276 ], [ 1556734.587484486633912, -10119.276702226999987 ], [ 1556734.362416421761736, -10088.771223174435363 ], [ 1556704.278245546855032, -10088.681290921203981 ], [ 1556704.05320322397165, -10058.175880601156678 ], [ 1556673.96905581606552, -10058.085961392120225 ], [ 1556673.519032253418118, -9997.075331407157137 ], [ 1556643.434924488887191, -9996.985440863341864 ], [ 1556642.760009486693889, -9905.469941230685436 ], [ 1556612.675957526778802, -9905.380094954705783 ], [ 1556611.55137157230638, -9752.855402904931907 ], [ 1556581.467407748335972, -9752.765632109812941 ], [ 1556580.343142041936517, -9600.242346280321726 ], [ 1556610.427025043871254, -9600.332039061653632 ], [ 1556609.977353465976194, -9539.323065389899057 ], [ 1556579.893502801889554, -9539.23340384070616 ], [ 1556579.219115746906027, -9447.720388552523218 ], [ 1556549.135320879751816, -9447.630771278958491 ], [ 1556548.685809720307589, -9386.622391234552197 ], [ 1556518.60205447813496, -9386.532802607798658 ], [ 1556517.478524960810319, -9234.012860066119174 ], [ 1556487.394857834558934, -9233.923346903229685 ], [ 1556486.720903501613066, -9142.412065532042106 ], [ 1556456.637292160652578, -9142.322596635573063 ], [ 1556456.188069468829781, -9081.31537248555469 ], [ 1556426.104497742373496, -9081.22593221606985 ], [ 1556425.879916918929666, -9050.722415410204121 ], [ 1556395.796368655050173, -9050.632988198369276 ], [ 1556395.34726804564707, -8989.626145104395619 ], [ 1556365.263759403722361, -8989.536746547866642 ], [ 1556364.814729405334219, -8928.530147071101965 ], [ 1556334.731260375119746, -8928.440777146515757 ], [ 1556334.282300990307704, -8867.434421304662465 ], [ 1556304.198871574830264, -8867.345080023344053 ], [ 1556303.749982793582603, -8806.338967779580344 ], [ 1556273.666592993075028, -8806.249655148614693 ], [ 1556273.217774820514023, -8745.243786515686224 ], [ 1556243.134424624266103, -8745.154502505331038 ], [ 1556242.461317620472983, -8653.646144577471205 ], [ 1556212.378023196011782, -8653.556904821498392 ], [ 1556211.480745807290077, -8531.546566631039241 ], [ 1556181.397523306077346, -8531.457386720028808 ], [ 1556180.50046366173774, -8409.447960378340213 ], [ 1556150.41731307678856, -8409.358840299544681 ], [ 1556149.296284618321806, -8256.84832982032276 ], [ 1556119.213222100399435, -8256.759285186979469 ], [ 1556118.54076830833219, -8165.253662674424959 ], [ 1556088.457761539844796, -8165.164662258644057 ], [ 1556087.785442330641672, -8073.659564274823424 ], [ 1556057.702491314848885, -8073.570608094306408 ], [ 1556056.806264257989824, -7951.564616241451404 ], [ 1556026.723385138437152, -7951.475719872615628 ], [ 1556025.827375765657052, -7829.470639579618364 ], [ 1555995.744568542577326, -7829.381803039456827 ], [ 1555993.953138182871044, -7585.374314452780709 ], [ 1555963.870467447210103, -7585.285600118476395 ], [ 1555963.19888734491542, -7493.783714236998094 ], [ 1555933.116272346116602, -7493.695044119547674 ], [ 1555932.668632400920615, -7432.694083353406313 ], [ 1555902.586056983098388, -7432.605441859397615 ], [ 1555901.914717241190374, -7341.10444541200286 ], [ 1555871.832197551149875, -7341.015848133431973 ], [ 1555871.608452911721542, -7310.515637680786313 ], [ 1555871.384717842098325, -7280.015480306350582 ], [ 1555841.302237722789869, -7279.926911614400524 ], [ 1555840.63113832869567, -7188.426804557184369 ], [ 1555810.548713938565925, -7188.338280092709283 ], [ 1555810.101394451223314, -7127.338505158660155 ], [ 1555780.019009633688256, -7127.250009304174455 ], [ 1555779.795380375115201, -7096.750216989456021 ], [ 1555749.713018989190459, -7096.661734161461936 ], [ 1555749.489415436517447, -7066.1620104801259 ], [ 1555719.407077475916594, -7066.073540658796446 ], [ 1555719.183499634033069, -7035.573885632086785 ], [ 1555689.101185103878379, -7035.485428835832863 ], [ 1555688.877632966265082, -7004.985842439672524 ], [ 1555658.795341856544837, -7004.897398650791729 ], [ 1555658.571815429953858, -6974.397880903592522 ], [ 1555628.489547736477107, -6974.30945009800871 ], [ 1555628.266047016484663, -6943.810000994105394 ], [ 1555598.183802750427276, -6943.721583210764038 ], [ 1555597.960327735403553, -6913.222202743076195 ], [ 1555567.878106895368546, -6913.133797980562122 ], [ 1555567.654657579958439, -6882.634486132801612 ], [ 1555537.572460161522031, -6882.546094383324998 ], [ 1555537.125622497638687, -6821.547660983212154 ], [ 1555507.043464648304507, -6821.459297847973176 ], [ 1555506.820076291216537, -6790.960176276500533 ], [ 1555476.737941855564713, -6790.871826131639864 ], [ 1555476.514579212525859, -6760.372773223998593 ], [ 1555416.350364456186071, -6760.196096359444709 ], [ 1555416.127043650951236, -6729.697127656644625 ], [ 1555386.044963336549699, -6729.608800958194479 ], [ 1555385.821668226039037, -6699.109900863993062 ], [ 1555355.73961132299155, -6699.021587155213638 ], [ 1555355.516341913957149, -6668.522755692270039 ], [ 1555325.434308429481462, -6668.434454994402586 ], [ 1555324.987830570433289, -6607.436982355425243 ], [ 1555294.905836642719805, -6607.348710249844771 ], [ 1555294.682628189912066, -6576.850069068145785 ], [ 1555264.600657671224326, -6576.761809948694463 ], [ 1555264.377474920358509, -6546.263237398961792 ], [ 1555234.29552781698294, -6546.174991284758107 ], [ 1555234.072370757116005, -6515.676487340791937 ], [ 1555203.990447069751099, -6515.588254233961379 ], [ 1555203.767315708100796, -6485.089818911338625 ], [ 1555173.685415431624278, -6485.00159879842704 ], [ 1555173.239213650114834, -6424.004918396896755 ], [ 1555143.157352929702029, -6423.916726896805812 ], [ 1555142.48817034624517, -6332.422150746007901 ], [ 1555172.569982657209039, -6332.510295494192178 ], [ 1555171.900837673805654, -6241.016149803946973 ], [ 1555201.982608846854419, -6241.10424520144079 ], [ 1555201.53652768721804, -6180.108381970101618 ], [ 1555231.618273861240596, -6180.196443605358581 ], [ 1555231.395231480011716, -6149.698575932869062 ], [ 1555261.476968792034313, -6149.786619399299525 ], [ 1555261.253919827984646, -6119.288789148587057 ], [ 1555321.417383983498439, -6119.464837100400473 ], [ 1555321.194312303559855, -6088.967028696466514 ], [ 1555351.276039154268801, -6089.055033199551872 ], [ 1555351.05296089570038, -6058.557262218811047 ], [ 1555411.216404140228406, -6058.733232270842564 ], [ 1555410.993303163675591, -6028.235483130507419 ], [ 1555441.075019554933533, -6028.32344867662141 ], [ 1555440.851911994395778, -5997.825736948857411 ], [ 1555501.015334328869358, -5998.001629094735108 ], [ 1555500.792204050347209, -5967.503939208792872 ], [ 1555530.873909993795678, -5967.591865811388743 ], [ 1555530.650773137575015, -5937.094213342975308 ], [ 1555560.732470210874453, -5937.182121752669445 ], [ 1555560.50932677811943, -5906.68450671877963 ], [ 1555620.672710470855236, -5906.860284590401534 ], [ 1555620.449544315692037, -5876.362691370008179 ], [ 1555650.531230933964252, -5876.450560824146123 ], [ 1555650.30805819761008, -5845.953005017740907 ], [ 1555680.389735952951014, -5846.040856289599105 ], [ 1555680.166556640760973, -5815.543337914884432 ], [ 1555710.248225530609488, -5815.631171001629809 ], [ 1555710.025039634900168, -5785.133690032405866 ], [ 1555740.106699664145708, -5785.221504953865406 ], [ 1555739.883507191902027, -5754.724061400046594 ], [ 1555769.965158356586471, -5754.811858125062827 ], [ 1555769.741959295468405, -5724.314451968944923 ], [ 1555799.823601602343842, -5724.402230530799898 ], [ 1555799.600395966786891, -5693.904861797876947 ], [ 1555829.682029405841604, -5693.992622164704699 ], [ 1555829.235614530974999, -5632.998012525026752 ], [ 1555859.317222965881228, -5633.085739109083079 ], [ 1555859.094013735186309, -5602.58849821932381 ], [ 1555889.175613306462765, -5602.676206614018156 ], [ 1555888.729191229213029, -5541.681852611101021 ], [ 1555918.810765805887058, -5541.769527247098267 ], [ 1555918.141155959106982, -5450.278346958853945 ], [ 1555948.2226893955376, -5450.365972208047424 ], [ 1555947.553117156494409, -5358.875222106314141 ], [ 1555977.634609455941245, -5358.962797988530838 ], [ 1555976.965074826264754, -5267.472478061272341 ], [ 1556007.046525994781405, -5267.560004587133335 ], [ 1556005.930745403748006, -5115.077119872104959 ], [ 1556005.70761795854196, -5084.580701900310487 ], [ 1555975.626263598911464, -5084.493268929247279 ], [ 1555975.403161851223558, -5053.996919556137982 ], [ 1555945.321830899687484, -5053.909499588197832 ], [ 1555945.098754834383726, -5023.413218766329919 ], [ 1555915.017447292106226, -5023.325811808595063 ], [ 1555914.571356096072122, -4962.333440298814821 ], [ 1555884.490088094957173, -4962.246061935491525 ], [ 1555884.267072963528335, -4931.749971244038534 ], [ 1555854.18582836468704, -4931.662605871800224 ], [ 1555853.739859029417858, -4870.670614601608577 ], [ 1555823.658653969876468, -4870.583277827321581 ], [ 1555822.321072092512622, -4687.608669084190296 ], [ 1555792.239971086382866, -4687.521423233343739 ], [ 1555791.571357520762831, -4596.034880783386143 ], [ 1555761.490312181413174, -4595.94767912248426 ], [ 1555760.15343976765871, -4412.976117919913122 ], [ 1555790.234388329321519, -4413.063226050093363 ], [ 1555789.788808356039226, -4352.073098202008623 ], [ 1555819.869731922401115, -4352.160172542334294 ], [ 1555818.978622088441625, -4230.180490028803433 ], [ 1555849.059488407336175, -4230.267499416531791 ], [ 1555848.836718698730692, -4199.772695591793308 ], [ 1555818.755868513369933, -4199.685701809513375 ], [ 1555818.310390013735741, -4138.696284221057795 ], [ 1555788.229579349979758, -4138.609319014069115 ], [ 1555788.006870556622744, -4108.114705246101948 ], [ 1555757.926083283266053, -4108.027753016037423 ], [ 1555757.703400172060356, -4077.533207803560344 ], [ 1555697.54187967069447, -4077.359326702035105 ], [ 1555697.319238365394995, -4046.864865615798863 ], [ 1555607.077060472220182, -4046.6040711816986 ], [ 1555606.854477097513154, -4016.109709827151164 ], [ 1555576.773781786905602, -4016.022788720176777 ], [ 1555576.55122409411706, -3985.528495912621111 ], [ 1555546.470552168320864, -3985.441587782570878 ], [ 1555546.248020145110786, -3954.947363495807622 ], [ 1555516.167371610878035, -3954.86046835896741 ], [ 1555515.722368464339525, -3893.872209808223033 ], [ 1555485.641759438440204, -3893.785343226138593 ], [ 1555485.19682673830539, -3832.797327644677807 ], [ 1555455.116257227491587, -3832.710489641424829 ], [ 1555454.671394970733672, -3771.722717015084982 ], [ 1555424.590864966856316, -3771.635907568003859 ], [ 1555424.146073153475299, -3710.648377898909075 ], [ 1555394.06558265327476, -3710.5615970044596 ], [ 1555393.620861281407997, -3649.5743102904853 ], [ 1555363.540410286514089, -3649.487557956456385 ], [ 1555363.318080042488873, -3618.994009585014282 ], [ 1555333.23765243543312, -3618.907270244195843 ], [ 1555332.793052835855633, -3557.920363501434167 ], [ 1555302.712664726190269, -3557.833652703333883 ], [ 1555302.268135554622859, -3496.846988871081521 ], [ 1555272.187786944676191, -3496.760306622779808 ], [ 1555271.743328206939623, -3435.77388572511336 ], [ 1555301.823644572170451, -3435.860536789426533 ], [ 1555301.379191774409264, -3374.874296444913853 ], [ 1555331.459483155049384, -3374.960913738493218 ], [ 1555331.237254948355258, -3344.467857364252723 ], [ 1555361.317537465365604, -3344.55445646068074 ], [ 1555361.095302690984681, -3314.061437446612217 ], [ 1555541.577053454006091, -3314.580883564526175 ], [ 1555541.354731496190652, -3284.08782396127981 ], [ 1555571.435032573062927, -3284.174373589470179 ], [ 1555571.212704045232385, -3253.681351347102918 ], [ 1555601.292996255215257, -3253.767882767520859 ], [ 1555601.070661150850356, -3223.274897858416352 ], [ 1555631.150944497203454, -3223.361411077434695 ], [ 1555630.928602817934006, -3192.868463515756048 ], [ 1555661.008877300657332, -3192.954958527001054 ], [ 1555660.786529050208628, -3162.462048317704557 ], [ 1555690.866794670233503, -3162.548525133923249 ], [ 1555690.644439844414592, -3132.055652254349297 ], [ 1555720.724696602206677, -3132.142110872709054 ], [ 1555720.279983348911628, -3071.156492712425006 ], [ 1555690.199758833739907, -3071.070065264599634 ], [ 1555689.977432647719979, -3040.577351152299798 ], [ 1555659.897231510840356, -3040.490936679273545 ], [ 1555659.674930999288335, -3009.998291092722866 ], [ 1555629.594753238605335, -3009.911889582458116 ], [ 1555629.150213091168553, -2948.926788334418688 ], [ 1555659.230358606204391, -2949.013158657154236 ], [ 1555659.008086730493233, -2918.520671822298937 ], [ 1555689.088223383994773, -2918.607023952840336 ], [ 1555688.86594493733719, -2888.114574454788453 ], [ 1555718.946072727208957, -2888.200908380389592 ], [ 1555718.723787705879658, -2857.708496210644171 ], [ 1555778.884032821282744, -2857.881125054598215 ], [ 1555778.661725103389472, -2827.388734621164986 ], [ 1555808.741842427290976, -2827.475029533853103 ], [ 1555808.297223394736648, -2766.490376255228966 ], [ 1555838.377315734745935, -2766.576637372398636 ], [ 1555838.155004415893927, -2736.084374506672702 ], [ 1555868.235087897395715, -2736.170617435897384 ], [ 1555868.0127700031735, -2705.678391892104628 ], [ 1555898.0928446194157, -2705.764616610723806 ], [ 1555897.870520164724439, -2675.272428428518651 ], [ 1555927.950585911748931, -2675.358634923078625 ], [ 1555927.505933390697464, -2614.374386083180525 ], [ 1555957.585974159184843, -2614.460558795676207 ], [ 1555957.141327584628016, -2553.476490411212581 ], [ 1555987.221343374578282, -2553.562629343769004 ], [ 1555986.999018292408437, -2523.070658944596289 ], [ 1555956.919018621789292, -2522.984535590579981 ], [ 1555955.807617003330961, -2370.525555075239936 ], [ 1555925.72770519182086, -2370.439507074621815 ], [ 1555925.061027126153931, -2278.964800349627694 ], [ 1555955.140890584792942, -2279.050801595506982 ], [ 1555953.807695501483977, -2096.102722957314199 ], [ 1555923.727928746957332, -2096.016815230827433 ], [ 1555923.061508416431025, -2004.543536755587184 ], [ 1555892.98179726395756, -2004.457673170893258 ], [ 1555802.742707331199199, -2004.20006669239956 ], [ 1555802.964773431653157, -2034.691044274049545 ], [ 1555682.646023926557973, -2034.347469913952636 ], [ 1555682.868035106919706, -2064.838438047926047 ], [ 1555652.788349750917405, -2064.752522319026411 ], [ 1555653.010354360798374, -2095.24352776077103 ], [ 1555622.930660138372332, -2095.157593825514596 ], [ 1555623.15265817893669, -2125.648636579278445 ], [ 1555593.072955095209181, -2125.562684441206329 ], [ 1555593.294946562498808, -2156.053764504157243 ], [ 1555232.338881757576019, -2155.02194721483238 ], [ 1555232.117083654506132, -2124.531054136140483 ], [ 1555141.8782789260149, -2124.2730875434072 ], [ 1555141.65653869882226, -2093.782294095143698 ], [ 1555051.41784753696993, -2093.524350592639621 ], [ 1555051.196165194036439, -2063.033656798171705 ], [ 1555021.116632081801072, -2062.947685963727054 ], [ 1555020.673328239703551, -2001.966488212755849 ], [ 1554990.593834592029452, -2001.880545896952981 ], [ 1554990.15060112439096, -1940.899590850429604 ], [ 1555050.309531218605116, -1941.071410525188185 ], [ 1555050.087896573590115, -1910.580981180685967 ], [ 1555080.167356381192803, -1910.666871503111452 ], [ 1555079.945715164300054, -1880.176479462131283 ], [ 1555110.025166106643155, -1880.262351572535181 ], [ 1555108.917022563051432, -1727.811106774554446 ], [ 1555138.996400201227516, -1727.896898361609601 ], [ 1555135.894641407066956, -1301.040227788908169 ], [ 1555165.973800763254985, -1301.125798617429382 ], [ 1555165.087862902553752, -1179.168590969708021 ], [ 1555195.166965077631176, -1179.254096868290844 ], [ 1555194.502563506364822, -1087.786699483805251 ], [ 1555224.581624604994431, -1087.872156010454319 ], [ 1555223.917260548798367, -996.405187661085051 ], [ 1555253.996280567254871, -996.49059480447022 ], [ 1555253.553386667743325, -935.512849039158368 ], [ 1555283.632381715811789, -935.598222390565866 ], [ 1555283.410932964412495, -905.109413212100662 ], [ 1555313.48991915374063, -905.194768363524759 ], [ 1555313.268463835818693, -874.705996468754392 ], [ 1555373.426425717538223, -874.87666766663483 ], [ 1555373.204947726568207, -844.387917479851922 ], [ 1555433.362906373105943, -844.558546993807909 ], [ 1555433.141405703965575, -814.069818493768935 ], [ 1555643.694376392755657, -814.666829747454926 ], [ 1555643.251178172649816, -753.689313164418195 ], [ 1555613.172192842932418, -753.604064911519345 ], [ 1555612.729064996587113, -692.626790923880662 ], [ 1555582.650119120720774, -692.541571186791202 ], [ 1555582.428585609653965, -662.053029050702094 ], [ 1555552.349663087865338, -661.967822269293038 ], [ 1555551.68516810098663, -570.502559692870705 ], [ 1555521.606301138643175, -570.417397024930096 ], [ 1555521.163384379120544, -509.440850715852321 ], [ 1555491.084556872490793, -509.35571657292661 ], [ 1555490.863128901226446, -478.867538262309608 ], [ 1555460.784324743552133, -478.782417073648048 ], [ 1555460.341529618017375, -417.806250136009112 ], [ 1555430.262764911167324, -417.721157478735506 ], [ 1555430.041397754801437, -387.23316884604867 ], [ 1555399.962656392017379, -387.148089127460651 ], [ 1555399.741314886137843, -356.660168948294825 ], [ 1555369.6625968569424, -356.575102137235319 ], [ 1555369.219974650070071, -295.599451439839129 ], [ 1555339.141296076821163, -295.514413172913635 ], [ 1555338.920015379553661, -265.026682666721172 ], [ 1555308.841360141290352, -264.941657329275756 ], [ 1555308.620105084497482, -234.453995236949936 ], [ 1555278.541473191231489, -234.36898284314691 ], [ 1555278.320243768161163, -203.881389167520126 ], [ 1555248.241635211976245, -203.796389697532277 ], [ 1555248.020431430079043, -173.308864448518136 ], [ 1555217.941846216795966, -173.223877930670085 ], [ 1555217.720668064896017, -142.736421077819642 ], [ 1555187.64210619404912, -142.651447503614008 ], [ 1555187.420953676803038, -112.164059063213912 ], [ 1555127.263883844250813, -111.994135130367823 ], [ 1555127.042773066088557, -81.506830691579822 ], [ 1555036.807270891964436, -81.251971696803352 ], [ 1555036.586217947304249, -50.764766821172707 ], [ 1554976.429284877376631, -50.594878762163688 ], [ 1554976.208273661322892, -20.107757856988062 ], [ 1554916.051401729229838, -19.937890370149251 ], [ 1554915.830432247603312, 10.549146537662972 ], [ 1554855.673621451715007, 10.718993452331581 ], [ 1554855.894558746134862, -19.768012333098273 ], [ 1554825.816148098092526, -19.683069327528713 ], [ 1554826.037078820867464, -50.170112360539619 ], [ 1554795.958659313619137, -50.085151140824323 ], [ 1554796.400517159374431, -111.059364549372788 ], [ 1554766.322072688955814, -110.974369544052905 ], [ 1554766.54299981193617, -141.461539928087831 ], [ 1554736.464546472299844, -141.376526691627447 ], [ 1554736.685467022703961, -171.863734319702871 ], [ 1554706.607004825957119, -171.778702881134677 ], [ 1554706.827918811468408, -202.26594777095346 ], [ 1554676.749447754351422, -202.180898127445062 ], [ 1554676.970355169149116, -232.668180275466625 ], [ 1554646.891875240253285, -232.583112392320317 ], [ 1554647.11277609039098, -263.070431813415098 ], [ 1554617.034287296235561, -262.985345713998754 ], [ 1554617.255181581247598, -293.472702399669345 ], [ 1554587.176683925557882, -293.387598088231584 ], [ 1554587.397571640321985, -323.874992044142914 ], [ 1554557.319065115880221, -323.789869495899723 ], [ 1554557.53994626342319, -354.277300714262594 ], [ 1554527.461430881405249, -354.192159970992748 ], [ 1554527.682305458467454, -384.679628449682696 ], [ 1554497.603781203739345, -384.594469474564278 ], [ 1554497.824649211019278, -415.081975215705711 ], [ 1554317.35355901485309, -414.570872436984928 ], [ 1554317.132787587121129, -384.083460104769358 ], [ 1554256.975847576279193, -383.913102485196532 ], [ 1554256.755117876920849, -353.425774143971353 ], [ 1554226.67667481652461, -353.340606939135057 ], [ 1554225.573249732144177, -200.904835642153614 ], [ 1554255.651612316723913, -200.989925015895864 ], [ 1554255.210276789730415, -140.015955206145122 ], [ 1554285.288614405551925, -140.101010766666292 ], [ 1554284.847284798510373, -79.12722114609862 ], [ 1554314.925597459310666, -79.212242938718063 ], [ 1554314.484273775713518, -18.238633500960422 ], [ 1554344.562561474740505, -18.323621500894117 ], [ 1554344.341897828271613, 12.163119547783554 ], [ 1554374.420176660176367, 12.078149772617328 ], [ 1554374.19950645044446, 42.564853553886707 ], [ 1554404.277776417089626, 42.47990199853114 ], [ 1554403.836432385258377, 103.453182237662375 ], [ 1554433.914677394321188, 103.368264465078951 ], [ 1554433.473339289193973, 164.341364532729983 ], [ 1554463.551559334620833, 164.25648056132971 ], [ 1554462.889575352193788, 255.715781205704815 ], [ 1554432.811403589323163, 255.800618469101551 ], [ 1554432.590777413453907, 286.28693080060674 ], [ 1554402.512628973927349, 286.371755143020778 ], [ 1554402.292028417577967, 316.857999093232706 ], [ 1554372.213903303258121, 316.942810512539722 ], [ 1554371.772762963082641, 377.915108800888106 ], [ 1554341.694677258143201, 377.999891746872663 ], [ 1554341.253607212333009, 438.97194762393292 ], [ 1554311.175560923991725, 439.056702076059651 ], [ 1554310.955056285485625, 469.542635217403529 ], [ 1554280.877033318160102, 469.627376750671942 ], [ 1554280.215624829754233, 561.084812603444789 ], [ 1554250.137657363666221, 561.169510084850685 ], [ 1554249.476382876979187, 652.626423938986022 ], [ 1554219.398470910964534, 652.711077376318713 ], [ 1554218.737330430187285, 744.167469233232623 ], [ 1554188.6594739605207, 744.252078614454149 ], [ 1554188.218793438980356, 805.222711367808301 ], [ 1554158.140976373571903, 805.307292270750622 ], [ 1554157.480075298110023, 896.762798653363689 ], [ 1554127.402313716942444, 896.847335535600678 ], [ 1554127.182048497954383, 927.33238315378378 ], [ 1554097.104310236638412, 927.41690709733507 ], [ 1554096.884070626692846, 957.901886358300885 ], [ 1554036.728647949872538, 958.070911091444373 ], [ 1554036.508450037799776, 988.555806427274547 ], [ 1554006.430765614379197, 988.640307238110154 ], [ 1554006.210593316238374, 1019.125134191938969 ], [ 1553946.055278322426602, 1019.294112621412864 ], [ 1553945.835147716104984, 1049.778855667808784 ], [ 1553915.757517135003582, 1049.863333315479849 ], [ 1553915.537412139121443, 1080.348007989080088 ], [ 1553885.459804863668978, 1080.432472741260426 ], [ 1553885.019655613927171, 1141.401632566316039 ], [ 1553854.942087735049427, 1141.4860688409251 ], [ 1553854.722043474204838, 1171.97055400866725 ], [ 1553824.644498899113387, 1172.054977384245376 ], [ 1553824.424480249173939, 1202.539394181315856 ], [ 1553794.346958974609151, 1202.623804663527835 ], [ 1553794.126965929521248, 1233.108153115418872 ], [ 1553764.049467963399366, 1233.192550687269886 ], [ 1553763.829500519437715, 1263.676830793273439 ], [ 1553733.752025861060247, 1263.761215451931093 ], [ 1553733.312151705147699, 1324.72958615808011 ], [ 1553703.234716425649822, 1324.813942382361574 ], [ 1553702.794912520796061, 1385.782070801850978 ], [ 1553701.915418929187581, 1507.717694263420071 ], [ 1553731.992757707834244, 1507.633431423988668 ], [ 1553731.113352091517299, 1629.568272625457666 ], [ 1553761.19063375913538, 1629.484074692597005 ], [ 1553760.750955899944529, 1690.451209739401293 ], [ 1553790.828212612541392, 1690.36704561905367 ], [ 1553789.729104133788496, 1842.784037475356399 ], [ 1553729.57475873385556, 1842.952212773735255 ], [ 1553729.354997750837356, 1873.435421717030522 ], [ 1553669.200713377678767, 1873.603576552996856 ], [ 1553668.980994079029188, 1904.086701586734989 ], [ 1553638.903878785204142, 1904.17076747447436 ], [ 1553638.684185084421188, 1934.653824172946543 ], [ 1553608.607093091122806, 1934.737877151741259 ], [ 1553608.387424984946847, 1965.220865524861438 ], [ 1553578.310356286354363, 1965.304905608873469 ], [ 1553578.090713774785399, 1995.787825655933375 ], [ 1553548.013668363913894, 1995.871852862865808 ], [ 1553547.794051449047402, 2026.354704582449358 ], [ 1553517.717029332416132, 2026.438718891058897 ], [ 1553517.277856209781021, 2087.404232905800654 ], [ 1553487.200873457128182, 2087.4882187807425 ], [ 1553486.322705707279965, 2209.418551430227581 ], [ 1553456.245794478338212, 2209.502477735664343 ], [ 1553455.148379262536764, 2361.914128655222612 ], [ 1553425.071555628674105, 2361.997979840231892 ], [ 1553424.632688297657296, 2422.962239789583691 ], [ 1553454.709479777840897, 2422.878419732622206 ], [ 1553454.490044305101037, 2453.360486138711622 ], [ 1553514.643616743385792, 2453.19288515737253 ], [ 1553514.424158634152263, 2483.674929931951283 ], [ 1553544.500939594116062, 2483.591149006865635 ], [ 1553544.281474919291213, 2514.073156591928637 ], [ 1553604.435026311082765, 2513.905633904083061 ], [ 1553604.215539005585015, 2544.38761984630537 ], [ 1553995.214117120252922, 2543.29918540669496 ], [ 1554145.598510179901496, 2542.880677073833795 ], [ 1554145.378742988919839, 2573.362890389096265 ], [ 1554235.609417155850679, 2573.111864142156719 ], [ 1554235.829232583986595, 2542.629604133053363 ], [ 1554265.906154479598626, 2542.545918498356514 ], [ 1554266.125995505833998, 2512.063590179479434 ], [ 1554296.202940696384758, 2511.979891650000354 ], [ 1554296.422807324910536, 2481.497495003646691 ], [ 1554416.730724572204053, 2481.162665314258447 ], [ 1554416.510793626308441, 2511.645124215290252 ], [ 1554536.818762012757361, 2511.310399496936952 ], [ 1554536.598776267375797, 2541.792867894505434 ], [ 1554596.752771600615233, 2541.625552690861241 ], [ 1554596.53276320383884, 2572.107999495865442 ], [ 1554746.917797446018085, 2571.689835984073852 ], [ 1554746.697718158131465, 2602.172307888938121 ], [ 1554806.851750219007954, 2602.005092292354675 ], [ 1554806.631648293696344, 2632.48754256712391 ], [ 1554836.708659071009606, 2632.403954338664789 ], [ 1554836.92877708398737, 2601.921488481814777 ], [ 1554867.00581115973182, 2601.837887359989509 ], [ 1554867.225954773835838, 2571.355353192657731 ], [ 1554897.303012154763564, 2571.271739161888036 ], [ 1554957.457148576388136, 2571.104519094971238 ], [ 1554957.23695671162568, 2601.58709997101505 ], [ 1555017.391089847544208, 2601.41992170911044 ], [ 1555017.170875336742029, 2631.902480983384066 ], [ 1555047.247936650412157, 2631.818911424389171 ], [ 1555047.02771557518281, 2662.301433527557947 ], [ 1555197.413050048751757, 2661.88370354316703 ], [ 1555197.192758079618216, 2692.366250758942442 ], [ 1555227.269830552162603, 2692.28272833282017 ], [ 1555227.049532023491338, 2722.765238363328535 ], [ 1555257.126595633570105, 2722.681734175428119 ], [ 1555256.906290543964133, 2753.164207027042721 ], [ 1555557.677163034444675, 2752.329467419865068 ], [ 1555557.897628979757428, 2721.846838811175076 ], [ 1555618.051922335056588, 2721.67989168736085 ], [ 1555618.272429977310821, 2691.197179188940936 ], [ 1555648.349603575887159, 2691.113694051470247 ], [ 1555648.570136830443516, 2660.630913224157666 ], [ 1555678.647333744447678, 2660.547415164288395 ], [ 1555678.867892609676346, 2630.064566017288598 ], [ 1555708.94511283817701, 2629.981055039977036 ], [ 1555709.165697321528569, 2599.498137559127372 ], [ 1555829.474714835872874, 2599.164057961570506 ], [ 1555829.695373202674091, 2568.68102540912696 ], [ 1555889.849957498256117, 2568.513970414544929 ], [ 1555890.070657566189766, 2538.030853963874051 ], [ 1555980.302636491833255, 2537.780244653898535 ], [ 1555980.081888155313209, 2568.263407843021469 ], [ 1556010.159212826518342, 2568.179892311111416 ], [ 1556009.938457927200943, 2598.663018333378659 ], [ 1556040.015773747349158, 2598.579521015614318 ], [ 1556039.5742603528779, 2659.545645965462427 ], [ 1556129.806154628517106, 2659.295263487526881 ], [ 1556129.58536395826377, 2689.778293566522734 ], [ 1556159.662660419475287, 2689.694853636559401 ], [ 1556159.221075487090275, 2750.660786714027381 ], [ 1556189.298346990486607, 2750.577380614279718 ], [ 1556189.077552727423608, 2781.060283614168384 ], [ 1556219.154815381392837, 2780.976895729274474 ], [ 1556218.934014556230977, 2811.459761565139615 ], [ 1556249.011268341215327, 2811.376391944667375 ], [ 1556248.790460959309712, 2841.859220602346795 ], [ 1556278.867705886485055, 2841.775869206642255 ], [ 1556278.646891942480579, 2872.258660712336223 ], [ 1556248.569663104601204, 2872.341996523127364 ], [ 1556247.686566984979436, 2994.272572751583084 ], [ 1556217.609409734141082, 2994.35584888948506 ], [ 1556217.388675609137863, 3024.838345530238257 ], [ 1556247.465816776733845, 3024.755084953173537 ], [ 1556247.024344942998141, 3085.719951150615543 ], [ 1556277.101461156504229, 3085.636724411555861 ], [ 1556276.43927661399357, 3177.083674890754082 ], [ 1556306.516351788770407, 3177.000497561158227 ], [ 1556306.295626573264599, 3207.482724506226987 ], [ 1556336.372692895587534, 3207.399565396442085 ], [ 1556335.489822978852317, 3329.328008131804836 ], [ 1556365.566832169657573, 3329.244914031975441 ], [ 1556364.684050349984318, 3451.172575398047229 ], [ 1556394.761002422310412, 3451.089546281973071 ], [ 1556394.319636512314901, 3512.053091748495717 ], [ 1556454.473497995873913, 3511.887103807428048 ], [ 1556454.252797154476866, 3542.368828627827497 ], [ 1556484.329722649417818, 3542.285854233499322 ], [ 1556484.109015254536644, 3572.767541898372656 ], [ 1556514.18593188514933, 3572.684585758553112 ], [ 1556513.965217925142497, 3603.166236298349304 ], [ 1556544.042125700740144, 3603.083298391794415 ], [ 1556543.821405190508813, 3633.564911762610336 ], [ 1556603.975210242206231, 3633.399075124571937 ], [ 1556603.754467085236683, 3663.880666945310622 ], [ 1556663.908268876373768, 3663.714872105911127 ], [ 1556663.687503071501851, 3694.19644238223691 ], [ 1556723.841301600215957, 3694.030689347849602 ], [ 1556753.91821170784533, 3693.947816822302684 ], [ 1556754.139025774551556, 3663.466199789821985 ], [ 1556814.292899843771011, 3663.30043156919055 ], [ 1556814.513755614403635, 3632.818730654769297 ], [ 1556904.744669202249497, 3632.570051512446753 ], [ 1556904.523765163030475, 3663.051799189396661 ], [ 1556934.600734732346609, 3662.968927039859409 ], [ 1556932.612882456043735, 3937.302423988212013 ], [ 1556902.53605768410489, 3937.385155848040085 ], [ 1556900.7698545884341, 4181.233443887211251 ], [ 1556930.846550670685247, 4181.150836699606771 ], [ 1556930.405063012382016, 4242.112412795080672 ], [ 1556960.481734150322154, 4242.029839444772733 ], [ 1556960.260988532565534, 4272.510564004647676 ], [ 1557020.414320323383436, 4272.345456447947072 ], [ 1557020.19355205912143, 4302.826159488193298 ], [ 1557080.346880583325401, 4302.661093764121688 ], [ 1557078.801544340793043, 4516.024757630362728 ], [ 1557138.954676583176479, 4515.859920752919606 ], [ 1557139.175442493287846, 4485.379524253020463 ], [ 1557199.328635811572894, 4485.214666860764737 ], [ 1557198.666270172456279, 4576.655791750588833 ], [ 1557228.742829418741167, 4576.573413805449491 ], [ 1557228.522043842589483, 4607.053698969771176 ], [ 1557258.598594228969887, 4606.971339280556094 ], [ 1557258.377802102826536, 4637.451587324757384 ], [ 1557288.454343631863594, 4637.369245887218312 ], [ 1557288.233544948510826, 4667.849456820505111 ], [ 1557318.310077620670199, 4667.767133632517471 ], [ 1557318.089272376149893, 4698.247307476132846 ], [ 1557348.165796190965921, 4698.165002540528803 ], [ 1557347.944984395988286, 4728.645139268272942 ], [ 1557408.098021530313417, 4728.480568582050182 ], [ 1557407.65636218432337, 4789.44074633148557 ], [ 1557437.732859420357272, 4789.358496162947631 ], [ 1557436.849590743193403, 4911.278281742173931 ], [ 1557406.773157843621448, 4911.360469565395761 ], [ 1557406.110854640603065, 5002.799708796163941 ], [ 1557345.958107024198398, 5002.963998905091103 ], [ 1557345.737390513066202, 5033.443608777233749 ], [ 1557315.661043623229489, 5033.525742258966602 ], [ 1557315.219671347178519, 5094.484772786303438 ], [ 1557255.067063581431285, 5094.64898538703801 ], [ 1557254.84642389556393, 5125.1283904728989 ], [ 1557224.770146932220086, 5125.210485181061813 ], [ 1557224.549532860284671, 5155.68982199538641 ], [ 1557194.473279200028628, 5155.77190379460535 ], [ 1557194.252690738532692, 5186.251172333853901 ], [ 1557164.176460376940668, 5186.333241231916872 ], [ 1557163.735344196204096, 5247.291589116836803 ], [ 1557133.659153220942244, 5247.373629515376706 ], [ 1557133.218107304535806, 5308.331735532840867 ], [ 1557132.55660987040028, 5399.768499524084291 ], [ 1557102.480506518157199, 5399.850464671194459 ], [ 1557102.260042502777651, 5430.329265078857134 ], [ 1557132.336129776900634, 5430.247315513119247 ], [ 1557131.895198166370392, 5491.204789480181716 ], [ 1557161.97126049734652, 5491.122873772984349 ], [ 1557161.75079290359281, 5521.60154733309264 ], [ 1557191.826846376759931, 5521.519649883235616 ], [ 1557191.60637222789228, 5551.998286365002969 ], [ 1557251.758468686370179, 5551.834530626906599 ], [ 1557250.656080019194633, 5704.22707894809264 ], [ 1557280.732058682013303, 5704.145283020748138 ], [ 1557280.511593448929489, 5734.623650277019806 ], [ 1557340.663540285779163, 5734.460097603775466 ], [ 1557340.002105256076902, 5825.894976946443421 ], [ 1557400.153984504053369, 5825.731528483718648 ], [ 1557399.713011130224913, 5886.68791376434001 ], [ 1557459.86485495371744, 5886.524538328853851 ], [ 1557459.644350392045453, 5917.002683171725948 ], [ 1557549.872122042113915, 5916.757686855035899 ], [ 1557549.431045039091259, 5977.713912055536639 ], [ 1557579.506951203104109, 5977.632283148553142 ], [ 1557578.183852328686044, 6160.499788672115756 ], [ 1557608.259669249411672, 6160.418255944205157 ], [ 1557608.039170031901449, 6190.896004846444157 ], [ 1557638.114978091558442, 6190.814490395701796 ], [ 1557637.673976082121953, 6251.769861419188601 ], [ 1557667.749759207945317, 6251.688380817780853 ], [ 1557667.529256410896778, 6282.166002957440469 ], [ 1557637.453489362262189, 6282.247467971810693 ], [ 1557637.233012170065194, 6312.725021875339735 ], [ 1557667.308763139415532, 6312.643572450131614 ], [ 1557666.867805175250396, 6373.598553505232303 ], [ 1557696.943531214725226, 6373.517137914487648 ], [ 1557696.723050441825762, 6403.99456507314062 ], [ 1557726.7987676251214, 6403.913167750359207 ], [ 1557726.578280298504978, 6434.390557852620987 ], [ 1557786.729704173980281, 6434.227802407622221 ], [ 1557784.084213380003348, 6799.952752124075232 ], [ 1557754.008690748130903, 6800.033941457768378 ], [ 1557753.567941111279652, 6860.987331720169095 ], [ 1557723.49245784827508, 6861.068492557172249 ], [ 1557723.272113388637081, 6891.545093165935214 ], [ 1557693.196653416613117, 6891.626241099658728 ], [ 1557692.976334551116452, 6922.102773507697748 ], [ 1557662.900897875195369, 6922.183908516898555 ], [ 1557662.680604610824957, 6952.660372702969653 ], [ 1557692.756025221198797, 6952.579253252482886 ], [ 1557691.874883099924773, 7074.484646112458904 ], [ 1557661.799526785500348, 7074.565703206299077 ], [ 1557661.13881840207614, 7165.994148572995073 ], [ 1557631.063517519272864, 7166.075161597977967 ], [ 1557630.843316508922726, 7196.551189233704463 ], [ 1557600.768038913607597, 7196.632189356823801 ], [ 1557600.547863498330116, 7227.108148782620447 ], [ 1557570.472609191434458, 7227.189136002460145 ], [ 1557570.252459364011884, 7257.665027243820077 ], [ 1557540.177228342043236, 7257.746001558255557 ], [ 1557539.957104112487286, 7288.221824591810218 ], [ 1557509.881896375445649, 7288.302786012171055 ], [ 1557509.441708612488583, 7349.254243081140885 ], [ 1557479.366540231974795, 7349.335176009060888 ], [ 1557479.146476704161614, 7379.810810040935394 ], [ 1557418.996193720260635, 7379.972652802297489 ], [ 1557416.796403403161094, 7684.725788017713967 ], [ 1557386.721433416940272, 7684.806557603224974 ], [ 1557386.281621718313545, 7745.75652223743964 ], [ 1557356.206691080005839, 7745.837263336175056 ], [ 1557355.98681557434611, 7776.312151176518455 ], [ 1557325.911908205132931, 7776.392879402422295 ], [ 1557325.692058286396787, 7806.867699053371325 ], [ 1557265.542297322535887, 7807.02913239299869 ], [ 1557264.88290106318891, 7898.453182301537709 ], [ 1557294.957729748217389, 7898.372511018030309 ], [ 1557294.737933960743248, 7928.847104721376127 ], [ 1557324.812753786565736, 7928.766451713619972 ], [ 1557324.592951455153525, 7959.2410083888999 ], [ 1557354.667762423167005, 7959.160373661852645 ], [ 1557353.788584005786106, 8081.058136786693467 ], [ 1557323.713837304385379, 8081.138709181878767 ], [ 1557323.274337327806279, 8142.087244039642428 ], [ 1557293.199629958719015, 8142.167787978499291 ], [ 1557292.101126873865724, 8294.53812698071124 ], [ 1557322.17575392476283, 8294.457660939511698 ], [ 1557321.736387175042182, 8355.40545961920543 ], [ 1557351.810989302815869, 8355.325027445751402 ], [ 1557351.591304136905819, 8385.798863498841456 ], [ 1557381.665897410362959, 8385.718449592641264 ], [ 1557381.446205698419362, 8416.192248641034894 ], [ 1557411.520790108479559, 8416.11185303041384 ], [ 1557411.301091848872602, 8446.585615081190554 ], [ 1557441.375667405081913, 8446.505237736408162 ], [ 1557440.93626730889082, 8507.45263526940289 ], [ 1557501.085375787923113, 8507.291950989174438 ], [ 1557501.52484014024958, 8446.344491121482861 ], [ 1557591.748653283342719, 8446.103391452261349 ], [ 1557591.528868159512058, 8476.577194412991958 ], [ 1557681.752697983058169, 8476.336165725972023 ], [ 1557681.972531303064898, 8445.862316011918665 ], [ 1557712.047171730082482, 8445.781962905928594 ], [ 1557712.267030626535416, 8415.30804503717809 ], [ 1557742.341694326139987, 8415.227679049859944 ], [ 1557742.561578809516504, 8384.753693015083627 ], [ 1557892.935085765318945, 8384.351825563242528 ], [ 1557892.715120952343568, 8414.82588951550315 ], [ 1557922.789827909087762, 8414.745539683130119 ], [ 1557923.009808789007366, 8384.271460138876137 ], [ 1557953.084539021598175, 8384.191097409595386 ], [ 1557952.86454207659699, 8414.665192544427555 ], [ 1558013.013992036692798, 8414.504506345914706 ], [ 1558012.793972478015348, 8444.978580066626819 ], [ 1558072.943419153802097, 8444.817935799879706 ], [ 1558072.723376976326108, 8475.291988121342001 ], [ 1558102.798095063306391, 8475.21168560807746 ], [ 1558102.578046339796856, 8505.685700943962729 ], [ 1558192.802195674041286, 8505.444856297564911 ], [ 1558192.582108263624832, 8535.918865834692042 ], [ 1558222.656823067227378, 8535.838605244694918 ], [ 1558222.436729114037007, 8566.312577780665379 ], [ 1558252.511435060296208, 8566.232335478456662 ], [ 1558252.291334562003613, 8596.706271016104438 ], [ 1558282.366031650220975, 8596.626046999561368 ], [ 1558282.145924611017108, 8627.099945534633662 ], [ 1558312.220612842123955, 8627.019739805173231 ], [ 1558312.000499251298606, 8657.493601366706571 ], [ 1558342.07517862948589, 8657.413413902375396 ], [ 1558341.855058489600196, 8687.887238491783137 ], [ 1558371.929729013470933, 8687.807069310285442 ], [ 1558371.709602332441136, 8718.280856894289172 ], [ 1558401.784263998968527, 8718.200705994915552 ], [ 1558401.344007055275142, 8779.148154660220825 ], [ 1558431.418643801473081, 8779.068037629302125 ], [ 1558430.31808772101067, 8931.43581725795957 ], [ 1558400.24353130790405, 8931.515856347317822 ], [ 1558400.023464718135074, 8961.989238989126534 ], [ 1558309.799886938650161, 8962.229325653870546 ], [ 1558309.579878072021529, 8992.702608944246094 ], [ 1558279.505382633302361, 8992.782627636339384 ], [ 1558279.285399341955781, 9023.255842808133821 ], [ 1558249.210927181178704, 9023.335848588450972 ], [ 1558248.990969475824386, 9053.808995604838856 ], [ 1558218.916520587401465, 9053.888988499578772 ], [ 1558218.476665868191049, 9114.835093657431571 ], [ 1558188.402256316505373, 9114.915058071766907 ], [ 1558186.643346663797274, 9358.697251751587828 ], [ 1558156.569072829559445, 9358.777094159753688 ], [ 1558155.470143925398588, 9511.139179310865075 ], [ 1558185.544337452622131, 9511.059414823013867 ], [ 1558185.324564161943272, 9541.531689789555458 ], [ 1558215.398748833686113, 9541.451943585952904 ], [ 1558214.959198677213863, 9602.396367060238845 ], [ 1558305.181699567241594, 9602.157238145015071 ], [ 1558304.961890580831096, 9632.629417821875904 ], [ 1558365.110228414414451, 9632.470043222425375 ], [ 1558364.890396823873743, 9662.942201523404947 ], [ 1558394.964560491265729, 9662.862533849807733 ], [ 1558394.74472235282883, 9693.334655202030262 ], [ 1558454.893039184855297, 9693.175359132583253 ], [ 1558454.673178442055359, 9723.647459114590674 ], [ 1558514.821491977199912, 9723.48820501868795 ], [ 1558514.601608627010137, 9753.960283641808928 ], [ 1558574.749918864108622, 9753.801071520865662 ], [ 1558574.530012911884114, 9784.273128768812967 ], [ 1558604.604162785457447, 9784.193542328095646 ], [ 1558604.384250276256353, 9814.66556265986037 ], [ 1558664.532539526931942, 9814.506429042012314 ], [ 1558664.312604419188574, 9844.97842799152204 ], [ 1559115.425451990449801, 9843.78550368129072 ], [ 1559115.645628059050068, 9813.313270853992435 ], [ 1559235.94272569171153, 9812.995197729736901 ], [ 1559236.162975533632562, 9782.522850015662698 ], [ 1559266.237284043803811, 9782.443322863327921 ], [ 1559266.457559480797499, 9751.970906998805731 ], [ 1559296.531891264021397, 9751.891366960186133 ], [ 1559296.752192294457927, 9721.418882938844035 ], [ 1559326.826547359582037, 9721.339329999069378 ], [ 1559327.26721011265181, 9660.394173177051925 ], [ 1559387.416006157174706, 9660.235012965928036 ], [ 1559387.636383950710297, 9629.762324563344009 ], [ 1559417.710808861767873, 9629.682732908773687 ], [ 1559418.59247956238687, 9507.791391362927243 ], [ 1559448.666975959669799, 9507.711740022012236 ], [ 1559449.328377197263762, 9416.292635302193958 ], [ 1559569.626627801917493, 9415.973869610574184 ], [ 1559569.847178214462474, 9385.500667201145916 ], [ 1559660.070990164298564, 9385.261574358739381 ], [ 1559660.291598306037486, 9354.788272627620245 ], [ 1559690.366232803091407, 9354.708564771302918 ], [ 1559690.586866543162614, 9324.235194879822302 ], [ 1559720.661524325842038, 9324.155474125891487 ], [ 1559720.882183667272329, 9293.682036066968067 ], [ 1559750.956864737439901, 9293.602302404799048 ], [ 1559750.294867083663121, 9385.02250569210446 ], [ 1559780.369507165858522, 9384.942821498880221 ], [ 1559780.148844266310334, 9415.416133072096272 ], [ 1559810.223475492326543, 9415.336467177285158 ], [ 1559809.561495729489252, 9506.75613341708231 ], [ 1559839.636085965670645, 9506.676516993340556 ], [ 1559838.974143724888563, 9598.095757081468037 ], [ 1559869.048692971700802, 9598.016190137293961 ], [ 1559868.386788259726018, 9689.435004094993928 ], [ 1559898.461296508554369, 9689.355486652339096 ], [ 1559898.240664584795013, 9719.828335154161323 ], [ 1559897.578825979726389, 9811.246565379009553 ], [ 1559867.504382017767057, 9811.326020411201171 ], [ 1559865.96053781802766, 10024.633276194705104 ], [ 1559835.886213547782972, 10024.712624744033747 ], [ 1559835.665718550095335, 10055.184864100865525 ], [ 1559805.591417566407472, 10055.264199730629116 ], [ 1559805.150488269282505, 10116.208489679122067 ], [ 1559775.076226641656831, 10116.287796794493261 ], [ 1559774.635367579059675, 10177.23184540449256 ], [ 1559744.561145298881456, 10177.311124019632189 ], [ 1559744.340746114496142, 10207.783053944172934 ], [ 1559714.266547116916627, 10207.862319649659185 ], [ 1559714.046173527603969, 10238.334181442869522 ], [ 1559683.971997807966545, 10238.413434254282038 ], [ 1559683.751649809302762, 10268.885227909791865 ], [ 1559653.677497373893857, 10268.964467804469678 ], [ 1559653.457174957962707, 10299.436193354144052 ], [ 1559623.383045795140788, 10299.515420365369209 ], [ 1559621.620937834260985, 10543.28720902855639 ], [ 1559591.54694440192543, 10543.366313957136299 ], [ 1559590.886359216878191, 10634.779821336562236 ], [ 1559620.960304458159953, 10634.700763195294712 ], [ 1559620.519929809728637, 10695.642870071991638 ], [ 1559650.593850135803223, 10695.563845823253359 ], [ 1559650.373661033576354, 10726.03483607929229 ], [ 1559680.447572509059682, 10725.955830118344238 ], [ 1559680.227376867085695, 10756.42678345182685 ], [ 1559710.301279486157, 10756.347795791414683 ], [ 1559710.081077298615128, 10786.818712222169779 ], [ 1559740.154971073614433, 10786.739742839632527 ], [ 1559739.274193285731599, 10908.622945829027231 ], [ 1559709.200363761279732, 10908.701852827300172 ], [ 1559708.980209180153906, 10939.172506697341305 ], [ 1559678.906402933876961, 10939.251400785960868 ], [ 1559678.686273933155462, 10969.721986567867134 ], [ 1559648.612490957137197, 10969.800867757456217 ], [ 1559648.392387539846823, 11000.27138543140245 ], [ 1559618.318627831991762, 11000.350253731874545 ], [ 1559617.878481679363176, 11061.29110037974533 ], [ 1559678.025944059714675, 11061.13342886027749 ], [ 1559677.805853138677776, 11091.603804625054181 ], [ 1559707.879579078173265, 11091.524988522605781 ], [ 1559707.659481620648876, 11121.995327370492305 ], [ 1559737.733198709553108, 11121.916529557249305 ], [ 1559737.513094708090648, 11152.38683150736324 ], [ 1559767.586802942212671, 11152.308051999612871 ], [ 1559767.36669240379706, 11182.778317039208559 ], [ 1559797.440391785930842, 11182.699555824205163 ], [ 1559797.220274705672637, 11213.16978395823935 ], [ 1559827.293965242570266, 11213.09104103102618 ], [ 1559827.073841617209837, 11243.561232280035256 ], [ 1559857.147523302352056, 11243.482507647691818 ], [ 1559856.92739313817583, 11273.952661986890234 ], [ 1559887.00106596830301, 11273.873955660748834 ], [ 1559886.78092926624231, 11304.344073095093336 ], [ 1559916.854593242518604, 11304.265385074444566 ], [ 1559915.974077388644218, 11426.145392265852934 ], [ 1559976.121298491256312, 11425.988149082593736 ], [ 1559975.90116120595485, 11456.458050842673401 ], [ 1560096.195625686086714, 11456.143659270152057 ], [ 1560096.415827208198607, 11425.673695131472414 ], [ 1560186.636799464933574, 11425.437882993635867 ], [ 1560186.857058698311448, 11394.967819555926326 ], [ 1560216.930746599799022, 11394.889205311701517 ], [ 1560217.151031419169158, 11364.419073777362428 ], [ 1560247.224742591148242, 11364.340446644020631 ], [ 1560246.784150352934375, 11425.280688416127305 ], [ 1560216.710471302969381, 11425.359284358401055 ], [ 1560216.49020552681759, 11455.829310908959087 ], [ 1560156.342901182128116, 11455.986479697610775 ], [ 1560156.122677052393556, 11486.456422560251667 ], [ 1560126.04905175883323, 11486.534995397425519 ], [ 1560125.388484679162502, 11577.944462245279283 ], [ 1560095.314914779737592, 11578.022990987396042 ], [ 1560094.874616455519572, 11638.962341902109983 ], [ 1560124.948154238751158, 11638.883844345398757 ], [ 1560124.728003292810172, 11669.353456684530101 ], [ 1560154.801532221725211, 11669.274977435436085 ], [ 1560154.361226780572906, 11730.214075827680063 ], [ 1560184.434730797074735, 11730.13563047961361 ], [ 1560184.214576295111328, 11760.605116559636372 ], [ 1560214.288071463117376, 11760.526689506439652 ], [ 1560214.067910425132141, 11790.996138687272833 ], [ 1560244.141396743711084, 11790.917729934613817 ], [ 1560243.921229160157964, 11821.387142250956458 ], [ 1560304.068191307131201, 11821.230364044628004 ], [ 1560303.407649334520102, 11912.638379675712713 ], [ 1560333.481093037407845, 11912.560041435064704 ], [ 1560333.260915357852355, 11943.029290629223397 ], [ 1560363.334350216435269, 11942.950970679905367 ], [ 1560362.453670481685549, 12064.827505055731308 ], [ 1560332.380299862474203, 12064.905762604497795 ], [ 1560332.160169783048332, 12095.374749429842268 ], [ 1560392.306886113015935, 12095.218268221298786 ], [ 1560392.527048304444179, 12064.749250222586852 ], [ 1560452.673825588775799, 12064.592748634480813 ], [ 1560452.453631277894601, 12095.061797842672604 ], [ 1560632.894039803184569, 12094.592451563088616 ], [ 1560632.673758653458208, 12125.06154190570669 ], [ 1560752.967444310197607, 12124.748760819284144 ], [ 1560752.747108437819406, 12155.217861103134055 ], [ 1560812.893962412606925, 12155.061517973563241 ], [ 1560812.673603948205709, 12185.530596970049373 ], [ 1560842.747025689575821, 12185.452445070692193 ], [ 1560842.526660681702197, 12215.921487214014633 ], [ 1560902.673493686597794, 12215.765222689507937 ], [ 1560901.351310881320387, 12398.578560976562585 ], [ 1560931.424641829216853, 12398.500526412643012 ], [ 1560930.543312840163708, 12520.375098375361631 ], [ 1560960.616586766671389, 12520.297128903541306 ], [ 1560960.396262263180688, 12550.765656349605706 ], [ 1560990.469527339329943, 12550.687705184693186 ], [ 1560990.249196295393631, 12581.156195784678857 ], [ 1561020.322452525375411, 12581.078262922426802 ], [ 1561020.102114945882931, 12611.546716657920115 ], [ 1561050.175362325040624, 12611.46880210753443 ], [ 1561049.734683620743454, 12672.405583400139221 ], [ 1561079.80790608888492, 12672.327702768481686 ], [ 1561078.045443675247952, 12916.072854609483329 ], [ 1561047.972349679796025, 12916.150610410297304 ], [ 1561047.091411227826029, 13038.021865108446946 ], [ 1561107.237477971473709, 13037.866481032036972 ], [ 1561106.797001642873511, 13098.801856117814168 ], [ 1561136.870013710809872, 13098.724199360398416 ], [ 1561134.668042755452916, 13403.398084358230335 ], [ 1561164.740901469951496, 13403.320586323477983 ], [ 1561164.520740679465234, 13433.787702030209402 ], [ 1561194.593590534292161, 13433.710222340605469 ], [ 1561194.153265412664041, 13494.644327631622218 ], [ 1561164.080447662156075, 13494.721776132280866 ], [ 1561163.199975869618356, 13616.589295156016306 ], [ 1561133.127229546196759, 13616.666683944131364 ], [ 1561132.46702382247895, 13708.066725906279316 ], [ 1561102.394332869444042, 13708.144070595088124 ], [ 1561101.954275424825028, 13769.077138560694948 ], [ 1561132.026934271212667, 13768.999825072867679 ], [ 1561131.806903766002506, 13799.466296047557989 ], [ 1561161.879553771344945, 13799.389000854604092 ], [ 1561161.659516736632213, 13829.85543499029518 ], [ 1561191.732157887425274, 13829.778158127617644 ], [ 1561191.512114318553358, 13860.244555450510234 ], [ 1561311.80268676020205, 13859.935537545245097 ], [ 1561311.582588498247787, 13890.401944849025313 ], [ 1561401.800545332022011, 13890.170256695582793 ], [ 1561401.580408420180902, 13920.636658406667266 ], [ 1561431.653059063712135, 13920.559450033624671 ], [ 1561431.43291562073864, 13951.025814930495471 ], [ 1561581.796196641400456, 13950.639891807035383 ], [ 1561581.575982440030202, 13981.106282321397885 ], [ 1561641.721313192974776, 13980.951963254881775 ], [ 1561641.501076408661902, 14011.418332549857951 ], [ 1561701.646403882885352, 14011.264055528405152 ], [ 1561701.426144506083801, 14041.730403630192086 ], [ 1561731.498802999034524, 14041.653284795516811 ], [ 1561731.278537094127387, 14072.119596070342595 ], [ 1561731.058280704310164, 14102.585854952416412 ], [ 1561761.130914293462411, 14102.508770044967605 ], [ 1561760.910651373909786, 14132.974992100080271 ], [ 1561790.983276122482494, 14132.897925489627596 ], [ 1561790.763006662018597, 14163.36411077230332 ], [ 1561820.835622560465708, 14163.287062492127006 ], [ 1561820.395080110291019, 14224.21930697256721 ], [ 1561850.467671102844179, 14224.142292628115683 ], [ 1561849.366401311010122, 14376.472064740371934 ], [ 1561879.438919240608811, 14376.395131134537223 ], [ 1561879.218677793629467, 14406.86094393786334 ], [ 1561939.363703164737672, 14406.707116090330601 ], [ 1561939.143439126899466, 14437.172907713922541 ], [ 1561969.215946573298424, 14437.096013453814521 ], [ 1561968.55516342795454, 14528.493120708642891 ], [ 1561998.627629916416481, 14528.41627599678759 ], [ 1561998.187123315175995, 14589.347450046710946 ], [ 1562058.332013701787218, 14589.193831181752103 ], [ 1562057.671228891937062, 14680.590292890914498 ], [ 1562117.816051776986569, 14680.43677855583519 ], [ 1562117.375511960824952, 14741.367553478605259 ], [ 1562147.447902110870928, 14741.290831585129126 ], [ 1562147.227630429202691, 14771.756156062830996 ], [ 1562177.300011737039313, 14771.679452485468573 ], [ 1562176.418956010835245, 14893.540288909647643 ], [ 1562206.491280306596309, 14893.463650495194088 ], [ 1562205.830540319439024, 14984.858774540980448 ], [ 1562386.264348505530506, 14984.399281970492666 ], [ 1562386.484681969741359, 14953.934199343959335 ], [ 1562446.629374471493065, 14953.781025624450194 ], [ 1562446.409008904825896, 14984.246139462589781 ], [ 1562506.553698131814599, 14984.093007817884427 ], [ 1562506.333309977082536, 15014.558100496826228 ], [ 1562476.260977811645716, 15014.634649356625232 ], [ 1562475.820262179709971, 15075.564646322514818 ], [ 1562415.675683686742559, 15075.717689738865374 ], [ 1562415.235070354770869, 15136.647414718316213 ], [ 1562445.307323887711391, 15136.570922877388512 ], [ 1562444.646427142200992, 15227.965164308952808 ], [ 1562414.574221770744771, 15228.041609298838011 ], [ 1562414.353957953630015, 15258.506236056218768 ], [ 1562354.209600930335, 15258.659102976916984 ], [ 1562353.989378736587241, 15289.123646137730248 ], [ 1562323.917227086611092, 15289.200068057920362 ], [ 1562323.697030465817079, 15319.66454322761092 ], [ 1562413.913458870491013, 15319.43533246707193 ], [ 1562413.472997883101925, 15380.36421932885969 ], [ 1562473.617255315650254, 15380.211488158143766 ], [ 1562473.397006995975971, 15410.675884256121208 ], [ 1562503.46913047041744, 15410.599538351416413 ], [ 1562503.248875619377941, 15441.063897684747644 ], [ 1562473.176768194418401, 15441.140227983296427 ], [ 1562472.956538922153413, 15471.604519312051707 ], [ 1562503.028630292974412, 15471.528204635946167 ], [ 1562502.808394482592121, 15501.992459220591627 ], [ 1562532.880477009573951, 15501.916162864848957 ], [ 1562532.219778554979712, 15593.308659204647483 ], [ 1562562.291820133337751, 15593.232412398574525 ], [ 1562562.071590306470171, 15623.696488713030703 ], [ 1562592.143623039359227, 15623.620260239358686 ], [ 1562591.923386679962277, 15654.08429980049732 ], [ 1562621.995410563889891, 15654.008089665601801 ], [ 1562621.775167677318677, 15684.472092461384818 ], [ 1562651.847182722296566, 15684.395900634104692 ], [ 1562651.626933302730322, 15714.859866679404149 ], [ 1562681.698939498513937, 15714.783693198687615 ], [ 1562681.478683549677953, 15745.247622480757855 ], [ 1562711.550680904183537, 15745.171467321821183 ], [ 1562711.330418428173289, 15775.635359845617131 ], [ 1562741.402406936977059, 15775.559223012707662 ], [ 1562741.182137925643474, 15806.023078801599695 ], [ 1562771.254117589676753, 15805.946960294009841 ], [ 1562771.033842049539089, 15836.410779333125902 ], [ 1562801.105812871828675, 15836.33467914731591 ], [ 1562800.885530800791457, 15866.7984614345296 ], [ 1562830.957492776447907, 15866.722379581829955 ], [ 1562830.73720417660661, 15897.186125119977078 ], [ 1562890.881117643788457, 15897.034000802788796 ], [ 1562891.542108312249184, 15805.642513441831397 ], [ 1562951.686146923108026, 15805.490306287882049 ], [ 1562952.126919189002365, 15744.562323760343133 ], [ 1563042.343127480009571, 15744.333939700522023 ], [ 1563042.563576058018953, 15713.869823036231537 ], [ 1563132.779897390631959, 15713.641416551810835 ], [ 1563133.000403651967645, 15683.177200678421286 ], [ 1563193.144686037674546, 15683.02491200055556 ], [ 1563192.924147664569318, 15713.489159120956174 ], [ 1563283.140577158425003, 15713.26079329935601 ], [ 1563282.920000149635598, 15743.72503489362316 ], [ 1563433.280779916793108, 15743.34455752003305 ], [ 1563433.060132157988846, 15773.808824840134548 ], [ 1563402.987977837678045, 15773.884899270369715 ], [ 1563402.767355658113956, 15804.34909860713924 ], [ 1563372.695224603405222, 15804.425160136217528 ], [ 1563371.151248433161527, 16017.672979942379243 ], [ 1563341.079236964462325, 16017.74893485901157 ], [ 1563340.638218736508861, 16078.676380902703386 ], [ 1563370.71019810042344, 16078.600457215377901 ], [ 1563370.489687220426276, 16109.064117313731913 ], [ 1563400.561657736543566, 16108.988211965181108 ], [ 1563400.341140324715525, 16139.451835329335154 ], [ 1563430.413101999787614, 16139.375948311770117 ], [ 1563430.192578062415123, 16169.839534928982175 ], [ 1563460.264530889689922, 16169.763666250897586 ], [ 1563459.823479477548972, 16230.690713673033315 ], [ 1563429.751558755058795, 16230.766551113310925 ], [ 1563429.090101225534454, 16322.156682731996625 ], [ 1563459.161973791196942, 16322.080892142759694 ], [ 1563458.50055381283164, 16413.470599465745181 ], [ 1563488.572385432664305, 16413.394858442468831 ], [ 1563488.792865286814049, 16382.931659398087504 ], [ 1563548.936582259600982, 16382.780154256344758 ], [ 1563548.71607029857114, 16413.243384542070999 ], [ 1563608.859784004976973, 16413.091921494251437 ], [ 1563608.63924946822226, 16443.555130656892288 ], [ 1563638.711101080989465, 16443.479418828508642 ], [ 1563638.490560008678585, 16473.942591283153888 ], [ 1563608.418724448420107, 16474.018287492635864 ], [ 1563607.536719620460644, 16595.870391347089026 ], [ 1563577.464955476345494, 16595.946027793754183 ], [ 1563577.244494134327397, 16626.408907264212758 ], [ 1563547.172753241378814, 16626.484530833087774 ], [ 1563546.731891218107194, 16687.41010154700416 ], [ 1563576.803600007202476, 16687.33450921876647 ], [ 1563576.583167227217928, 16717.797231686574378 ], [ 1563666.798288674093783, 16717.570517911786737 ], [ 1563666.577817267738283, 16748.033234884616832 ], [ 1563696.649522782070562, 16747.957684684290143 ], [ 1563696.429044846445322, 16778.420364948418865 ], [ 1563876.859333019470796, 16777.967214442640397 ], [ 1563876.638768291799352, 16808.429936104614171 ], [ 1563906.710492172976956, 16808.354436140121834 ], [ 1563906.269359198166057, 16869.279753675145912 ], [ 1563936.341058182762936, 16869.204287668333563 ], [ 1563936.120489933295175, 16899.666883545633027 ], [ 1563966.19218007219024, 16899.591435885384271 ], [ 1563965.971605291357264, 16930.053995053978724 ], [ 1564026.114975097123533, 16929.903139125231974 ], [ 1564025.894377739867195, 16960.365677202607912 ], [ 1564086.03774428809993, 16960.214863360703021 ], [ 1564085.817124351160601, 16990.677380351815373 ], [ 1564115.888802385190502, 16990.601993134885561 ], [ 1564115.668175919912755, 17021.064473421542061 ], [ 1564145.739845119649544, 17020.989104525680887 ], [ 1564145.077974713640288, 17112.376278271050978 ], [ 1564115.006353674689308, 17112.451600290376518 ], [ 1564114.785765307489783, 17142.913871263059264 ], [ 1564144.857370294863358, 17142.838564868303365 ], [ 1564143.754491072846577, 17295.149212934080424 ], [ 1564233.969108525663614, 17294.923544395769568 ], [ 1564233.748513103695586, 17325.385563899661065 ], [ 1564263.820050620706752, 17325.310362110551068 ], [ 1564263.599448666907847, 17355.772344931938278 ], [ 1564293.670977350091562, 17355.697161468855484 ], [ 1564293.450368872378021, 17386.159107585786842 ], [ 1564353.593415757408366, 17386.008780076870607 ], [ 1564353.372784700244665, 17416.470705118867045 ], [ 1564473.65890078805387, 17416.170145203061111 ], [ 1564473.438215050147846, 17446.63208043555278 ], [ 1564503.509746048832312, 17446.556962860486237 ], [ 1564503.289053792366758, 17477.01886137931433 ], [ 1564533.360575943253934, 17476.943762167808018 ], [ 1564533.139877161709592, 17507.40562398855036 ], [ 1564563.211390472715721, 17507.330543117237539 ], [ 1564562.990685162134469, 17537.792368253351015 ], [ 1564623.133701325394213, 17537.642245875566005 ], [ 1564622.69225506670773, 17598.565801731219835 ], [ 1564682.835235868114978, 17598.415752725526545 ], [ 1564681.731626415159553, 17750.723883117250807 ], [ 1564711.803047371795401, 17750.64894082767205 ], [ 1564711.582338009029627, 17781.11042559676207 ], [ 1564741.653750127181411, 17781.035501644539181 ], [ 1564741.874475548509508, 17750.574001228927955 ], [ 1564771.945910925744101, 17750.499064379091578 ], [ 1564772.16666191839613, 17720.037496040338738 ], [ 1564802.238120563793927, 17719.962546269518498 ], [ 1564802.458897135220468, 17689.500909996295377 ], [ 1564832.530379043892026, 17689.425947308740433 ], [ 1564832.751181191997603, 17658.964243103877379 ], [ 1564922.965718354331329, 17658.739324444253725 ], [ 1564923.186578186461702, 17628.277521037372935 ], [ 1564953.258121051825583, 17628.202537961758935 ], [ 1564953.47900647111237, 17597.74066660340759 ], [ 1565103.836909274337813, 17597.365713746909023 ], [ 1565104.057884487090632, 17566.903711941657093 ], [ 1565134.129502742551267, 17566.828713887276535 ], [ 1565134.571513870498165, 17505.904522045515478 ], [ 1565164.643171452451497, 17505.829495443460473 ], [ 1565164.864207362756133, 17475.367305426072562 ], [ 1565225.007576289121062, 17475.217229078625678 ], [ 1565225.228653843514621, 17444.754955469627021 ], [ 1565255.300365186063573, 17444.679905736273213 ], [ 1565255.521468320861459, 17414.217564188551478 ], [ 1565285.593202943680808, 17414.142501518635981 ], [ 1565286.035469918278977, 17353.217630201150314 ], [ 1565316.107243870850652, 17353.142538975062052 ], [ 1565316.549581083003432, 17292.217427102968941 ], [ 1565346.621394365094602, 17292.14230733203658 ], [ 1565347.063801819458604, 17231.216954890463967 ], [ 1565377.135654430137947, 17231.141806576815725 ], [ 1565377.35688851471059, 17200.679036226239987 ], [ 1565378.46320189582184, 17048.364399610942201 ], [ 1565348.391252929810435, 17048.43964173005952 ], [ 1565349.276410983642563, 16926.587052986466006 ], [ 1565379.348424190189689, 16926.511748325174267 ], [ 1565380.01244099647738, 16835.121710354756942 ], [ 1565440.15658543095924, 16834.97101536082846 ], [ 1565440.599375209305435, 16774.043999163750414 ], [ 1565500.743612777208909, 16773.893252437028423 ], [ 1565500.965054093394428, 16743.429634548730974 ], [ 1565531.037199769867584, 16743.354249609808903 ], [ 1565531.258666679961607, 16712.890563755878247 ], [ 1565561.330835643690079, 16712.815165881103894 ], [ 1565561.55232814908959, 16682.351412047381018 ], [ 1565591.624520401936024, 16682.276001235335571 ], [ 1565591.846038502175361, 16651.812179428907257 ], [ 1565621.918254038551822, 16651.736755689504207 ], [ 1565622.139797740150243, 16621.272865896200528 ], [ 1565652.212036567972973, 16621.197429209612892 ], [ 1565652.433605859754607, 16590.733471454928804 ], [ 1565682.505867974599823, 16590.658021830367943 ], [ 1565683.170681281480938, 16499.265787520194863 ], [ 1565803.459994754986838, 16498.963828424191888 ], [ 1565803.681682525435463, 16468.499583062042802 ], [ 1565833.754045021021739, 16468.424084411104559 ], [ 1565833.975758383516222, 16437.959771082620136 ], [ 1565894.12053719907999, 16437.808750560223416 ], [ 1565894.342292233835906, 16407.344353601885814 ], [ 1565924.414708546362817, 16407.268831753794075 ], [ 1565924.636489190161228, 16376.804366788048355 ], [ 1565954.708928796229884, 16376.728831999856993 ], [ 1565955.152550820726901, 16315.799713758511643 ], [ 1565985.225029794266447, 16315.724150373784141 ], [ 1565985.446871180320159, 16285.259497086148258 ], [ 1566015.519373445073143, 16285.183920770525219 ], [ 1566015.741240440635011, 16254.719199474773632 ], [ 1566045.813766003353521, 16254.643610209843246 ], [ 1566046.479472418082878, 16163.249085287088747 ], [ 1566076.552053419407457, 16163.173451786893565 ], [ 1566077.217893897322938, 16071.778408694282916 ], [ 1566107.290530331199989, 16071.702730980774504 ], [ 1566108.17851547175087, 15949.841877895347352 ], [ 1566138.251223420957103, 15949.766140286601512 ], [ 1566138.695305373053998, 15888.835368269228638 ], [ 1566168.768052689963952, 15888.759602087317035 ], [ 1566168.990124047268182, 15858.294121887944129 ], [ 1566199.062894670758396, 15858.218342745394693 ], [ 1566199.284991644322872, 15827.752794526577418 ], [ 1566229.357785569969565, 15827.67700244180196 ], [ 1566229.57990815420635, 15797.211386211325589 ], [ 1566259.652725382009521, 15797.135581177950371 ], [ 1566259.874873583670706, 15766.669896926612637 ], [ 1566289.947714122012258, 15766.594078935433572 ], [ 1566290.1698879301548, 15736.128326690140966 ], [ 1566350.315622857306153, 15735.976667470265966 ], [ 1566350.76006339956075, 15675.044943254288228 ], [ 1566380.832973861135542, 15674.969086399609296 ], [ 1566381.055224518757313, 15644.503130091021376 ], [ 1566411.128158290637657, 15644.427260267206293 ], [ 1566411.350434562657028, 15613.961235949793263 ], [ 1566501.569327516015619, 15613.733595673204036 ], [ 1566502.681093157269061, 15461.402453701684863 ], [ 1566562.827218728605658, 15461.250550482218387 ], [ 1566563.27205610065721, 15400.317664443511603 ], [ 1566593.345161892473698, 15400.241685576997043 ], [ 1566592.455461027566344, 15522.107310711249738 ], [ 1566682.674628927139565, 15521.879577976733344 ], [ 1566682.452179345767945, 15552.345900252134015 ], [ 1566772.671364184934646, 15552.118238568506058 ], [ 1566772.448875918053091, 15582.58455542044976 ], [ 1566802.521935932338238, 15582.508689210857483 ], [ 1566802.299441141309217, 15612.974969310900633 ], [ 1566862.445550739532337, 15612.82327623106903 ], [ 1566862.22303333831951, 15643.289535265386803 ], [ 1566922.369139742106199, 15643.137884219995613 ], [ 1566922.146599737228826, 15673.604122155305959 ], [ 1566982.292702950770035, 15673.452513142940006 ], [ 1566982.07014034409076, 15703.918729995528338 ], [ 1567042.216240362497047, 15703.767163019729196 ], [ 1567041.993655148427933, 15734.233358800216592 ], [ 1567072.06669994071126, 15734.15759498553598 ], [ 1567072.289301233366132, 15703.691383552153638 ], [ 1567132.435444702161476, 15703.539832651991674 ], [ 1567132.658087693853304, 15673.073537558309908 ], [ 1567162.731186365941539, 15672.997750489825194 ], [ 1567163.176533155841753, 15612.064971826204783 ], [ 1567193.249671225901693, 15611.989156141356943 ], [ 1567193.695088362321258, 15551.056136680952477 ], [ 1567223.768265831284225, 15550.980292371952601 ], [ 1567223.991004801588133, 15520.513688414597709 ], [ 1567254.06420559505932, 15520.437831127967002 ], [ 1567254.286970192799345, 15489.97115914125061 ], [ 1567284.360194308450446, 15489.895288886902563 ], [ 1567285.028593631228432, 15398.494911688736465 ], [ 1567345.175160077400506, 15398.343085289174269 ], [ 1567345.398011112585664, 15367.87615681241914 ], [ 1567375.471321279648691, 15367.800231986444487 ], [ 1567375.917084162356332, 15306.866186570838181 ], [ 1567405.990433741826564, 15306.790233105133666 ], [ 1567406.213345590280369, 15276.323116160616337 ], [ 1567436.28671849402599, 15276.247149725069903 ], [ 1567436.732603005599231, 15215.312727367569096 ], [ 1567466.806015320355073, 15215.2367322922928 ], [ 1567467.251970193581656, 15154.302069089146244 ], [ 1567497.325421925634146, 15154.226045374847672 ], [ 1567497.771447177277878, 15093.291141268698993 ], [ 1567527.844938315916806, 15093.215088937331529 ], [ 1567528.291033943649381, 15032.279943941635793 ], [ 1567558.364564499817789, 15032.203862966996894 ], [ 1567558.810730504104868, 14971.268477076087947 ], [ 1567588.884300473844633, 14971.192367470217505 ], [ 1567589.107413890073076, 14940.724580277428686 ], [ 1567619.181007200386375, 14940.648457672683435 ], [ 1567619.404146248241886, 14910.180602432123123 ], [ 1567679.551386784296483, 14910.028333942627796 ], [ 1567680.220957769080997, 14818.624359867049861 ], [ 1567710.294637175044045, 14818.548182639695369 ], [ 1567710.517862695502117, 14788.080070825537405 ], [ 1567770.66527541493997, 14787.927693118439493 ], [ 1567770.888542672153562, 14757.459497562547767 ], [ 1567800.962275999831036, 14757.383297047399537 ], [ 1567801.185568892862648, 14726.915033441613559 ], [ 1567831.259325559483841, 14726.838819941751353 ], [ 1567831.482644091825932, 14696.37048827615763 ], [ 1567861.556424093432724, 14696.294261798662774 ], [ 1567861.779768273234367, 14665.825862055557081 ], [ 1567921.927382224239409, 14665.673385751169917 ], [ 1567922.150768130319193, 14635.204902305984433 ], [ 1567952.224602073431015, 14635.128652498919109 ], [ 1567952.448013624176383, 14604.660100981178402 ], [ 1567982.521870912052691, 14604.583838176653444 ], [ 1567982.745308113051578, 14574.11521857290245 ], [ 1568012.819188738474622, 14574.038942794995819 ], [ 1568013.489605941111222, 14482.632722563739662 ], [ 1568073.63748550019227, 14482.480085022880303 ], [ 1568073.41397136519663, 14512.948908825885155 ], [ 1568193.709753204137087, 14512.64372835051654 ], [ 1568193.933331702603027, 14482.174841896998259 ], [ 1568254.081298346631229, 14482.022236309849177 ], [ 1568254.304918581619859, 14451.553266125218215 ], [ 1568284.378928877180442, 14451.476951679249396 ], [ 1568284.602574768243358, 14421.007913407192973 ], [ 1568314.676608415553346, 14420.931585952435853 ], [ 1568315.347651716321707, 14329.524109655365464 ], [ 1568345.421740895602852, 14329.447737875412713 ], [ 1568345.869183077011257, 14268.509126936392931 ], [ 1568375.943311700597405, 14268.432726489802008 ], [ 1568406.017447589896619, 14268.356328705018313 ], [ 1568406.241215207846835, 14237.886913270842342 ], [ 1568466.389540945645422, 14237.734094354000263 ], [ 1568466.83716923603788, 14176.79504357048063 ], [ 1568617.208271590294316, 14176.412886177395194 ], [ 1568617.880027155624703, 14085.003681852016598 ], [ 1568678.028615506133065, 14084.85074350017203 ], [ 1568678.700553705450147, 13993.440973339560514 ], [ 1568708.774907059734687, 13993.36446115589024 ], [ 1568709.446979623520747, 13901.954172116598784 ], [ 1568739.521388532361016, 13901.877615592156872 ], [ 1568740.193595458287746, 13810.466807662143765 ], [ 1568710.119138255016878, 13810.543411191290943 ], [ 1568710.567291829269379, 13749.602641732961274 ], [ 1568740.641781229525805, 13749.526006864749434 ], [ 1568741.0900052562356, 13688.584996320723803 ], [ 1568771.164534117560834, 13688.508332773128132 ], [ 1568771.612828606041148, 13627.567081126413541 ], [ 1568801.687396927038208, 13627.490388911470291 ], [ 1568802.135761869838461, 13566.548896174810579 ], [ 1568832.210369660053402, 13566.472175265615078 ], [ 1568832.658805058337748, 13505.530441431927102 ], [ 1568862.733452318469062, 13505.453691830602111 ], [ 1568863.181958187371492, 13444.511716860943125 ], [ 1568893.256644916953519, 13444.434938575275737 ], [ 1568893.705221249023452, 13383.49272248876332 ], [ 1568923.779947450151667, 13383.415915511674029 ], [ 1568924.004266067175195, 13352.944713129738375 ], [ 1569014.228536579292268, 13352.714261100871227 ], [ 1569014.004169652238488, 13383.185510505923958 ], [ 1569194.452810365473852, 13382.72477194397834 ], [ 1569194.67727390723303, 13352.253428518895817 ], [ 1569345.051421642070636, 13351.869474157507284 ], [ 1569344.826877589104697, 13382.340895929899489 ], [ 1569374.901712850201875, 13382.264128662507574 ], [ 1569374.677162263542414, 13412.735513656090916 ], [ 1569464.901663368102163, 13412.505274764313072 ], [ 1569465.57548878272064, 13321.090821351135673 ], [ 1569495.650385343469679, 13321.014033322508112 ], [ 1569496.324345207074657, 13229.599060817508871 ], [ 1569526.399297356372699, 13229.522228411286051 ], [ 1569527.073391673853621, 13138.106736803132662 ], [ 1569557.148399419849738, 13138.029860011523851 ], [ 1569557.822628196328878, 13046.613849251356442 ], [ 1569587.897691540420055, 13046.536928080737198 ], [ 1569588.347257462795824, 12985.592627264795738 ], [ 1569618.422360297758132, 12985.515677379386034 ], [ 1569618.871996727306396, 12924.57113536232464 ], [ 1569648.947139053372666, 12924.494156764956642 ], [ 1569649.396845991723239, 12863.549373529784134 ], [ 1569679.472027811221778, 12863.472366228248575 ], [ 1569679.921805258141831, 12802.527341784874807 ], [ 1569709.997026576660573, 12802.450305756510716 ], [ 1569710.446874534478411, 12741.505040093607022 ], [ 1569740.52213534899056, 12741.427975353286456 ], [ 1569740.297190473647788, 12771.900650099862105 ], [ 1569800.447701718891039, 12771.746559889181299 ], [ 1569800.672678812174127, 12741.273853797874835 ], [ 1569830.747961463872343, 12741.196796977825215 ], [ 1569831.19797660340555, 12680.251195999593619 ], [ 1569861.273298756219447, 12680.17411045625704 ], [ 1569861.723384418291971, 12619.228268240085526 ], [ 1569891.798746075714007, 12619.151153967795835 ], [ 1569892.023819375783205, 12588.678138485976888 ], [ 1569892.473994707688689, 12527.731950077115471 ], [ 1569922.549411980900913, 12527.654791406695949 ], [ 1569923.224795134272426, 12436.235068184139891 ], [ 1569953.300268028397113, 12436.157865107092221 ], [ 1569953.975785706890747, 12344.737622530710723 ], [ 1570014.126850017113611, 12344.583130214543417 ], [ 1570014.577307475265115, 12283.635976699548337 ], [ 1569984.501739448867738, 12283.713252910760275 ], [ 1569984.952202991116792, 12222.765920810465104 ], [ 1569954.876610021339729, 12222.843231007678696 ], [ 1569955.327079641399905, 12161.895720334119687 ], [ 1569925.251461725216359, 12161.973064526539019 ], [ 1569925.701937430072576, 12101.025375250683283 ], [ 1569955.777587574673817, 12100.947999699370484 ], [ 1569956.228133814875036, 12040.000069120427725 ], [ 1570016.379520416026935, 12039.845263200460977 ], [ 1570016.830169434426352, 11978.897059920591346 ], [ 1570046.905905894003808, 11978.819629542731491 ], [ 1570049.15988686401397, 11674.075306638627808 ], [ 1570079.235791781917214, 11673.997722072876059 ], [ 1570079.686735166003928, 11613.048196128223935 ], [ 1570049.610798010835424, 11613.125812060658063 ], [ 1570049.836267955368385, 11582.650986013301008 ], [ 1570019.760321972193196, 11582.72862025052018 ], [ 1570019.985785376746207, 11552.25375738116054 ], [ 1569989.90983056393452, 11552.331409921747763 ], [ 1569991.488229820737615, 11339.006009372242261 ], [ 1569961.412169466260821, 11339.083774304206599 ], [ 1569962.088721643202007, 11247.657862003159607 ], [ 1569932.012620216002688, 11247.735676611546296 ], [ 1569932.238140650559217, 11217.260283162606356 ], [ 1569962.314258193597198, 11217.182452885748717 ], [ 1569962.765360048040748, 11156.231477066912703 ], [ 1569992.841517120134085, 11156.15361804906388 ], [ 1569994.872094810707495, 10881.871486055988498 ], [ 1569964.79579264880158, 10881.949486200539468 ], [ 1569965.021444180747494, 10851.473446822843471 ], [ 1569934.94513318198733, 10851.55146529200465 ], [ 1569936.524849361041561, 10638.2178285723312 ], [ 1569966.601273217936978, 10638.139700321906275 ], [ 1569967.052739188773558, 10577.186728539452815 ], [ 1570027.205673275981098, 10577.030417166735788 ], [ 1570026.979903253028169, 10607.506960695020098 ], [ 1570177.362285503419116, 10607.116306490046554 ], [ 1570177.588136146776378, 10576.639684554262203 ], [ 1570207.664650606457144, 10576.561545877544631 ], [ 1570207.890526960371062, 10546.084855716253514 ], [ 1570268.04361001518555, 10545.928554849137072 ], [ 1570268.269528211792931, 10515.45178076270895 ], [ 1570358.499255889095366, 10515.217302021852447 ], [ 1570358.725232047494501, 10484.740428350316506 ], [ 1570418.87845257227309, 10484.584090888502033 ], [ 1570419.104470571968704, 10454.107133296078246 ], [ 1570479.257752543315291, 10453.950774908744279 ], [ 1570479.031702290056273, 10484.427763866433452 ], [ 1570569.261631597066298, 10484.193292953084892 ], [ 1570569.035542553989217, 10514.670276424296389 ], [ 1570749.495501478435472, 10514.201499248605614 ], [ 1570749.721687294077128, 10483.724421641942172 ], [ 1570779.798388792900369, 10483.646285560467732 ], [ 1570780.024600325385109, 10453.16913972688053 ], [ 1570930.408297976944596, 10452.778420045302482 ], [ 1570930.634599752724171, 10422.301143201151717 ], [ 1570990.788162185577676, 10422.144842215071549 ], [ 1570990.109188853297383, 10513.576609255771473 ], [ 1571020.185932631837204, 10513.498509749877485 ], [ 1571019.959611235652119, 10543.97567604658434 ], [ 1571050.036346188979223, 10543.897594831312745 ], [ 1571049.131091993069276, 10665.80579737161861 ], [ 1571079.207769724074751, 10665.727781548685016 ], [ 1571079.434085019864142, 10635.25079402209667 ], [ 1571259.894401540979743, 10634.782659722475728 ], [ 1571259.441586980130523, 10695.736770532716037 ], [ 1571289.518299699062482, 10695.658788673123127 ], [ 1571289.291890673805028, 10726.13578097665777 ], [ 1571319.368594567989931, 10726.057817402730507 ], [ 1571319.142178992973641, 10756.534772892759065 ], [ 1571409.372286104597151, 10756.300944916378285 ], [ 1571409.14583173696883, 10786.7778949255935 ], [ 1571439.222532577579841, 10786.699973197748477 ], [ 1571438.99607167346403, 10817.176886362300138 ], [ 1571469.072763689793646, 10817.098982929326667 ], [ 1571468.619838383980095, 10878.052683080753923 ], [ 1571438.543178631225601, 10878.130555129342611 ], [ 1571438.31674649566412, 10908.607310716253778 ], [ 1571408.240110176149756, 10908.685169673204655 ], [ 1571408.013703765114769, 10939.161857031775071 ], [ 1571438.090323955984786, 10939.084013764539122 ], [ 1571437.637507637031376, 11000.037262308253048 ], [ 1571467.714102873811498, 10999.959453034807666 ], [ 1571467.261292658979073, 11060.912522863634877 ], [ 1571497.337862933985889, 11060.834747602391872 ], [ 1571496.432293084682897, 11182.740319733124124 ], [ 1571526.508806145051494, 11182.662609855013216 ], [ 1571526.282421526964754, 11213.138887278466427 ], [ 1571556.358925759792328, 11213.061195714344649 ], [ 1571556.13253459869884, 11243.537436329248521 ], [ 1571586.209030014229938, 11243.459763042294071 ], [ 1571585.756244215415791, 11304.412118088759598 ], [ 1571615.83271466800943, 11304.334478821088851 ], [ 1571615.606320024700835, 11334.810593265396164 ], [ 1571645.682781649986282, 11334.732972304635041 ], [ 1571644.550871647661552, 11487.112835276317128 ], [ 1571825.009310885565355, 11486.647635215953414 ], [ 1571824.782860879320651, 11517.123544458314427 ], [ 1571884.935700127854943, 11516.968530042249768 ], [ 1571884.709227456478402, 11547.44441816365179 ], [ 1572005.014929065480828, 11547.134483486091995 ], [ 1572005.241466253995895, 11516.658532577508595 ], [ 1572065.394393141847104, 11516.503549506172931 ], [ 1572065.620972187956795, 11486.027514676701685 ], [ 1572095.697462720097974, 11485.9500113558679 ], [ 1572155.850465692346916, 11485.795012553040578 ], [ 1572155.62383826635778, 11516.271094451652971 ], [ 1572245.853349131299183, 11516.038662904444209 ], [ 1572246.080024955095723, 11485.562533904821976 ], [ 1572336.309649982256815, 11485.330078701599632 ], [ 1572336.536383800208569, 11454.853850075091032 ], [ 1572456.84271732182242, 11454.54388353516697 ], [ 1572457.523169941036031, 11363.114694149438947 ], [ 1572487.599819992436096, 11363.037161923331951 ], [ 1572488.053535320563242, 11302.084075002014288 ], [ 1572518.130224948981777, 11302.006513974729387 ], [ 1572518.584010919788852, 11241.053185598078926 ], [ 1572548.660740131512284, 11240.975595765363323 ], [ 1572548.887663654051721, 11210.498837075490883 ], [ 1572578.964416302507743, 11210.421234157511208 ], [ 1572579.191365552833304, 11179.944407253458849 ], [ 1572609.268141653388739, 11179.866791222597385 ], [ 1572609.495116631966084, 11149.389896098702593 ], [ 1572639.571916180895641, 11149.312266966288007 ], [ 1572639.798916894011199, 11118.835303616886449 ], [ 1572669.875739889917895, 11118.757661376546821 ], [ 1572670.102766336174682, 11088.280629800929091 ], [ 1572700.179612777195871, 11088.202974466827072 ], [ 1572700.406664958689362, 11057.725874652955099 ], [ 1572730.483534854836762, 11057.648206208094052 ], [ 1572730.710612771334127, 11027.1710381694229 ], [ 1572760.787506112363189, 11027.093356625842716 ], [ 1572761.241723015438765, 10966.138831553900673 ], [ 1572791.318655948387459, 10966.06112119143836 ], [ 1572792.000101706944406, 10874.628892497699781 ], [ 1572822.07709036511369, 10874.551137630181984 ], [ 1572822.304274294059724, 10844.073607280695796 ], [ 1572882.45830583688803, 10843.918073908056613 ], [ 1572882.685531635768712, 10813.440459637684398 ], [ 1572972.916682232404128, 10813.207131939916508 ], [ 1572973.143966049421579, 10782.72941801504021 ], [ 1573003.221047022147104, 10782.651631597438609 ], [ 1573004.130342874443159, 10660.740187671381136 ], [ 1573034.207495725015178, 10660.662341022185501 ], [ 1573034.889616849366575, 10569.228159299285835 ], [ 1573064.966825437964872, 10569.150268128039897 ], [ 1573067.92389211896807, 10172.929811852362036 ], [ 1573068.151426007505506, 10142.45094736662395 ], [ 1573038.073991415090859, 10142.529058463660476 ], [ 1573038.301518762251362, 10112.050157131136075 ], [ 1572978.146639244398102, 10112.206418528603535 ], [ 1572978.374143904540688, 10081.727496070161578 ], [ 1572948.296698986785486, 10081.805646350767347 ], [ 1572948.5241971060168, 10051.326687041288096 ], [ 1572918.446743360487744, 10051.404855632343242 ], [ 1572918.674234938574955, 10020.92585947536827 ], [ 1572888.596772366203368, 10021.004046366959301 ], [ 1572888.824257404310629, 9990.525013353282702 ], [ 1572858.74678601580672, 9990.603218529122387 ], [ 1572859.201752607012168, 9929.645026268151923 ], [ 1572829.124256245791912, 9929.723265459733739 ], [ 1572829.351737807039171, 9899.244106177035064 ], [ 1572799.274232617113739, 9899.322363677649264 ], [ 1572799.95668647880666, 9807.884617603913284 ], [ 1572769.879140178672969, 9807.962924817065868 ], [ 1572770.334125141380355, 9747.004196039675662 ], [ 1572710.178989920532331, 9747.160881065090507 ], [ 1572710.406464517349377, 9716.681469241511877 ], [ 1572680.328891743440181, 9716.759831336445131 ], [ 1572680.556359802139923, 9686.280382650498723 ], [ 1572650.478778197895736, 9686.358763064377854 ], [ 1572650.706239714520052, 9655.879277513942725 ], [ 1572620.628649291582406, 9655.957676206406177 ], [ 1572621.083568836795166, 9594.9985788273043 ], [ 1572591.005953443935141, 9595.077011527013383 ], [ 1572591.23341147811152, 9564.597399679229056 ], [ 1572561.155787255149335, 9564.675850688678111 ], [ 1572561.383238746318966, 9534.196201983484571 ], [ 1572591.460879109799862, 9534.117735282905414 ], [ 1572591.688356346916407, 9503.638018306175582 ], [ 1572621.766020177165046, 9503.559538482799326 ], [ 1572623.81389278289862, 9229.239578401282415 ], [ 1572593.736083635361865, 9229.318199582914531 ], [ 1572594.418832265771925, 9137.877313587168828 ], [ 1572564.340982002438977, 9137.955984472131604 ], [ 1572564.568567938171327, 9107.475599680921732 ], [ 1572534.490708845667541, 9107.554288877750878 ], [ 1572535.173475841525942, 9016.112866112787742 ], [ 1572565.251383379101753, 9016.03412979512359 ], [ 1572566.161938431672752, 8894.111433712670987 ], [ 1572536.083966299658641, 8894.190232861419645 ], [ 1572536.994610435096547, 8772.266758148667577 ], [ 1572567.072647161083296, 8772.187896180164898 ], [ 1572567.528059158008546, 8711.225811848986268 ], [ 1572597.606135504087433, 8711.146921056642896 ], [ 1572598.289373998064548, 8619.703352949689361 ], [ 1572628.367506122682244, 8619.624417608387375 ], [ 1572629.278689870610833, 8497.698860904487447 ], [ 1572659.356893925694749, 8497.619865310351088 ], [ 1572659.812575742602348, 8436.656739928364914 ], [ 1572689.890819428022951, 8436.577715497640384 ], [ 1572690.118690902600065, 8406.096058182596607 ], [ 1572720.196958067594096, 8406.017020623412463 ], [ 1572720.424855297897011, 8375.535295004257932 ], [ 1572750.503145948750898, 8375.456244301036349 ], [ 1572750.959001538110897, 8314.492603818873249 ], [ 1572720.880678586894646, 8314.571685933389745 ], [ 1572721.108604642795399, 8284.089802485214022 ], [ 1572751.186943748733029, 8284.01070466186502 ], [ 1572751.414895565714687, 8253.528752901083863 ], [ 1572781.493258156115189, 8253.449641936527769 ], [ 1572781.7212357330136, 8222.967621853225864 ], [ 1572841.878015207825229, 8222.809376245440944 ], [ 1572842.334063814254478, 8161.845115378370792 ], [ 1572872.412496854318306, 8161.765965027017046 ], [ 1572873.324773999862373, 8039.836749083393443 ], [ 1572903.403278987389058, 8039.757538466456936 ], [ 1572903.859507533023134, 7978.792583366535837 ], [ 1572933.938052165554836, 7978.713343896727565 ], [ 1572934.166197011247277, 7948.230771702887068 ], [ 1572964.24476513476111, 7948.151519091164118 ], [ 1572964.701115966774523, 7887.186185430596197 ], [ 1572994.779723738553002, 7887.106903953962501 ], [ 1572995.007929727202281, 7856.624142484402 ], [ 1573025.086560987867415, 7856.544847876474705 ], [ 1573025.314792745281011, 7826.062018068816542 ], [ 1573055.393447497161105, 7825.982710317558485 ], [ 1573055.621705025201663, 7795.499812168261087 ], [ 1573085.700383270392194, 7795.420491272963773 ], [ 1573086.156959482934326, 7734.454505662534757 ], [ 1573146.314402602380142, 7734.295808745860995 ], [ 1573146.771081901853904, 7673.32954976675137 ], [ 1573176.849846784025431, 7673.250173738293597 ], [ 1573177.534986310638487, 7581.800343400983365 ], [ 1573207.613807004410774, 7581.720922802322093 ], [ 1573207.842222231673077, 7551.237525054911202 ], [ 1573267.999917957931757, 7551.0786601073969 ], [ 1573268.228375125210732, 7520.595178276232218 ], [ 1573298.307250152807683, 7520.515733947206172 ], [ 1573298.992727811913937, 7429.064925543834761 ], [ 1573329.071658663917333, 7428.985436625485818 ], [ 1573329.300186608685181, 7398.501712834103273 ], [ 1573359.379140959354118, 7398.422210768175319 ], [ 1573359.607694683829322, 7367.938418616742638 ], [ 1573389.686672540381551, 7367.858903387656937 ], [ 1573389.458102652337402, 7398.34271125925261 ], [ 1573509.774022803409025, 7398.024738910448832 ], [ 1573510.002657341537997, 7367.540868172362934 ], [ 1573570.160693781450391, 7367.381865950294014 ], [ 1573570.389370260527357, 7336.89791113978481 ], [ 1573630.547468386823311, 7336.738887746480032 ], [ 1573630.776186814066023, 7306.254848850093367 ], [ 1573721.013437557267025, 7306.016285823920043 ], [ 1573720.784670638153329, 7336.50037187725593 ], [ 1573780.942842186894268, 7336.341374092238766 ], [ 1573780.714052560739219, 7366.8254389276035 ], [ 1573810.793133175931871, 7366.745959621922339 ], [ 1573810.564337004441768, 7397.22998753543925 ], [ 1573870.722487942548469, 7397.071068021255996 ], [ 1573870.493669054238126, 7427.555074748666812 ], [ 1573930.651817033300176, 7427.396196921948103 ], [ 1573930.422975432593375, 7457.880182456879083 ], [ 1574110.897498613921925, 7457.403704795406156 ], [ 1574111.126437210477889, 7426.919624923917581 ], [ 1574261.522155998973176, 7426.522551995070899 ], [ 1574261.751185046508908, 7396.038340882171724 ], [ 1574321.909556311322376, 7395.879498190726736 ], [ 1574321.680494929663837, 7426.363740755281469 ], [ 1574381.83886324474588, 7426.204939744219701 ], [ 1574381.609779146732762, 7456.689161122667429 ], [ 1574441.768144509987906, 7456.530401800487198 ], [ 1574441.539037693524733, 7487.014602007699068 ], [ 1574471.618215236579999, 7486.935241883514209 ], [ 1574471.389101874316111, 7517.419405174544409 ], [ 1574501.468270590063184, 7517.340063348770855 ], [ 1574501.239150679437444, 7547.824189733531057 ], [ 1574531.318310572765768, 7547.744866201919649 ], [ 1574530.630960075184703, 7639.196976700736741 ], [ 1574500.55184868327342, 7639.276253056279529 ], [ 1574500.093695461284369, 7700.244032105058068 ], [ 1574530.172774514881894, 7700.164787204003005 ], [ 1574530.401862487662584, 7669.680908259567332 ], [ 1574771.034888755530119, 7669.046915351918869 ], [ 1574770.805671440437436, 7699.530920107227757 ], [ 1574800.884816617704928, 7699.451698236211996 ], [ 1574801.114050105214119, 7668.967677744453795 ], [ 1574861.272394846193492, 7668.809210213992628 ], [ 1574861.043129025958478, 7699.293262153158139 ], [ 1574921.201470827683806, 7699.134836298124355 ], [ 1574920.972182291559875, 7729.618867061805759 ], [ 1574981.130521148908883, 7729.460482902733929 ], [ 1574980.901209899457172, 7759.944492491638812 ], [ 1575010.98037418210879, 7759.86531997556267 ], [ 1575010.751056389184669, 7790.349292655365389 ], [ 1575009.833881435915828, 7912.284657148491533 ], [ 1575039.912972222547978, 7912.205565839803057 ], [ 1575039.225143544143066, 8003.656583834728735 ], [ 1575069.304193176561967, 8003.577542260529299 ], [ 1575068.845656503457576, 8064.544655930744739 ], [ 1575098.924681144533679, 8064.46564839140683 ], [ 1575098.695411077002063, 8094.949142018358543 ], [ 1575128.774426901480183, 8094.870152749108456 ], [ 1575128.545150286285207, 8125.353609498823062 ], [ 1575158.624157287646085, 8125.27463853223253 ], [ 1575158.85345007176511, 8094.791166052440531 ], [ 1575188.932480588089675, 8094.712181915610927 ], [ 1575189.161799161927775, 8064.228641091348436 ], [ 1575550.110932739218697, 8063.280842050587125 ], [ 1575549.881420124787837, 8093.764571664803043 ], [ 1575970.989854366285726, 8092.659491350543249 ], [ 1575971.219593391753733, 8062.175541440900815 ], [ 1576001.298838596092537, 8062.096610543023417 ], [ 1576001.528603426879272, 8031.612592263417355 ], [ 1576031.607872161082923, 8031.533648182554316 ], [ 1576032.297272941097617, 7940.081230409074124 ], [ 1576062.376597557449713, 7940.00224165533109 ], [ 1576062.606433253968135, 7909.517981399219934 ], [ 1576092.685781399719417, 7909.438979468156504 ], [ 1576092.915642897132784, 7878.954650854828287 ], [ 1576122.995014575775713, 7878.875635728033558 ], [ 1576123.224901883397251, 7848.391238738368884 ], [ 1576183.383699672063813, 7848.233184645364418 ], [ 1576183.153780015418306, 7878.717613106513454 ], [ 1576213.233173765940592, 7878.638605638695481 ], [ 1576213.003247566288337, 7909.122997209860841 ], [ 1576182.923869989113882, 7909.201988948309918 ], [ 1576182.693969595711678, 7939.686312148804063 ], [ 1576212.773330996045843, 7939.607336153885626 ], [ 1576212.543424059636891, 7970.091622462980922 ], [ 1576242.622776647796854, 7970.01266474169006 ], [ 1576242.162959306966513, 8030.981110986763269 ], [ 1576272.242286895634606, 8030.902187308122848 ], [ 1576272.472206929931417, 8000.417974753500857 ], [ 1576332.630916543537751, 8000.260103548308507 ], [ 1576332.860878554871306, 7969.775806897895563 ], [ 1576393.019649955909699, 7969.617914406751879 ], [ 1576392.789655589032918, 8000.102242544934597 ], [ 1576783.822177034569904, 7999.076394289347263 ], [ 1576783.591981996316463, 8029.560874445047375 ], [ 1576843.750909511465579, 8029.403121325895881 ], [ 1576844.211373947560787, 7968.434045378532574 ], [ 1576874.290881105000153, 7968.35514115040769 ], [ 1576874.521143952850252, 7937.870508498503114 ], [ 1576934.680212731705979, 7937.712676147604725 ], [ 1576934.910517568467185, 7907.227959383621965 ], [ 1576995.069648165255785, 7907.070105709951349 ], [ 1576995.299994992557913, 7876.585304841679317 ], [ 1577055.459187408676371, 7876.427429848777138 ], [ 1577055.689576235832646, 7845.942544848599937 ], [ 1577085.769199677044526, 7845.863595408011861 ], [ 1577085.999614325119182, 7815.378642020876214 ], [ 1577116.079261307837442, 7815.299679385264426 ], [ 1577116.309701775666326, 7784.814657615419492 ], [ 1577146.389372305944562, 7784.735681777702666 ], [ 1577146.619838586775586, 7754.25059163435435 ], [ 1577176.699532673461363, 7754.17160256904117 ], [ 1577177.160526516847312, 7693.20123287916158 ], [ 1577207.240260331192985, 7693.122214869629715 ], [ 1577207.470787893980742, 7662.636935318142605 ], [ 1577237.550545249832794, 7662.557904117835278 ], [ 1577237.781098634470254, 7632.072556179390631 ], [ 1577207.701325087575242, 7632.151603135974256 ], [ 1577208.623570265015587, 7510.209747986483308 ], [ 1577178.543739350279793, 7510.288860485526129 ], [ 1577178.774308556225151, 7479.803280845330846 ], [ 1577148.694468830479309, 7479.882411616585159 ], [ 1577149.386185710551217, 7388.425404109223564 ], [ 1577119.306304799159989, 7388.504584670908116 ], [ 1577119.998059875331819, 7297.047150577093817 ], [ 1577089.91813778062351, 7297.126380922127282 ], [ 1577090.148725897539407, 7266.640480009949897 ], [ 1577060.068794988794252, 7266.719728630026111 ], [ 1577060.760568606900051, 7175.261757273437979 ], [ 1577030.680596509482712, 7175.34105567615552 ], [ 1577030.91119080921635, 7144.854975666001337 ], [ 1577000.83120989985764, 7144.934292357216691 ], [ 1577001.061797649832442, 7114.448175447873837 ], [ 1576970.981807920848951, 7114.527510425463333 ], [ 1576971.212389125023037, 7084.041356604894645 ], [ 1576911.052399406209588, 7084.200065660083055 ], [ 1576911.744103736476973, 6992.741382764301306 ], [ 1576851.58404637943022, 6992.90019645771099 ], [ 1576852.967521046288311, 6809.981597866172706 ], [ 1576822.887406312162057, 6810.061102980537726 ], [ 1576823.118002967908978, 6779.574501327927464 ], [ 1576793.037879416253418, 6779.654024737163127 ], [ 1576794.882870175410062, 6535.759441479028283 ], [ 1576764.802624501520768, 6535.839093393517032 ], [ 1576765.033275531837717, 6505.352049231769342 ], [ 1576734.953021042747423, 6505.431719422009337 ], [ 1576735.183665525401011, 6474.944638335582567 ], [ 1576675.023146273801103, 6475.104017833067701 ], [ 1576675.253768023103476, 6444.616915561950009 ], [ 1576645.173503269907087, 6444.696624847244493 ], [ 1576645.404118473874405, 6414.20948564153332 ], [ 1576615.323844897095114, 6414.289213222406033 ], [ 1576615.554453548975289, 6383.8020370983877 ], [ 1576675.715040435781702, 6383.642553003751345 ], [ 1576675.945691101485863, 6353.155292710297545 ], [ 1576706.026011785492301, 6353.075538726631748 ], [ 1576706.256688279798254, 6322.58821000302396 ], [ 1576736.337032526032999, 6322.508442796010058 ], [ 1576736.567734845681116, 6292.021045657827926 ], [ 1576766.648102653445676, 6291.941265233130252 ], [ 1576766.878830798901618, 6261.453799674708534 ], [ 1576857.120027020573616, 6261.21442634423056 ], [ 1576857.350813374156132, 6230.726860864345326 ], [ 1576917.51168009871617, 6230.567259796117469 ], [ 1576917.742508473573253, 6200.079610138299358 ], [ 1576947.822969087399542, 6199.999797648717504 ], [ 1576948.053823288995773, 6169.512079567827641 ], [ 1576978.134307470405474, 6169.432253850649431 ], [ 1576978.365187511313707, 6138.944467324735342 ], [ 1577008.445695247268304, 6138.864628411825834 ], [ 1577008.676601118175313, 6108.376773460715413 ], [ 1577038.757132427301258, 6108.296921307462981 ], [ 1577038.988064131932333, 6077.808997922658818 ], [ 1577069.068619003752246, 6077.729132555972683 ], [ 1577069.530543723376468, 6016.753096225980698 ], [ 1577099.611138353589922, 6016.673201893123405 ], [ 1577099.842131370911375, 5986.18508894439492 ], [ 1577160.003375157481059, 5986.02527631817793 ], [ 1577160.234410197939724, 5955.537079194349644 ], [ 1577190.315059347776696, 5955.457160926481265 ], [ 1577190.546120224753395, 5924.968895361170325 ], [ 1577220.626792947296053, 5924.888963858624265 ], [ 1577220.857879659160972, 5894.400629851829763 ], [ 1577250.938575954409316, 5894.32068512522801 ], [ 1577250.245296159759164, 5985.785576338288593 ], [ 1577280.32595125050284, 5985.705681390079008 ], [ 1577279.863780555548146, 6046.68204358913863 ], [ 1577340.025048088748008, 6046.522324297495288 ], [ 1577339.562851201044396, 6107.49853875322151 ], [ 1577369.643463651882485, 6107.418714393501432 ], [ 1577369.181272946298122, 6168.394749635120206 ], [ 1577399.26186038996093, 6168.314959300347255 ], [ 1577399.030763312010095, 6198.802913645375156 ], [ 1577429.111341936979443, 6198.723141599100018 ], [ 1577428.8802383125294, 6229.211059005993775 ], [ 1577458.96080812253058, 6229.131305236179287 ], [ 1577458.729697945993394, 6259.619185726181968 ], [ 1577518.890827317954972, 6259.459717257529519 ], [ 1577518.659694399219006, 6289.947576577004838 ], [ 1577548.740253963507712, 6289.867861874627124 ], [ 1577548.50911449175328, 6320.355684277211367 ], [ 1577578.58966524200514, 6320.275987853417973 ], [ 1577578.358519220491871, 6350.763773339818727 ], [ 1577608.439061151817441, 6350.68409520169098 ], [ 1577607.283394769066945, 6503.122311183015881 ], [ 1577637.363863114267588, 6503.04271434149905 ], [ 1577637.132742579327896, 6533.530215269579458 ], [ 1577667.213202113984153, 6533.450636696733454 ], [ 1577666.98207502043806, 6563.938100735539592 ], [ 1577877.545384990982711, 6563.3812318049022 ], [ 1577877.776625428814441, 6532.893657495525076 ], [ 1578088.340410348027945, 6532.336801993587869 ], [ 1578088.571773787494749, 6501.849064731974067 ], [ 1578148.732954011764377, 6501.689954349519212 ], [ 1578148.964359490200877, 6471.202132892269219 ], [ 1578179.044976870995015, 6471.122565725747336 ], [ 1578179.276408193167299, 6440.634675835512098 ], [ 1578209.357049151090905, 6440.555095437143791 ], [ 1578209.588506318395957, 6410.0671371054259 ], [ 1578239.669170856242999, 6409.987543465298586 ], [ 1578240.826682391576469, 6257.546882867610293 ], [ 1578270.90743529680185, 6257.467212954951719 ], [ 1578271.138982752105221, 6226.978907027767491 ], [ 1578301.219759236089885, 6226.89922388397099 ], [ 1578301.451332534663379, 6196.410849521676937 ], [ 1578391.693754909792915, 6196.171767862539127 ], [ 1578391.92538645118475, 6165.68329353912668 ], [ 1578422.0062248732429, 6165.603588942264651 ], [ 1578422.237882269313559, 6135.115046154709489 ], [ 1578452.318744281772524, 6135.035328306882548 ], [ 1578452.087070688139647, 6165.52388684575817 ], [ 1578482.167923890287057, 6165.44418726589447 ], [ 1578481.936243746662512, 6195.932708883630767 ], [ 1578512.017088135937229, 6195.853027588015721 ], [ 1578511.785401446511969, 6226.341512282488111 ], [ 1578571.947079980978742, 6226.182188765777937 ], [ 1578571.715370543766767, 6256.670652301759219 ], [ 1578631.877046227455139, 6256.511370376210834 ], [ 1578631.645314042922109, 6286.999812750869751 ], [ 1578691.806986873969436, 6286.840572423563572 ], [ 1578691.575231942115352, 6317.328993636901032 ], [ 1578721.656063238391653, 6317.249393021128526 ], [ 1578721.424301757477224, 6347.737777319699489 ], [ 1578751.505124245537445, 6347.65819496693257 ], [ 1578751.27335621137172, 6378.146542366314861 ], [ 1578901.677498457254842, 6377.748747193692907 ], [ 1578901.44565908331424, 6408.237120711206444 ], [ 1579051.849905038019642, 6407.839467264351697 ], [ 1579051.617994309170172, 6438.327866941065622 ], [ 1579081.698849465698004, 6438.248359560023346 ], [ 1579081.466932185227051, 6468.736722337548599 ], [ 1579201.790361915016547, 6468.418781026861325 ], [ 1579201.326426707208157, 6529.39547466856493 ], [ 1579231.407270204275846, 6529.316027175679665 ], [ 1579228.856138553237543, 6864.684249612445456 ], [ 1579198.775473250309005, 6864.763523695645745 ], [ 1579198.543626304483041, 6895.251212151109939 ], [ 1579168.462984595214948, 6895.330472969891161 ], [ 1579167.072202812414616, 7078.255403174355706 ], [ 1579197.152747329324484, 7078.176236953426269 ], [ 1579195.29878250672482, 7322.073321210909853 ], [ 1579375.781427252106369, 7321.599133569327023 ], [ 1579375.549627897329628, 7352.086126755258192 ], [ 1579405.630078340414912, 7352.007120077697436 ], [ 1579405.39827243774198, 7382.494076384267828 ], [ 1579465.55916309542954, 7382.336102108622072 ], [ 1579464.863706110510975, 7473.796749750043091 ], [ 1579463.70480415574275, 7626.230109588874257 ], [ 1579463.473052718443796, 7656.716623625650755 ], [ 1579433.392749468330294, 7656.795467599523363 ], [ 1579433.161023878958076, 7687.281913225973767 ], [ 1579463.241310929879546, 7687.203085028913847 ], [ 1579463.009578795870766, 7717.689493780251723 ], [ 1579523.170142663642764, 7717.531876482600637 ], [ 1579522.938387791858986, 7748.018264118644765 ], [ 1579553.018664608476683, 7747.939475018054509 ], [ 1579552.786903183441609, 7778.425825806602006 ], [ 1579582.867171194637194, 7778.347054980347821 ], [ 1579582.635403222870082, 7808.833368908653028 ], [ 1579612.715662430971861, 7808.754616356734005 ], [ 1579612.483887909911573, 7839.240893417716507 ], [ 1579642.564138298621401, 7839.162159176955356 ], [ 1579642.332357239210978, 7869.648399362116834 ], [ 1579672.412598819239065, 7869.569683413394159 ], [ 1579672.180811217054725, 7900.055886723444019 ], [ 1579762.421531678643078, 7899.819801332350835 ], [ 1579762.189705141354352, 7930.305999304626312 ], [ 1579792.269943872699514, 7930.227324983886319 ], [ 1579792.038110783789307, 7960.713486112206738 ], [ 1579822.118340706918389, 7960.634830081380642 ], [ 1579821.886501076864079, 7991.120954337421608 ], [ 1579851.966722188750282, 7991.042316600050071 ], [ 1579851.734876017319039, 8021.528403986642843 ], [ 1579821.654671097407117, 8021.607025967737172 ], [ 1579820.727447699988261, 8143.550786172982953 ], [ 1579850.80758782569319, 8143.472227297013887 ], [ 1579850.575789908412844, 8173.958051552152938 ], [ 1579880.655921231023967, 8173.87951095335211 ], [ 1579880.424116774229333, 8204.365298334794716 ], [ 1579940.584369183983654, 8204.208256254198204 ], [ 1579940.35254197823815, 8234.694022574871269 ], [ 1580000.512791546061635, 8234.537022113052444 ], [ 1580000.280941603472456, 8265.022767348878915 ], [ 1580030.361061269650236, 8264.944286675765397 ], [ 1580030.129204786149785, 8295.429995047808916 ], [ 1580060.209315642947331, 8295.351532668857544 ], [ 1580059.977452612714842, 8325.837204187033421 ], [ 1580090.057554662693292, 8325.758760101536609 ], [ 1580089.825685088289902, 8356.24439478142267 ], [ 1580119.905778326792642, 8356.165968990795591 ], [ 1580119.673902210779488, 8386.651566812563033 ], [ 1580149.753986639203504, 8386.573159319641491 ], [ 1580148.826513903914019, 8508.51508752186237 ], [ 1580178.90654094167985, 8508.436745625214826 ], [ 1580178.674680692376569, 8538.922111901725657 ], [ 1580208.754698911448941, 8538.843788323318222 ], [ 1580208.522832127287984, 8569.329117739587673 ], [ 1580298.762882537208498, 8569.094209421198684 ], [ 1580298.994797914056107, 8538.608832673075085 ], [ 1580569.715493864612654, 8537.904101936146617 ], [ 1580570.179645127849653, 8476.932906656582418 ], [ 1580600.259791796794161, 8476.854584302505828 ], [ 1580600.724014073144644, 8415.883147001117322 ], [ 1580630.80420053191483, 8415.804795601559817 ], [ 1580631.036342350533232, 8385.318982251399575 ], [ 1580661.116552402731031, 8385.240617583884159 ], [ 1580662.277487330837175, 8232.81068258014966 ], [ 1580692.357785762753338, 8232.732241579911715 ], [ 1580693.054511194815859, 8141.273601737549143 ], [ 1580723.134865616913885, 8141.195115927057486 ], [ 1580723.831726562930271, 8049.735955095829922 ], [ 1580753.91213698592037, 8049.657424463046482 ], [ 1580754.376791637390852, 7988.684355861921176 ], [ 1580784.457241858821362, 7988.60579618790689 ], [ 1580784.689599870005623, 7958.119167167342312 ], [ 1580814.77007369347848, 7958.040594212622636 ], [ 1580815.002457564231008, 7927.55389678456504 ], [ 1580845.0829549850896, 7927.475310570382135 ], [ 1580845.31536471657455, 7896.988544726334112 ], [ 1580875.39588573644869, 7896.909945246316965 ], [ 1580875.628321325406432, 7866.423110998315678 ], [ 1580995.950544174294919, 7866.108675091392797 ], [ 1580995.718043757835403, 7896.595572491963139 ], [ 1581055.879167152335867, 7896.438401171799342 ], [ 1581055.646643996471539, 7926.925277472653761 ], [ 1581085.727200590306893, 7926.846711346290249 ], [ 1581084.33216726151295, 8109.766958540366431 ], [ 1581114.412634026259184, 8109.688489623385067 ], [ 1581114.180146073922515, 8140.175029054597871 ], [ 1581144.260604032780975, 8140.096578431071066 ], [ 1581144.028109540231526, 8170.58308100841532 ], [ 1581174.108558687614277, 8170.504648686131986 ], [ 1581173.876057649496943, 8200.991114415979609 ], [ 1581234.036945728817955, 8200.834288870009914 ], [ 1581233.80442194477655, 8231.320733534839746 ], [ 1581293.965307208010927, 8231.163949589235926 ], [ 1581294.197863400448114, 8200.677473360159638 ], [ 1581414.51978750852868, 8200.36387249555446 ], [ 1581414.752418183954433, 8169.877280495266859 ], [ 1581474.91345703904517, 8169.720463560688586 ], [ 1581475.146129781380296, 8139.233787373262203 ], [ 1581715.790710831293836, 8138.606493761824822 ], [ 1581716.023522885981947, 8108.119638659823067 ], [ 1581746.10414502536878, 8108.041222474074857 ], [ 1581745.871316767064855, 8138.528093352180804 ], [ 1581866.193814517697319, 8138.21451678372614 ], [ 1581865.262338800355792, 8260.161726578367961 ], [ 1581955.504095350392163, 8259.926759921887424 ], [ 1581955.736998405074701, 8229.439989056592822 ], [ 1581985.81761493626982, 8229.361656063081682 ], [ 1581986.516430711140856, 8137.900980338508816 ], [ 1582016.597103266743943, 8137.822602490839927 ], [ 1582018.927279461175203, 7832.950104388542059 ], [ 1582049.008121519116685, 7832.871571155557831 ], [ 1582049.474305161973462, 7771.896408305807199 ], [ 1581989.312563615618274, 7772.053540409120615 ], [ 1581989.545637515839189, 7741.565911594680983 ], [ 1581929.383893174817786, 7741.723085283490946 ], [ 1581929.850005127722397, 7680.747732877605813 ], [ 1581899.769111637026072, 7680.826355071134458 ], [ 1581900.002165903802961, 7650.33861568588236 ], [ 1581869.921263617929071, 7650.417256138875928 ], [ 1581870.154311327962205, 7619.929479930911839 ], [ 1581900.235229833517224, 7619.850823657910951 ], [ 1581900.468303426168859, 7589.362978990052397 ], [ 1581930.549245544476435, 7589.284309449800276 ], [ 1581930.782345012994483, 7558.79639635249714 ], [ 1581960.863310748711228, 7558.717713525166801 ], [ 1581961.562715796055272, 7467.253610944537286 ], [ 1581991.643737571313977, 7467.174883255259374 ], [ 1581991.876908134669065, 7436.68672796476767 ], [ 1582021.957953529432416, 7436.607986990537029 ], [ 1582022.19114996609278, 7406.119763276265076 ], [ 1582052.272218986647204, 7406.041008999376572 ], [ 1582052.738673287210986, 7345.064372028860816 ], [ 1582082.819782144622877, 7344.985588669671415 ], [ 1582083.053040009224787, 7314.497175415552192 ], [ 1582113.134172481251881, 7314.418378781321735 ], [ 1582113.600749652599916, 7253.441362694288728 ], [ 1582143.681921963114291, 7253.36253697634038 ], [ 1582144.148570235120133, 7192.385278681247655 ], [ 1582174.229782384121791, 7192.306423880289913 ], [ 1582174.463137235259637, 7161.817699957508921 ], [ 1582234.625616200966761, 7161.659966244969837 ], [ 1582235.09241976798512, 7100.682297272654978 ], [ 1582205.011144151911139, 7100.761194453614735 ], [ 1582205.711373389465734, 7009.294343346920868 ], [ 1582175.630056533962488, 7009.373290404701947 ], [ 1582175.863469402072951, 6978.884250501685528 ], [ 1582145.782143741380423, 6978.963215844422848 ], [ 1582146.949272042140365, 6826.517305278749518 ], [ 1582116.867872717091814, 6826.596352056889373 ], [ 1582117.334759288700297, 6765.617650731549475 ], [ 1582087.253334939945489, 6765.696731593409822 ], [ 1582087.720227757934481, 6704.717851154513482 ], [ 1582057.638778385939077, 6704.796966100803729 ], [ 1582058.105677454499528, 6643.817906532774032 ], [ 1582088.187159260967746, 6643.738760012323837 ], [ 1582088.420639514690265, 6613.249135433955416 ], [ 1582118.502144956728444, 6613.169975600934777 ], [ 1582118.735651096794754, 6582.680282559131228 ], [ 1582148.817180169513449, 6582.601109428411291 ], [ 1582149.050712200347334, 6552.111347909010874 ], [ 1582269.376967498566955, 6551.794617162056966 ], [ 1582269.610574076883495, 6521.304739794260058 ], [ 1582299.692172649782151, 6521.225547565665693 ], [ 1582299.92580512422137, 6490.735601712482094 ], [ 1582360.089056962169707, 6490.577193114930196 ], [ 1582360.322731549618766, 6460.087162993883794 ], [ 1582390.404384816531092, 6460.00794662563294 ], [ 1582390.638085294282064, 6429.517848035487077 ], [ 1582450.801446513505653, 6429.359391185531422 ], [ 1582451.035189106361941, 6398.86920832893793 ], [ 1582481.116897065425292, 6398.789967835901734 ], [ 1582481.350665553705767, 6368.299716491797881 ], [ 1582511.432397146243602, 6368.220462706019134 ], [ 1582511.666191525524482, 6337.730142895647987 ], [ 1582601.911479491041973, 6337.492349042184287 ], [ 1582601.677636442240328, 6367.982716253096442 ], [ 1582631.759397708112374, 6367.903472409258939 ], [ 1582631.993256981018931, 6337.413089408788437 ], [ 1582662.075041887816042, 6337.333832259460905 ], [ 1582662.308927057543769, 6306.843380772896126 ], [ 1582752.554374972824007, 6306.605576837285298 ], [ 1582782.636205783812329, 6306.526313833967833 ], [ 1582782.870165519183502, 6276.035746476347413 ], [ 1582843.033881851471961, 6275.877196322266173 ], [ 1582843.267883713357151, 6245.386544672705895 ], [ 1582873.349769232096151, 6245.307257530440438 ], [ 1582873.5837969975546, 6214.816537391953716 ], [ 1582903.665706159546971, 6214.73723694207456 ], [ 1582904.367896178737283, 6123.26471299642526 ], [ 1582934.449861451517791, 6123.185367605998181 ], [ 1582934.683960368158296, 6092.694405113580615 ], [ 1582964.765949280234054, 6092.615046428286405 ], [ 1582965.000074104173109, 6062.124015432779743 ], [ 1582934.918068963568658, 6062.20338993029236 ], [ 1582935.152187236584723, 6031.712322034180943 ], [ 1582905.070173295913264, 6031.791714805320225 ], [ 1582905.538406426319852, 5970.809452539428094 ], [ 1582875.456367456587031, 5970.888879390040529 ], [ 1582877.563749552704394, 5696.466232715514707 ], [ 1582907.645934568485245, 5696.386663669654808 ], [ 1582907.880152755882591, 5665.894979155102192 ], [ 1582937.962361422367394, 5665.81539679242178 ], [ 1582938.196605519158766, 5635.323643775488563 ], [ 1582968.278837841935456, 5635.244048085367467 ], [ 1582968.513107836479321, 5604.752226577383226 ], [ 1582998.595363816479221, 5604.67261756336211 ], [ 1582998.829659727634862, 5574.180727526088049 ], [ 1583058.994226415641606, 5574.021485347059752 ], [ 1583059.228564460529014, 5543.529511012181501 ], [ 1583209.640192311722785, 5543.131369872050527 ], [ 1583209.874621191294864, 5512.6392638099951 ], [ 1583239.956985276192427, 5512.559627206379446 ], [ 1583240.191440066788346, 5482.067452631320521 ], [ 1583270.273827806580812, 5481.987802711593758 ], [ 1583270.50830851495266, 5451.495559606537427 ], [ 1583330.673138754442334, 5451.336235562989714 ], [ 1583330.907661600969732, 5420.843908147582624 ], [ 1583360.99010409694165, 5420.764234040756492 ], [ 1583361.224652863107622, 5390.271838096768988 ], [ 1583391.307119018165395, 5390.192150663209759 ], [ 1583391.541693699080497, 5359.699686204802674 ], [ 1583451.706680770264938, 5359.540287128633281 ], [ 1583481.789185448782519, 5359.460591313110854 ], [ 1583480.616165389539674, 5511.922623498032408 ], [ 1583510.698596340604126, 5511.843009156858898 ], [ 1583540.781034717801958, 5511.763397306126535 ], [ 1583540.077241485007107, 5603.24007887944299 ], [ 1583570.159638593206182, 5603.160516921109775 ], [ 1583569.925043981289491, 5633.652654499968776 ], [ 1583600.007432292448357, 5633.57311080393356 ], [ 1583599.772831129375845, 5664.065211483603889 ], [ 1583629.85521063930355, 5663.985686068984251 ], [ 1583629.386004900326952, 5724.969760900131405 ], [ 1583659.468359375372529, 5724.890269574898412 ], [ 1583659.233754797838628, 5755.382243736997225 ], [ 1583689.316100473050028, 5755.302770686807889 ], [ 1583688.846887902589515, 5816.286592504761757 ], [ 1583749.011536611942574, 5816.127717059435781 ], [ 1583748.542297848500311, 5877.111391280636781 ], [ 1583778.624600883340463, 5877.031988887624721 ], [ 1583778.155368384905159, 5938.015483920917177 ], [ 1583838.319931824924424, 5937.85674975949496 ], [ 1583838.085297632729635, 5968.348449851879195 ], [ 1583868.167574268532917, 5968.269102285414192 ], [ 1583867.932933535194024, 5998.76076546303193 ], [ 1583898.015201363479719, 5998.681436199934979 ], [ 1583897.780554079683498, 6029.173062489693621 ], [ 1583927.862813111860305, 6029.093751494559001 ], [ 1583927.628159276908264, 6059.585340897167953 ], [ 1583957.710409504594281, 6059.506048191947229 ], [ 1583957.475749123608693, 6089.997600701741248 ], [ 1583987.557990557514131, 6089.918326259526111 ], [ 1583987.323323623044416, 6120.409841890666939 ], [ 1584047.487796309171245, 6120.251332075798928 ], [ 1584047.253106602933258, 6150.742826610764496 ], [ 1584137.499822668032721, 6150.505127872077537 ], [ 1584137.265093942638487, 6180.996617156366483 ], [ 1584257.594087819801643, 6180.679783358078566 ], [ 1584257.359303854173049, 6211.171283169919661 ], [ 1584287.441554669290781, 6211.092096720964037 ], [ 1584287.20676415390335, 6241.583559654860437 ], [ 1584317.289006168488413, 6241.50439149156955 ], [ 1584317.054209101945162, 6271.995817541148426 ], [ 1584347.136442322516814, 6271.916667649361443 ], [ 1584346.666844779159874, 6332.899393310255618 ], [ 1584376.749052966013551, 6332.820277512102621 ], [ 1584374.870920330053195, 6576.74919910922381 ], [ 1584404.953006090363488, 6576.670212273766083 ], [ 1584404.014107268769294, 6698.633471915198243 ], [ 1584434.096135537140071, 6698.5545507907309 ], [ 1584433.861418806249276, 6729.045249828793203 ], [ 1584463.943438277579844, 6728.966346982201685 ], [ 1584463.708715005312115, 6759.457009133114298 ], [ 1584493.790725672384724, 6759.378124582809505 ], [ 1584493.321275718975812, 6820.359322481068375 ], [ 1584463.239297512220219, 6820.438175409060932 ], [ 1584462.300578734837472, 6942.399875861695364 ], [ 1584492.382492018630728, 6942.321086177617872 ], [ 1584491.913158267969266, 7003.301651995735483 ], [ 1584521.995046523632482, 7003.222896413790295 ], [ 1584521.760377944912761, 7033.713116128501497 ], [ 1584551.842257398879156, 7033.634378825849126 ], [ 1584551.607582274125889, 7064.124561691648523 ], [ 1584521.525719047989696, 7064.203283178541824 ], [ 1584521.291069837519899, 7094.693397549749534 ], [ 1584491.209230271633714, 7094.772105702829322 ], [ 1584489.801635713782161, 7277.711591126295389 ], [ 1584519.883377905469388, 7277.632977846524227 ], [ 1584519.648796473862603, 7308.122723569992559 ], [ 1584489.567070506047457, 7308.20132105454104 ], [ 1584489.09796914528124, 7369.180622904981647 ], [ 1584459.016283065313473, 7369.259191237124469 ], [ 1584458.547252885531634, 7430.238250839143802 ], [ 1584428.465606685960665, 7430.316790035875783 ], [ 1584428.231122345197946, 7460.806225038991215 ], [ 1584488.394389719003811, 7460.649180739869735 ], [ 1584488.628906510071829, 7430.159714129313215 ], [ 1584518.710567568428814, 7430.081179880891796 ], [ 1584518.945110271684825, 7399.591644792737497 ], [ 1584549.026794986333698, 7399.513097214043228 ], [ 1584549.261363599449396, 7369.023493655373386 ], [ 1584579.343071963405237, 7368.944932767648424 ], [ 1584579.577666482888162, 7338.455260748376531 ], [ 1584609.659398511983454, 7338.37668650559408 ], [ 1584609.424787755822763, 7368.866374357619861 ], [ 1584729.751725224079564, 7368.552165500128467 ], [ 1584729.517059244448319, 7399.041863917944283 ], [ 1584879.925817109644413, 7398.649237673742391 ], [ 1584880.160564238904044, 7368.159460184214367 ], [ 1585030.569589021150023, 7367.766816836190628 ], [ 1585030.804426985327154, 7337.276907622317594 ], [ 1585060.886270468123257, 7337.198370569050894 ], [ 1585061.121134350541979, 7306.708392871915748 ], [ 1585091.203001498244703, 7306.629842478461796 ], [ 1585091.437891299603507, 7276.139796298773035 ], [ 1585181.683586031198502, 7275.904112545808857 ], [ 1585181.213718727463856, 7336.884247125154616 ], [ 1585241.377487462712452, 7336.727200239995 ], [ 1585241.142535879742354, 7367.217220160639044 ], [ 1585301.306301882490516, 7367.060214819905013 ], [ 1585301.071327520068735, 7397.550213720141073 ], [ 1585331.153205445734784, 7397.471730564374411 ], [ 1585330.918224533321336, 7427.961692634109568 ], [ 1585361.000093660550192, 7427.883227770381382 ], [ 1585360.765106206992641, 7458.373152986247078 ], [ 1585390.846966529963538, 7458.294706437925015 ], [ 1585390.142013600561768, 7549.764213577349437 ], [ 1585420.223832663381472, 7549.685816951166089 ], [ 1585419.988851492060348, 7580.175563179521305 ], [ 1585389.907048660796136, 7580.253943991361666 ], [ 1585389.437147846212611, 7641.233246840953143 ], [ 1585359.355384910944849, 7641.311598489059179 ], [ 1585358.180883537745103, 7793.758855139017214 ], [ 1585328.099209184991196, 7793.837130193106532 ], [ 1585327.159847343806177, 7915.793924593853262 ], [ 1585357.241456774296239, 7915.715712816253472 ], [ 1585356.771801506401971, 7976.693825774835204 ], [ 1585386.853385911090299, 7976.615648104323554 ], [ 1585386.383736926363781, 8037.593582124253771 ], [ 1585416.465296304551885, 8037.515438567913407 ], [ 1585416.23047011019662, 8068.00434243770178 ], [ 1585476.39357870304957, 8067.848094381835836 ], [ 1585475.923890455858782, 8128.825807466203514 ], [ 1585506.005423439433798, 8128.74771879801574 ], [ 1585505.770577612798661, 8159.236512209582543 ], [ 1585535.852101801428944, 8159.158441831308664 ], [ 1585535.61724943225272, 8189.647198418039807 ], [ 1585565.6987648261711, 8189.569146328972238 ], [ 1585565.229056683368981, 8250.546533231285139 ], [ 1585595.310547047061846, 8250.468515270549688 ], [ 1585595.075691277394071, 8280.957145582591693 ], [ 1585625.157172844745219, 8280.87914591743538 ], [ 1585624.922310531837866, 8311.367739412431547 ], [ 1585685.085263504879549, 8311.211779150973598 ], [ 1585684.61550301592797, 8372.188871531074255 ], [ 1585804.941368321422487, 8371.877107295611495 ], [ 1585805.176308637717739, 8341.388524152556784 ], [ 1585895.420834350399673, 8341.154679539711651 ], [ 1585895.185845333850011, 8371.643310173945792 ], [ 1585955.34886718634516, 8371.48745779033743 ], [ 1585955.113855408504605, 8401.976067399915337 ], [ 1585985.195361248916015, 8401.898160763428677 ], [ 1585983.785396612249315, 8584.828808187983668 ], [ 1585953.703988140448928, 8584.906619927796783 ], [ 1585952.999185282737017, 8676.371185719319328 ], [ 1585922.917832932202145, 8676.448952471846496 ], [ 1585922.213165929540992, 8767.912997217146767 ], [ 1585892.131869693286717, 8767.990718995139105 ], [ 1585890.957699520047754, 8920.429662133143211 ], [ 1585860.876491857692599, 8920.507307280297027 ], [ 1585860.17215464846231, 9011.969994330342161 ], [ 1585830.091003089444712, 9012.047594515704986 ], [ 1585829.856259610271081, 9042.535035826129388 ], [ 1585859.937394947744906, 9042.457451454401962 ], [ 1585858.998452984262258, 9164.406753853425471 ], [ 1585798.836319545283914, 9164.561798534346963 ], [ 1585797.428391793509945, 9347.483984143496855 ], [ 1585827.509357450297102, 9347.406555474319248 ], [ 1585827.274720490211621, 9377.893418119874696 ], [ 1585857.355677354848012, 9377.816007745568641 ], [ 1585857.121033853385597, 9408.302833603816907 ], [ 1585887.201981916325167, 9408.225441550581309 ], [ 1585886.967331875581294, 9438.712230622941206 ], [ 1585947.129217843757942, 9438.557485588156851 ], [ 1585946.894545035436749, 9469.044253708796532 ], [ 1586007.056428260169923, 9468.889550270130712 ], [ 1586006.821732698474079, 9499.376297404352954 ], [ 1586036.902669222792611, 9499.29896524706237 ], [ 1586036.667967112036422, 9529.785675627259479 ], [ 1586096.82983001251705, 9529.63105037657806 ], [ 1586096.360389944165945, 9590.604376619845425 ], [ 1586126.441300085512921, 9590.527099369121061 ], [ 1586126.206578352255747, 9621.013699419972909 ], [ 1586096.125684432219714, 9621.090960853523939 ], [ 1586095.18695922777988, 9743.036771846102056 ], [ 1586125.267788252094761, 9742.959573692580307 ], [ 1586124.563797349808738, 9834.418427200283986 ], [ 1586154.6445851335302, 9834.341278989439161 ], [ 1586154.175273834727705, 9895.313616692908909 ], [ 1586124.094518490834162, 9895.39073328286031 ], [ 1586123.85989358369261, 9925.876807441854908 ], [ 1586093.779161894926801, 9925.953910685246228 ], [ 1586093.544562893686816, 9956.439916440996967 ], [ 1586033.383154232054949, 9956.594098768295225 ], [ 1586032.914050164632499, 10017.565889250763576 ], [ 1586002.833389413543046, 10017.642952513955606 ], [ 1586002.598868120461702, 10048.12875307059403 ], [ 1585972.518231018213555, 10048.205803000679225 ], [ 1585972.283735625213012, 10078.69153516257029 ], [ 1585942.203122167382389, 10078.768571764507215 ], [ 1585941.499742738902569, 10170.225405313392912 ], [ 1585911.419185362523422, 10170.302396963452338 ], [ 1585910.247161018662155, 10322.729322271150522 ], [ 1585970.408121002838016, 10322.575499639595364 ], [ 1585970.173712737858295, 10353.060758606874515 ], [ 1586030.334669977426529, 10352.906977579226805 ], [ 1586361.220465600024909, 10352.061360155223156 ], [ 1586361.455084725748748, 10321.575895534930169 ], [ 1586421.616267444100231, 10321.422147663373835 ], [ 1586421.381615876220167, 10351.907643918017129 ], [ 1586451.46220214990899, 10351.830789552424903 ], [ 1586451.227544041816145, 10382.316249057999812 ], [ 1586511.38870643847622, 10382.162579399211609 ], [ 1586511.15402556816116, 10412.648017984931357 ], [ 1586541.234601682052016, 10412.571202719351277 ], [ 1586540.999914275482297, 10443.05660454963072 ], [ 1586601.161056340206414, 10442.903013132643537 ], [ 1586600.926346169551834, 10473.388394045899986 ], [ 1586901.732339939335361, 10472.620744542238754 ], [ 1586901.967212334740907, 10442.135205399874394 ], [ 1586962.128532677423209, 10441.98167372233911 ], [ 1586962.363447205396369, 10411.496050360970912 ], [ 1587022.524829718051478, 10411.342496976863913 ], [ 1587022.289882746292278, 10441.828151978954338 ], [ 1587112.531963574001566, 10441.59788802201183 ], [ 1587112.76695922203362, 10411.112185535823301 ], [ 1587172.928416050737724, 10410.958657005152418 ], [ 1587173.163453835062683, 10380.472870299252463 ], [ 1587203.244209623197094, 10380.396093932578879 ], [ 1587203.479273315984756, 10349.910238834056145 ], [ 1587233.560052765300497, 10349.833449119403667 ], [ 1587234.03024167381227, 10288.861549528381147 ], [ 1587264.111061003291979, 10288.784730647872493 ], [ 1587264.58132112165913, 10227.812589093089628 ], [ 1587384.904802593169734, 10227.505211804944338 ], [ 1587384.669602786656469, 10257.991372170625255 ], [ 1587414.750475510954857, 10257.914549891869683 ], [ 1587414.515269164927304, 10288.400673512729554 ], [ 1587564.919663191307336, 10288.016678432577464 ], [ 1587564.684385384665802, 10318.502828653794495 ], [ 1587594.765270273666829, 10318.426052898224953 ], [ 1587595.000564295332879, 10287.939886885324086 ], [ 1587655.1623888281174, 10287.786311180709163 ], [ 1587655.397725004004315, 10257.300060910567481 ], [ 1587685.478664654539898, 10257.223260947361268 ], [ 1587685.949398531811312, 10196.250571017350012 ], [ 1587716.030378078809008, 10196.173741875538326 ], [ 1587716.265775782056153, 10165.687302208587425 ], [ 1587746.346778995590284, 10165.610459714551325 ], [ 1587746.582202626392245, 10135.123951630193915 ], [ 1587776.66322950553149, 10135.04709579030532 ], [ 1587776.898679050849751, 10104.560519306951392 ], [ 1587837.06078758998774, 10104.406783384134542 ], [ 1587837.531780692283064, 10043.433409302002474 ], [ 1587867.612878582207486, 10043.356513398357492 ], [ 1587867.848405898315832, 10012.869731661367041 ], [ 1587897.929527461994439, 10012.792822392042581 ], [ 1587898.165080701932311, 9982.305972240475967 ], [ 1587928.246225936105475, 9982.229049617511919 ], [ 1587928.481805108254775, 9951.742131025170238 ], [ 1588018.725334150251001, 9951.511330514276779 ], [ 1588018.960971710039303, 9921.024311844686963 ], [ 1588079.123394080903381, 9920.870425533725211 ], [ 1588079.359073798637837, 9890.383322616098667 ], [ 1588139.521558406064287, 9890.229414527753761 ], [ 1588139.757280290592462, 9859.742227336599171 ], [ 1588230.001111722784117, 9859.511336263403791 ], [ 1588230.236892007524148, 9829.024048967383351 ], [ 1588320.480839133262634, 9828.79313263925178 ], [ 1588320.716677820309997, 9798.305745242612829 ], [ 1588350.798024652991444, 9798.228762246433689 ], [ 1588351.033889268524945, 9767.741306422474736 ], [ 1588561.603639244101942, 9767.20238369235085 ], [ 1588561.839627210982144, 9736.714764408436167 ], [ 1588591.921066088369116, 9736.637769488299455 ], [ 1588592.157079990021884, 9706.150081776357183 ], [ 1588622.238542551407591, 9706.073073484876659 ], [ 1588622.474582389928401, 9675.585317330034741 ], [ 1588682.637562335468829, 9675.431276464376424 ], [ 1588682.873644347535446, 9644.943436031757301 ], [ 1588712.955161728896201, 9644.866403471743979 ], [ 1588773.118218841031194, 9644.712345737361829 ], [ 1588772.882088112877682, 9675.200233679570374 ], [ 1588802.963611603714526, 9675.12322435140959 ], [ 1588803.1997585745994, 9644.63532055732685 ], [ 1588833.281305753160268, 9644.558297854988268 ], [ 1588833.517478661611676, 9614.070325623672034 ], [ 1588893.68062784941867, 9613.916255932759668 ], [ 1588893.916842939099297, 9583.428199410918751 ], [ 1588923.998444946948439, 9583.3511524280093 ], [ 1588924.2346859741956, 9552.863027476016214 ], [ 1588954.316311678150669, 9552.785967098396213 ], [ 1588954.552578647388145, 9522.297773701378901 ], [ 1588984.634228038135916, 9522.220699955954842 ], [ 1588984.870520951924846, 9491.732438106831978 ], [ 1588985.343135879607871, 9430.755756607184594 ], [ 1588955.26143775950186, 9430.832877887691211 ], [ 1588955.497743531130254, 9400.344474083372916 ], [ 1588925.416036624228582, 9400.421613665124823 ], [ 1588925.888644784456119, 9339.444679920588896 ], [ 1588895.806912846164778, 9339.521853655456653 ], [ 1588896.043215240817517, 9309.033323706033116 ], [ 1588865.961474511306733, 9309.110515751350249 ], [ 1588866.197770361090079, 9278.621949044363646 ], [ 1588836.116020844317973, 9278.699159387384498 ], [ 1588836.82491787802428, 9187.233191144170632 ], [ 1588776.661343744024634, 9187.387714286020127 ], [ 1588777.133925302419811, 9126.410202433902668 ], [ 1588747.052116927923635, 9126.487499392897007 ], [ 1588747.288406019797549, 9095.998680382248494 ], [ 1588717.206588859204203, 9096.075995626200893 ], [ 1588718.860770414117724, 8882.652900278440939 ], [ 1588748.942701277555898, 8882.575474125198525 ], [ 1588749.179067980498075, 8852.086234179565508 ], [ 1588779.261022540507838, 8852.008794644356385 ], [ 1588779.497415183577687, 8821.519486250868795 ], [ 1589080.317533240420744, 8820.745067749066948 ], [ 1589080.554098041728139, 8790.25554827556698 ], [ 1589110.636167099466547, 8790.178104100075871 ], [ 1589110.872757850214839, 8759.688516156060359 ], [ 1589140.954850612673908, 8759.611058592232439 ], [ 1589141.428093719063327, 8698.631693144525343 ], [ 1589201.59236660390161, 8698.476721997854838 ], [ 1589201.829035206465051, 8667.986928645124863 ], [ 1589292.075549212750047, 8667.754442803869097 ], [ 1589292.312276266515255, 8637.264549279003404 ], [ 1589322.394478763453662, 8637.187043067642662 ], [ 1589322.631231777137145, 8606.697081051723217 ], [ 1589352.713457987410948, 8606.619561437861194 ], [ 1589352.950236947042868, 8576.129530969838015 ], [ 1589533.443848365452141, 8575.664369722697302 ], [ 1589533.680734534980729, 8545.174191510634046 ], [ 1589593.845363858854398, 8545.019125694590912 ], [ 1589594.082292232429609, 8514.528863161554909 ], [ 1589624.164634338347241, 8514.451318079612975 ], [ 1589624.401588681852445, 8483.960987037822633 ], [ 1589684.566327784443274, 8483.805872528220789 ], [ 1589685.277346551883966, 8392.33446853726673 ], [ 1589715.359776054974645, 8392.256867402322314 ], [ 1589717.256383330794051, 8148.33068054850537 ], [ 1589747.33895032806322, 8148.252955019625915 ], [ 1589747.576086186803877, 8117.761928925694519 ], [ 1589837.823880719486624, 8117.528719523570544 ], [ 1589838.061075047822669, 8087.037593226345052 ], [ 1589958.391637311084196, 8086.726618195471019 ], [ 1589958.62890637642704, 8056.235375826792733 ], [ 1589988.711581862298772, 8056.157622338682813 ], [ 1589989.186181641882285, 7995.174947938266996 ], [ 1590019.268897106638178, 7995.097165194366426 ], [ 1590019.743568248813972, 7934.114248492420302 ], [ 1590230.323013274697587, 7933.569615570958376 ], [ 1590290.488636233611032, 7933.414028143617543 ], [ 1590290.251149493036792, 7963.905655518209642 ], [ 1590410.582420031540096, 7963.594573379208668 ], [ 1590410.344877969706431, 7994.086211536982773 ], [ 1590440.427698021754622, 7994.008462973107271 ], [ 1590440.19014941714704, 8024.500064339326855 ], [ 1590470.272960688685998, 8024.422334060409412 ], [ 1590470.510525551158935, 7993.930716838068292 ], [ 1590500.59336054790765, 7993.852973146028489 ], [ 1590500.355779428267851, 8024.344606230863064 ], [ 1590530.438605640782043, 8024.266880837942153 ], [ 1590560.52143932483159, 8024.189157893683841 ], [ 1590560.759052967885509, 7993.69749307465554 ], [ 1590590.841910384595394, 7993.619756715857875 ], [ 1590591.079550001304597, 7963.128023402236977 ], [ 1590651.245319775538519, 7962.972526263865802 ], [ 1590651.483001629589126, 7932.480708571914874 ], [ 1590711.648833824088797, 7932.325189460012552 ], [ 1590711.886557910358533, 7901.833287411684978 ], [ 1590741.969501482089981, 7901.75551565065507 ], [ 1590742.207251553889364, 7871.26354507020551 ], [ 1590772.290218855720013, 7871.185759897469325 ], [ 1590773.00357615458779, 7779.709484654963489 ], [ 1590863.252669277368113, 7779.476000989101522 ], [ 1590863.490523269400001, 7748.983756331856966 ], [ 1590893.573585528880358, 7748.905917443606995 ], [ 1590893.811465497361496, 7718.413604286104601 ], [ 1590923.89455149974674, 7718.335751962779796 ], [ 1590924.132457446772605, 7687.843370288026563 ], [ 1590984.298684411449358, 7687.687641220600199 ], [ 1590984.536632608622313, 7657.195175144857785 ], [ 1591074.786077922908589, 7656.96155224721133 ], [ 1591075.02408463251777, 7626.468985922855609 ], [ 1591195.356848165160045, 7626.157459292701787 ], [ 1591195.118776396149769, 7656.650089075532378 ], [ 1591255.285170512041077, 7656.4943720871388 ], [ 1591255.523274809122086, 7626.001710577904305 ], [ 1591285.606499359477311, 7625.923839844285794 ], [ 1591285.844629643019289, 7595.431109809301233 ], [ 1591315.927877931157127, 7595.353225674598434 ], [ 1591316.880561367375776, 7473.381715374247506 ], [ 1591346.963882207171991, 7473.303770185829308 ], [ 1591347.440314794890583, 7412.317667297148546 ], [ 1591377.523675648728386, 7412.239692820367964 ], [ 1591377.76192279602401, 7381.746546496346127 ], [ 1591468.012099073966965, 7381.512589985681188 ], [ 1591468.250404743012041, 7351.019343406672306 ], [ 1591498.333828069502488, 7350.941346899003292 ], [ 1591498.810501125408337, 7289.954663963921121 ], [ 1591528.893964480608702, 7289.876638126817852 ], [ 1591529.370708961039782, 7228.889712789651639 ], [ 1591559.454212337499484, 7228.811657650023335 ], [ 1591559.93102826946415, 7167.824489835006716 ], [ 1591590.014571662526578, 7167.746405400641379 ], [ 1591590.491459034150466, 7106.758995146012239 ], [ 1591620.57504245871678, 7106.680881389294882 ], [ 1591620.336577645270154, 7137.174628714979008 ], [ 1591680.503734417492524, 7137.018440209499204 ], [ 1591680.026768872281536, 7198.005840325331519 ], [ 1591710.110325946705416, 7197.927781456058256 ], [ 1591710.348820132901892, 7167.434091850988807 ], [ 1591740.432400964898989, 7167.356019528938305 ], [ 1591740.193890514550731, 7197.849724988713206 ], [ 1591860.528223641915247, 7197.537523403443629 ], [ 1591860.766799174249172, 7167.043754471031207 ], [ 1591890.850417448440567, 7166.965694258463373 ], [ 1591889.657555680023506, 7319.434091573540172 ], [ 1591919.741100076586008, 7319.356113167425974 ], [ 1591919.50254063680768, 7349.84965046252637 ], [ 1591949.586076255654916, 7349.771690336413485 ], [ 1591949.347510264255106, 7380.265190847748272 ], [ 1591979.43103710282594, 7380.187249006592538 ], [ 1591979.192464566323906, 7410.680712722832141 ], [ 1592159.693685207283124, 7410.213207872704515 ], [ 1592159.932355377124622, 7379.719648912811863 ], [ 1592250.183115623891354, 7379.485881556779532 ], [ 1592250.421844337135553, 7348.992222309328099 ], [ 1592370.75636128638871, 7348.680502919525679 ], [ 1592370.517567484406754, 7379.174225660150114 ], [ 1592400.601199178257957, 7379.096317729226939 ], [ 1592401.317658603424206, 7287.61494385009064 ], [ 1592491.568745100870728, 7287.381091721308621 ], [ 1592491.090998105471954, 7348.36882224310375 ], [ 1592731.760631391545758, 7347.745577038190277 ], [ 1592731.521642285399139, 7378.239490311440022 ], [ 1592761.605363894253969, 7378.161611417499444 ], [ 1592761.36636825138703, 7408.65548788219985 ], [ 1592791.450081067858264, 7408.577627311454307 ], [ 1592790.01621388271451, 7591.539875349818431 ], [ 1592820.09983655042015, 7591.462112443065053 ], [ 1592819.86087646544911, 7621.955652002009629 ], [ 1592849.944490353576839, 7621.877907389419306 ], [ 1592849.705523731186986, 7652.371410140523039 ], [ 1592909.872741430997849, 7652.215959960120017 ], [ 1592909.633751986548305, 7682.709441814737147 ], [ 1592939.717355804285035, 7682.631736224972883 ], [ 1592939.478359819157049, 7713.12518128449392 ], [ 1592999.645557380281389, 7712.969809137705852 ], [ 1592999.884585918392986, 7682.476332307168377 ], [ 1593060.051846016664058, 7682.320938061512607 ], [ 1593060.290916834957898, 7651.827376816531796 ], [ 1593090.374574403744191, 7651.749667427728127 ], [ 1593090.613671240396798, 7621.256037614511115 ], [ 1593120.697352576768026, 7621.178314780010624 ], [ 1593120.936475414549932, 7590.684616433964038 ], [ 1593151.020180526887998, 7590.606880128275407 ], [ 1593151.259329372551292, 7560.113113243025509 ], [ 1593301.678048773901537, 7559.7243885294547 ], [ 1593301.917288741329685, 7529.23048956367802 ], [ 1593332.00107139418833, 7529.152735978555938 ], [ 1593332.240337378112599, 7498.658768444543966 ], [ 1593362.324143803911284, 7498.581001403103983 ], [ 1593362.563435799675062, 7468.086965322806464 ], [ 1593392.647266005398706, 7468.009184800973344 ], [ 1593392.886584016960114, 7437.515080155981195 ], [ 1593422.970438004704192, 7437.437286156586197 ], [ 1593423.209782026242465, 7406.943112970974653 ], [ 1593453.293659788090736, 7406.865305514553256 ], [ 1593453.533029827987775, 7376.371063759290337 ], [ 1593694.204452181002125, 7375.748563867843586 ], [ 1593693.964951897040009, 7406.242932704339182 ], [ 1593784.216810215497389, 7406.009582673318619 ], [ 1593784.456359343603253, 7375.515166181360655 ], [ 1593844.624334967928007, 7375.359579763792681 ], [ 1593844.86392640019767, 7344.865078815612833 ], [ 1593995.284078180789948, 7344.476075507470341 ], [ 1594025.368131042690948, 7344.398282093687158 ], [ 1594025.607829918153584, 7313.903633116803576 ], [ 1594055.69190656975843, 7313.825826214837434 ], [ 1594055.931631464976817, 7283.331108679632052 ], [ 1594116.099839864764363, 7283.175470288513679 ], [ 1594116.339607068104669, 7252.680668290712674 ], [ 1594146.423738812096417, 7252.602836815724004 ], [ 1594146.663532038452104, 7222.107966256768123 ], [ 1594206.831850610673428, 7221.952278752178245 ], [ 1594207.07168614747934, 7191.457323731336146 ], [ 1594267.240067325299606, 7191.301614046446048 ], [ 1594267.479945173487067, 7160.806574567965072 ], [ 1594327.648388949688524, 7160.650842727558484 ], [ 1594327.888309111818671, 7130.155718781525138 ], [ 1594357.972558555426076, 7130.077840560294135 ], [ 1594358.212504743365571, 7099.582648041068751 ], [ 1594418.381058721337467, 7099.426867053201022 ], [ 1594418.621047233464196, 7068.931590043055621 ], [ 1594448.705351774813607, 7068.853687257299498 ], [ 1594448.94536631484516, 7038.358341672545066 ], [ 1594509.11403049598448, 7038.202511541464446 ], [ 1594509.35408735810779, 7007.707081474288316 ], [ 1594539.438447004882619, 7007.629154108428338 ], [ 1594539.678529894677922, 6977.133655476556669 ], [ 1594599.847304299008101, 6976.977776161900692 ], [ 1594600.08742950973101, 6946.482193046897919 ], [ 1594630.171844268683344, 6946.404241096685837 ], [ 1594630.41199551243335, 6915.908589403534279 ], [ 1594660.496434077154845, 6915.830623942479178 ], [ 1594660.976798380492255, 6854.839130685638338 ], [ 1594691.061277032131329, 6854.761135847705191 ], [ 1594691.5417128901463, 6793.769400040785513 ], [ 1594721.626231645001099, 6793.691375787736433 ], [ 1594723.78882204182446, 6519.225813053065394 ], [ 1594693.704156668391079, 6519.303980355349267 ], [ 1594694.42514668405056, 6427.814558516760371 ], [ 1594724.509860936785117, 6427.736343526440578 ], [ 1594725.230987551389262, 6336.246399646725877 ], [ 1594785.400536361848935, 6336.089881468182284 ], [ 1594785.640963986050338, 6305.593096284707826 ], [ 1594815.725765957729891, 6305.514824895116362 ], [ 1594815.966219617053866, 6275.017971123578718 ], [ 1594846.051045408006757, 6274.939686205441831 ], [ 1594846.291525111766532, 6244.442763827431008 ], [ 1594876.376374710351229, 6244.364465420401757 ], [ 1594876.616880459478125, 6213.867474418213533 ], [ 1594906.701753870816901, 6213.789162508839581 ], [ 1594906.942285664146766, 6183.292102896636607 ], [ 1594937.027182890567929, 6183.213777472879883 ], [ 1594937.267740726005286, 6152.716649255618904 ], [ 1594967.352661767741665, 6152.638310324558915 ], [ 1594967.593245646450669, 6122.141113499408675 ], [ 1594997.67819050536491, 6122.062761054673501 ], [ 1594997.918800431536511, 6091.565495606053446 ], [ 1595028.003769103437662, 6091.487129661805739 ], [ 1595028.485050804913044, 6030.492408799849727 ], [ 1595058.570059589575976, 6030.414013453231746 ], [ 1595059.051412879722193, 5969.419049934271243 ], [ 1595089.136461783898994, 5969.340625163331424 ], [ 1595089.377169353887439, 5938.84304840945515 ], [ 1595059.292104150168598, 5938.921489094581375 ], [ 1595059.53280516830273, 5908.423875543485337 ], [ 1595029.447731188265607, 5908.5023345057798 ], [ 1595029.688425665488467, 5878.004684117101533 ], [ 1594999.603342906804755, 5878.083161374266638 ], [ 1594999.844030833104625, 5847.58547416712554 ], [ 1594969.758939296705648, 5847.66396971632912 ], [ 1594970.240311804460362, 5786.668468935302371 ], [ 1594940.155195195460692, 5786.746998665238607 ], [ 1594940.636574103264138, 5725.751318791191807 ], [ 1594910.551432418869808, 5725.829882713899678 ], [ 1594910.792120203841478, 5695.331979577572383 ], [ 1594940.877278184285387, 5695.253399767586416 ], [ 1594941.117992018349469, 5664.755428004248643 ], [ 1594971.203173822024837, 5664.676834672090081 ], [ 1594971.443913701688871, 5634.178794292365637 ], [ 1595001.529119322774932, 5634.100187456445383 ], [ 1595001.769885260844603, 5603.602078423510648 ], [ 1595061.940351673867553, 5603.444840100754845 ], [ 1595062.421977989375591, 5542.448400276492976 ], [ 1595092.507255083415657, 5542.369752879719272 ], [ 1595093.711573043605313, 5389.877650946586982 ], [ 1595123.796939160209149, 5389.798926446662335 ], [ 1595124.519695871975273, 5298.30298474265328 ], [ 1595154.605118428124115, 5298.224214892181408 ], [ 1595154.846073143417016, 5267.72544626740364 ], [ 1595184.931519522098824, 5267.646662911753992 ], [ 1595185.172500291606411, 5237.147825649345577 ], [ 1595215.257970499107614, 5237.069028778604661 ], [ 1595215.498977321898565, 5206.570122873607943 ], [ 1595275.669972933363169, 5206.412504442264435 ], [ 1595275.428933501709253, 5236.911442155099394 ], [ 1595335.599926608614624, 5236.753865069201311 ], [ 1595335.35886432370171, 5267.252781842354125 ], [ 1595395.529854934895411, 5267.095246092695561 ], [ 1595395.770949824946001, 5236.596297507456256 ], [ 1595455.942003153264523, 5236.438739467031155 ], [ 1595456.183140411740169, 5205.939706319351899 ], [ 1595486.268694673432037, 5205.860914955625049 ], [ 1595486.509857989614829, 5175.361813171022732 ], [ 1595516.595436088973656, 5175.283008273792802 ], [ 1595517.077824593055993, 5114.284614659854924 ], [ 1595547.163442834513262, 5114.205780326265995 ], [ 1595547.404668026138097, 5083.70648850188627 ], [ 1595577.490310101071373, 5083.627640647540829 ], [ 1595577.731561360647902, 5053.128280145876488 ], [ 1595607.817227267893031, 5053.04941877643887 ], [ 1595608.058504588436335, 5022.549989625813396 ], [ 1595577.972822371870279, 5022.628866910853503 ], [ 1595578.455373673234135, 4961.629882171338068 ], [ 1595548.369666373357177, 4961.708793650565894 ], [ 1595548.852224089438096, 4900.709629716769996 ], [ 1595550.058789125178009, 4748.210796710037357 ], [ 1595580.144610572606325, 4748.131773890984732 ], [ 1595580.385969161521643, 4717.631833111364358 ], [ 1595610.471814451273531, 4717.552796755267991 ], [ 1595610.713199107674882, 4687.052787307567087 ], [ 1595670.88494490343146, 4686.894689901973834 ], [ 1595671.126371934078634, 4656.394595884752562 ], [ 1595701.212272440316156, 4656.315534831713194 ], [ 1595701.453725537285209, 4625.815372149952964 ], [ 1595761.625581771368161, 4625.657225354013462 ], [ 1595761.384096051566303, 4656.15741986910507 ], [ 1595791.470019163331017, 4656.078365928377934 ], [ 1595791.228526892839, 4686.578523591724661 ], [ 1595821.314441229682416, 4686.499487933830096 ], [ 1595821.072942408965901, 4716.999608739059113 ], [ 1595881.244761063717306, 4716.841576379534672 ], [ 1595881.003239385318011, 4747.341676242249378 ], [ 1595911.089143699267879, 4747.262679544159255 ], [ 1595910.847615476930514, 4777.762742543091917 ], [ 1595940.933511016424745, 4777.683764127126778 ], [ 1595940.691976243862882, 4808.183790279978894 ], [ 1595970.777863011928275, 4808.104830134809163 ], [ 1595970.536321687977761, 4838.604819442290136 ], [ 1595940.450451221084222, 4838.683763703722434 ], [ 1595939.725934728514403, 4930.183367394943161 ], [ 1595909.640120729105547, 4930.262266278920833 ], [ 1595909.157191150123253, 4991.261706488209711 ], [ 1595939.242972529726103, 4991.182839424108352 ], [ 1595939.001506064319983, 5021.682496318826452 ], [ 1595969.087278672726825, 5021.603647531184833 ], [ 1595968.845805661985651, 5052.103267587613118 ], [ 1595998.931569491280243, 5052.024437095550638 ], [ 1595998.448620127979666, 5113.023550775100375 ], [ 1596028.534358873730525, 5112.944754480056872 ], [ 1596028.051415942842141, 5173.943688953288074 ], [ 1596118.308579534292221, 5173.707409763032956 ], [ 1596118.067073778482154, 5204.206845627300936 ], [ 1596148.15279373829253, 5204.128106548694632 ], [ 1596147.911281432257965, 5234.627505577505872 ], [ 1596208.082711333641782, 5234.470066381513789 ], [ 1596207.599650767166167, 5295.468769851197067 ], [ 1596237.685344401281327, 5295.390085639500285 ], [ 1596236.719275156501681, 5417.386923310689781 ], [ 1596266.804911090293899, 5417.30830512367811 ], [ 1596266.563401867635548, 5447.807398609875236 ], [ 1596386.905955725116655, 5447.493013217077532 ], [ 1596387.147530182963237, 5416.993856083338869 ], [ 1596417.233203790150583, 5416.915249767174828 ], [ 1596417.474804315250367, 5386.416023978810699 ], [ 1596507.731919286306947, 5386.180171509549837 ], [ 1596507.973578503588215, 5355.680845235353445 ], [ 1596628.3165692104958, 5355.366344850978749 ], [ 1596626.62470302823931, 5568.860966770916093 ], [ 1596656.710355379385874, 5568.782459002472024 ], [ 1596655.260467202169821, 5751.77588802896571 ], [ 1596805.688352721976116, 5751.383862238344591 ], [ 1596805.930057891411707, 5720.88500966506308 ], [ 1596836.015673916554078, 5720.806595704213578 ], [ 1596836.499146167654544, 5659.808700505835986 ], [ 1596866.584802344208583, 5659.730257101546158 ], [ 1596866.826569423312321, 5629.231214486363569 ], [ 1596896.912249445915222, 5629.152757541490246 ], [ 1596897.154042599257082, 5598.653646275221945 ], [ 1597047.582637369865552, 5598.26131747562431 ], [ 1597047.340762663399801, 5628.760508322031455 ], [ 1597107.51222071913071, 5628.603625239556095 ], [ 1597107.75412805005908, 5598.104402554153239 ], [ 1597167.925648889271542, 5597.947497115764236 ], [ 1597167.683708930155262, 5628.446751650076294 ], [ 1597257.940997814992443, 5628.211458993526321 ], [ 1597258.182986702304333, 5597.712156726568537 ], [ 1597288.268781055696309, 5597.633714666990272 ], [ 1597288.752820762107149, 5536.634920057890668 ], [ 1597318.838655283441767, 5536.556448528671353 ], [ 1597319.080706098582596, 5506.056956197860927 ], [ 1597349.166564477374777, 5505.978471107521727 ], [ 1597349.408641368849203, 5475.478910127750169 ], [ 1597379.494523601140827, 5475.400411489038561 ], [ 1597379.736626574536785, 5444.900781854640627 ], [ 1597409.822532665450126, 5444.822269661183782 ], [ 1597410.064661721466109, 5414.322571346667246 ], [ 1597470.236529164714739, 5414.16552222244718 ], [ 1597470.478700613370165, 5383.665739336286606 ], [ 1597500.564661970362067, 5383.58720238782098 ], [ 1597501.049066799227148, 5322.587446550937784 ], [ 1597531.135068327886984, 5322.508880132831109 ], [ 1597531.377301709493622, 5292.008907175736567 ], [ 1597561.463327103294432, 5291.930327192261757 ], [ 1597561.221077401423827, 5322.430316079122349 ], [ 1597771.823352194391191, 5321.880433898500087 ], [ 1597772.065716115292162, 5291.380333543645065 ], [ 1597802.151801875093952, 5291.301772472518678 ], [ 1597802.394191880710423, 5260.801603453832286 ], [ 1597832.480301504721865, 5260.723028825126676 ], [ 1597832.722717599011958, 5230.222791131987833 ], [ 1597832.965143461013213, 5199.722500695576855 ], [ 1597863.051293268566951, 5199.643896578111708 ], [ 1597864.991182455327362, 4955.63954664308676 ], [ 1597895.077470366377383, 4955.560817486594715 ], [ 1597896.290300256805494, 4803.056304619233742 ], [ 1597866.203930740710348, 4803.135113413930412 ], [ 1597867.174305255990475, 4681.130617146945042 ], [ 1597897.260740061057732, 4681.051744643100392 ], [ 1597897.503374442690983, 4650.55047273742548 ], [ 1597927.589833119185641, 4650.471586672461854 ], [ 1597927.832493593217805, 4619.970246074630268 ], [ 1597957.918976149056107, 4619.891346423763935 ], [ 1597958.161662718048319, 4589.389937147230739 ], [ 1598018.334683131892234, 4589.232113061456403 ], [ 1598018.820150883169845, 4528.229072477373848 ], [ 1598048.906705063534901, 4528.150132119782029 ], [ 1598049.39224455319345, 4467.146848615276213 ], [ 1598079.478838939452544, 4467.06787874130805 ], [ 1598079.964450176572427, 4406.06435227743259 ], [ 1598110.051084762439132, 4405.985352922493803 ], [ 1598110.779623904731125, 4314.479619635897507 ], [ 1598140.866315021412447, 4314.400574836232408 ], [ 1598141.109197269193828, 4283.898542285681287 ], [ 1598111.022489830851555, 4283.977603003073455 ], [ 1598111.508251009508967, 4222.973411400686018 ], [ 1598081.421518470160663, 4223.052506343422465 ], [ 1598081.907286104746163, 4162.048135461780475 ], [ 1598142.080824041273445, 4161.889884223768604 ], [ 1598142.323755172081292, 4131.38758775646329 ], [ 1598172.410551803652197, 4131.308449727734114 ], [ 1598172.653509037103504, 4100.806084556234964 ], [ 1598142.566696075955406, 4100.88523851685386 ], [ 1598143.781547244405374, 3948.372700557920325 ], [ 1598113.694660204695538, 3948.451936519724768 ], [ 1598113.937643444398418, 3917.949286487540121 ], [ 1598144.024546805769205, 3917.870034608008154 ], [ 1598145.239691267022863, 3765.355913021795004 ], [ 1598175.326683833496645, 3765.276583825968828 ], [ 1598177.27155400859192, 3521.251116615587762 ], [ 1598147.184430808527395, 3521.330573246703807 ], [ 1598147.427567252889276, 3490.827168175085262 ], [ 1598508.473740709014237, 3489.873652080639658 ], [ 1598508.717082905583084, 3459.370003042003191 ], [ 1598659.15339159918949, 3458.972724554320394 ], [ 1598658.909967732382938, 3489.476453280729402 ], [ 1598719.084511494496837, 3489.317590141034088 ], [ 1598719.327968028374016, 3458.813829543764314 ], [ 1598839.677211678121239, 3458.496067592348936 ], [ 1598839.920743324793875, 3427.992190469724846 ], [ 1598870.008089489769191, 3427.912739887331099 ], [ 1598870.251647260040045, 3397.408794004571519 ], [ 1598990.601172917988151, 3397.090951346405291 ], [ 1598990.844805815722793, 3366.586888905717387 ], [ 1599111.194517902797088, 3366.269019898575152 ], [ 1599111.438225929625332, 3335.764840898542843 ], [ 1599171.613160057691857, 3335.605888544797381 ], [ 1599171.856910546077415, 3305.101624853448811 ], [ 1599201.944405304966494, 3305.022136232508728 ], [ 1599202.188181916018948, 3274.517803792355153 ], [ 1599232.275700576836243, 3274.438301577014499 ], [ 1599232.51950330613181, 3243.933900405050281 ], [ 1599262.607045883778483, 3243.854384574065989 ], [ 1599262.85087473760359, 3213.349914641258692 ], [ 1599292.938441222999245, 3213.270385202419675 ], [ 1599293.42616096441634, 3152.261255034316491 ], [ 1599323.513767700409517, 3152.181696048652157 ], [ 1599323.757658589631319, 3121.677035803443232 ], [ 1599353.845289236633107, 3121.597463209215675 ], [ 1599354.089206251781434, 3091.092734208120419 ], [ 1599384.17686081212014, 3091.013148001789887 ], [ 1599384.664756884798408, 3030.003499668077893 ], [ 1599414.752451695734635, 3029.923883915630086 ], [ 1599414.996430751867592, 2999.418964587262508 ], [ 1599475.171875780215487, 2999.259708182902614 ], [ 1599475.903969725128263, 2907.744537618578761 ], [ 1599505.991752624744549, 2907.664865086601367 ], [ 1599506.479896876728162, 2846.654455394233537 ], [ 1599536.567720037186518, 2846.57475329701947 ], [ 1599536.811823190422729, 2816.069453268788038 ], [ 1599627.075387147720903, 2815.830313139140799 ], [ 1599626.831234970595688, 2846.33566098924075 ], [ 1599656.919088431168348, 2846.255968215074972 ], [ 1599656.674929694039747, 2876.76127920280851 ], [ 1599716.850626660743728, 2876.601932522934021 ], [ 1599717.583230294054374, 2785.085745443295764 ], [ 1599747.671139171812683, 2785.006027758336131 ], [ 1599747.91537630953826, 2754.500510471078087 ], [ 1599778.003309112275019, 2754.420779164101077 ], [ 1599779.224723363528028, 2601.89232061140001 ], [ 1599809.312745467061177, 2601.812511903863196 ], [ 1599809.801412394735962, 2540.800726788570501 ], [ 1599839.889474775409326, 2540.720888498802651 ], [ 1599840.133839268470183, 2510.214900748841956 ], [ 1599870.221925570396706, 2510.135048854052002 ], [ 1599870.466316204983741, 2479.628992322004251 ], [ 1599900.554426436545327, 2479.54912678961864 ], [ 1599900.798843204975128, 2449.043001486106277 ], [ 1599960.975119101814926, 2448.883245507000993 ], [ 1599961.219578365329653, 2418.377035451273969 ], [ 1599991.307744027348235, 2418.297145010927125 ], [ 1599991.552229427499697, 2387.790866183735034 ], [ 1600051.72861619410105, 2387.631060364632049 ], [ 1600051.973144092131406, 2357.124696779560509 ], [ 1600082.061365196015686, 2357.044781405760659 ], [ 1600082.305919233011082, 2326.53834904143514 ], [ 1600202.658944880357012, 2326.218646931565218 ], [ 1600202.903574112802744, 2295.712097918672498 ], [ 1600232.991865828167647, 2295.632162262321799 ], [ 1600233.236521200742573, 2265.1255444701751 ], [ 1600263.324836854822934, 2265.045595165606755 ], [ 1600263.569518365664408, 2234.53890859774674 ], [ 1600293.65785796311684, 2234.458945639295962 ], [ 1600294.147283077705652, 2173.445382056631843 ], [ 1600324.235662952531129, 2173.365389537902047 ], [ 1600324.480406556045637, 2142.858512518141197 ], [ 1600505.010943248402327, 2142.37851029129888 ], [ 1600505.255794756580144, 2111.871484730867451 ], [ 1600535.344260445795953, 2111.791476508260985 ], [ 1600535.589138105977327, 2081.284382129628739 ], [ 1600565.677627734141424, 2081.204360289254055 ], [ 1600565.922531545395032, 2050.697197112956474 ], [ 1600596.01104511343874, 2050.617161629321345 ], [ 1600596.500914833275601, 1989.602644840404992 ], [ 1600626.589468701742589, 1989.522579746213751 ], [ 1600628.059411139925942, 1806.477665236111307 ], [ 1600658.148070729803294, 1806.397506719539933 ], [ 1600658.393111785175279, 1775.889820028530039 ], [ 1600688.481795310974121, 1775.809647892065868 ], [ 1600688.726862526265904, 1745.301892377190597 ], [ 1600718.815570003120229, 1745.221706583303785 ], [ 1600719.796002282062545, 1623.19009212361766 ], [ 1600749.884782771347091, 1623.109844830611564 ], [ 1600750.129931701812893, 1592.601793096878964 ], [ 1600780.218736141687259, 1592.521532157071988 ], [ 1600780.463911227416247, 1562.013411612219898 ], [ 1600810.552739621140063, 1561.933137009325264 ], [ 1600810.797940861433744, 1531.424947657602615 ], [ 1600840.886793203884736, 1531.344659414987973 ], [ 1600841.132020608521998, 1500.836401228069917 ], [ 1600871.220896897604689, 1500.756099342903099 ], [ 1600870.975653142435476, 1531.264373477289155 ], [ 1600931.153395796427503, 1531.103808534341852 ], [ 1600930.908129119547084, 1561.61206172904599 ], [ 1600960.996995485154912, 1561.531798660643972 ], [ 1600960.751722251530737, 1592.040014951910962 ], [ 1600990.840579850832, 1591.959770158552601 ], [ 1600990.595300060464069, 1622.467949541425924 ], [ 1601020.684148898115382, 1622.387723008948797 ], [ 1601020.193586016306654, 1683.403955085759435 ], [ 1601050.28240972571075, 1683.323762790664659 ], [ 1601050.037126629846171, 1713.831815493099157 ], [ 1601110.214764117030427, 1713.671469744458591 ], [ 1601109.233598889317364, 1835.70327964684293 ], [ 1601079.144841778324917, 1835.783387537407862 ], [ 1601077.918687560595572, 1988.321880886279359 ], [ 1601047.830019834451377, 1988.401911285645838 ], [ 1601047.584834750043228, 2018.909435446455973 ], [ 1601017.496190961916, 2018.989452222389218 ], [ 1601017.251032039523125, 2049.49690756075006 ], [ 1600987.162412202218547, 2049.576910676427815 ], [ 1600986.672156461747363, 2110.591630916119811 ], [ 1600956.583576933015138, 2110.671604419117557 ], [ 1600956.093393103918061, 2171.686081348214884 ], [ 1600895.916322233621031, 2171.845971485457994 ], [ 1600895.671277727466077, 2202.353098763842354 ], [ 1600865.58277002768591, 2202.433031360426412 ], [ 1600865.337751678191125, 2232.940089832648027 ], [ 1600835.249267925741151, 2233.020008775350107 ], [ 1600835.004275724291801, 2263.526998458403796 ], [ 1600804.915815915679559, 2263.606903756428892 ], [ 1600804.670849867165089, 2294.113824646774447 ], [ 1600774.582413997733966, 2294.193716314993253 ], [ 1600772.8680404801853, 2507.740571295853442 ], [ 1600802.956361879827455, 2507.660791321517991 ], [ 1600802.711474216775969, 2538.167289496677313 ], [ 1600832.799786852672696, 2538.087527790304193 ], [ 1600832.554892634740099, 2568.593989087519276 ], [ 1600892.73150796839036, 2568.434504529067908 ], [ 1600891.507020321208984, 2720.966178077472705 ], [ 1600921.595257614739239, 2720.886519047840466 ], [ 1600921.840151894604787, 2690.380274060069951 ], [ 1601012.104958346346393, 2690.141263013496882 ], [ 1601012.349911484168842, 2659.634917314005634 ], [ 1601042.438211832428351, 2659.555235638133126 ], [ 1601042.68319111992605, 2629.04882114876591 ], [ 1601102.859847286716104, 2628.889432832410876 ], [ 1601103.10486907325685, 2598.382933619861888 ], [ 1601133.193224895745516, 2598.303226970173455 ], [ 1601133.683330587577075, 2537.290038085386186 ], [ 1601163.771726704435423, 2537.210301844261267 ], [ 1601164.016810600878671, 2506.703612200347379 ], [ 1601254.282093558227643, 2506.464369481765061 ], [ 1601254.52723631891422, 2475.957579119757611 ], [ 1601314.70416228286922, 2475.798063647818253 ], [ 1601314.949347558431327, 2445.291188520850028 ], [ 1601345.037838290911168, 2445.211418269647766 ], [ 1601345.283049716381356, 2414.704474364133603 ], [ 1601375.3715643894393, 2414.62469048949788 ], [ 1601375.862049360992387, 2353.610612225153091 ], [ 1601466.127737087430432, 2353.371178673704435 ], [ 1601466.37304334808141, 2322.864012393737539 ], [ 1601496.461637463187799, 2322.784189881489965 ], [ 1601496.952312100213021, 2261.769666887358198 ], [ 1601527.040946526220068, 2261.689814755349289 ], [ 1601527.777081072563305, 2170.167586054475123 ], [ 1601557.865772172575817, 2170.087688340366185 ], [ 1601558.602044022176415, 2078.564936131860122 ], [ 1601588.690791791537777, 2078.484992843440978 ], [ 1601588.93625171110034, 2047.97728710837373 ], [ 1601649.113802759442478, 2047.817375525145962 ], [ 1601649.359305199002847, 2017.309585022286001 ], [ 1601679.448108476120979, 2017.229616734558704 ], [ 1601679.939175484934822, 1956.213845253570298 ], [ 1601710.028019089018926, 1956.133847323421833 ], [ 1601710.764742222614586, 1864.609745800207747 ], [ 1601740.853642501635477, 1864.529702295748621 ], [ 1601741.344873004825786, 1803.513338417408477 ], [ 1601771.433813612442464, 1803.433265274776886 ], [ 1601771.679459932493046, 1772.92498808770506 ], [ 1601801.768424494657665, 1772.844901305353687 ], [ 1601802.014096988830715, 1742.336555276005356 ], [ 1601832.103085511829704, 1742.256454836231342 ], [ 1601832.348784171510488, 1711.748039992931126 ], [ 1601862.437796661397442, 1711.667925875907031 ], [ 1601862.683521491941065, 1681.159442208033397 ], [ 1601892.772557944757864, 1681.079314430753811 ], [ 1601893.264069753000513, 1620.062156569462331 ], [ 1601923.353146528825164, 1619.981999178794467 ], [ 1601923.598933510947973, 1589.473324979003337 ], [ 1601983.77714260504581, 1589.312985143835022 ], [ 1601984.022972124861553, 1558.804226144385666 ], [ 1602014.112104435684159, 1558.724043723960904 ], [ 1602014.357960119144991, 1528.215215914100327 ], [ 1602074.536280294181779, 1528.054825994634029 ], [ 1602074.290391879156232, 1558.563685744750273 ], [ 1602104.379546998534352, 1558.48351022491056 ], [ 1602103.887766862288117, 1619.501103063115352 ], [ 1602133.976896862499416, 1619.42096176153882 ], [ 1602133.485123231774196, 1680.438375066275512 ], [ 1602163.574228109791875, 1680.358267989335218 ], [ 1602163.328339637489989, 1710.866911335827808 ], [ 1602193.417435749433935, 1710.786822535347255 ], [ 1602193.171540720388293, 1741.295428986900333 ], [ 1602223.260628075571731, 1741.215358438095791 ], [ 1602223.506539464695379, 1710.706736031993387 ], [ 1602253.595650785136968, 1710.626651824349892 ], [ 1602253.841588347684592, 1680.117960590133407 ], [ 1602283.930723639437929, 1680.037862708780494 ], [ 1602284.176687380531803, 1649.529102630163152 ], [ 1602314.265846638008952, 1649.44899109138737 ], [ 1602314.511836549034342, 1618.940162195985749 ], [ 1602344.601019779918715, 1618.860036981376197 ], [ 1602344.847035865765065, 1588.351139247947003 ], [ 1602374.936243071919307, 1588.271000353254976 ], [ 1602375.18228533770889, 1557.762033786046686 ], [ 1602405.271516514243558, 1557.681881220477635 ], [ 1602405.517584955552593, 1527.172845818073938 ], [ 1602435.606840101070702, 1527.092679593665935 ], [ 1602435.852934727910906, 1496.583575333407452 ], [ 1602465.942213848466054, 1496.503395431041099 ], [ 1602466.188334647798911, 1465.994222347625282 ], [ 1602496.277637750376016, 1465.914028751722526 ], [ 1602496.52378472709097, 1435.404786829570639 ], [ 1602556.702446480747312, 1435.244374609424312 ], [ 1602556.948636010522023, 1404.735047872035693 ], [ 1602617.127360934158787, 1404.574612878187963 ], [ 1602617.37359301536344, 1374.065201322730445 ], [ 1602647.462983257835731, 1373.984971304200826 ], [ 1602647.70924151642248, 1343.475490908591155 ], [ 1602978.693216565297917, 1342.59293615936167 ], [ 1602978.446778231300414, 1373.102592254702358 ], [ 1603068.715245789149776, 1372.861991549122422 ], [ 1603068.468768154969439, 1403.371642701817336 ], [ 1603128.647751844720915, 1403.211285628286305 ], [ 1603128.401251281844452, 1433.720915861126514 ], [ 1603188.580232683569193, 1433.560599890156936 ], [ 1603188.333709191996604, 1464.070209205974606 ], [ 1603248.512688297545537, 1463.909934354561528 ], [ 1603248.266141878906637, 1494.419522753356887 ], [ 1603368.624125976581126, 1494.099064402381146 ], [ 1603368.130931600462645, 1555.118210418192803 ], [ 1603398.220413913950324, 1555.038133510511443 ], [ 1603398.467022566124797, 1524.528570960762636 ], [ 1603458.646042783744633, 1524.368392055453342 ], [ 1603458.892693990608677, 1493.858744698257169 ], [ 1603488.982231897534803, 1493.778642698504655 ], [ 1603489.228909305064008, 1463.268926467166693 ], [ 1603579.497617834480479, 1463.028586258143378 ], [ 1603579.744354180758819, 1432.518769223738218 ], [ 1603609.833955293754116, 1432.43864441558685 ], [ 1603610.080717836506665, 1401.928758528283424 ], [ 1603700.349616015097126, 1401.688349869279591 ], [ 1603700.596437495667487, 1371.178363175368077 ], [ 1603730.686101832892746, 1371.098215543239348 ], [ 1603730.932949511799961, 1340.588159983683681 ], [ 1603761.022637841990218, 1340.507998662267028 ], [ 1603761.516395408893004, 1279.487696958129391 ], [ 1603791.606124108657241, 1279.407505959593891 ], [ 1603791.85303399967961, 1248.897259807222781 ], [ 1603821.942786696134135, 1248.817055109485864 ], [ 1603822.189722780371085, 1218.306740102092135 ], [ 1603852.279499478405342, 1218.226521695948122 ], [ 1603852.526461763307452, 1187.716137814412832 ], [ 1603882.616262457100675, 1187.635905716856541 ], [ 1603883.110249240882695, 1126.614947376549026 ], [ 1603913.20009031239897, 1126.53468558558734 ], [ 1603913.447114816866815, 1096.024111099198763 ], [ 1603943.536979885771871, 1095.943835609743473 ], [ 1603943.784030590206385, 1065.433192258418785 ], [ 1603973.873919654637575, 1065.352903081091881 ], [ 1603974.368083291919902, 1004.331425743848285 ], [ 1604034.54794981260784, 1004.170790266936706 ], [ 1604034.795079122763127, 973.659940310889965 ], [ 1604064.885040196124464, 973.57961001329852 ], [ 1604065.132195707177743, 943.068691178153358 ], [ 1604095.222180786309764, 942.988347167906113 ], [ 1604095.469362500589341, 912.477359464992333 ], [ 1604155.649388291873038, 912.316646309231601 ], [ 1604155.896612591343001, 881.80557374363741 ], [ 1604185.986653306987137, 881.725204586794121 ], [ 1604186.481164135970175, 820.702868828800774 ], [ 1604246.66133396490477, 820.542073414100059 ], [ 1604247.155949619598687, 759.519462134048013 ], [ 1604277.246078736381605, 759.439035868401334 ], [ 1604277.493417684454471, 728.927634901518672 ], [ 1604307.583570810733363, 728.847194924632504 ], [ 1604307.830935967620462, 698.335725069445857 ], [ 1604337.921113102464005, 698.255271382736396 ], [ 1604338.168504465837032, 667.743732652700032 ], [ 1604368.258705615065992, 667.663265244129207 ], [ 1604368.753550585592166, 606.639997112640344 ], [ 1604398.843792126281187, 606.559500007123575 ], [ 1604399.586182435043156, 515.024153092141091 ], [ 1604429.676480759866536, 514.943610293350162 ], [ 1604430.171489538624883, 453.919749182438636 ], [ 1604460.261828257702291, 453.839176693074819 ], [ 1604460.509363769553602, 423.327150805097517 ], [ 1604490.599726506043226, 423.246564591748097 ], [ 1604490.847288233228028, 392.734469802720753 ], [ 1604520.937674987595528, 392.653869862553222 ], [ 1604521.185262929648161, 362.14170617672454 ], [ 1604551.275673700729385, 362.061092516820054 ], [ 1604551.5232878474053, 331.548859956849753 ], [ 1604611.704165060305968, 331.38760746636882 ], [ 1604612.447164810728282, 239.850496343335806 ], [ 1604642.537664025789127, 239.769825537097887 ], [ 1604642.785366655793041, 209.257333349428393 ], [ 1604672.87588989152573, 209.176648812123659 ], [ 1604673.123618739657104, 178.664087722696053 ], [ 1604643.03307911590673, 178.744788247831536 ], [ 1604644.767341553466395, -34.844509051897077 ], [ 1604614.676694840658456, -34.763694319776647 ], [ 1604614.924469546880573, -65.276646754875472 ], [ 1604584.833814086625353, -65.195813790198301 ], [ 1604585.081582228187472, -95.708803138647681 ], [ 1604554.990918007446453, -95.627951903175543 ], [ 1604555.238679592031986, -126.140978189759522 ], [ 1604495.057341269217432, -125.979236925418135 ], [ 1604495.305079907877371, -156.492284161597865 ], [ 1604465.214405808132142, -156.411394146890927 ], [ 1604464.718971139285713, -95.385384578282654 ], [ 1604374.447092969203368, -95.142796866037713 ], [ 1604374.694756217533723, -125.655727209350573 ], [ 1604314.513509489828721, -125.493958750543243 ], [ 1604314.761149794561788, -156.006910044159952 ], [ 1604194.398682359373197, -155.683281952431742 ], [ 1604194.151107606478035, -125.170394612262356 ], [ 1604043.698276932584122, -124.765888375258484 ], [ 1604043.450793942203745, -94.253133895959493 ], [ 1603983.269747853977606, -94.091347485009138 ], [ 1603983.022307454841211, -63.578677879720495 ], [ 1603802.479450587183237, -63.093360067374881 ], [ 1603802.232118329498917, -32.5808393029981 ], [ 1603742.051259825238958, -32.419080486598922 ], [ 1603741.80397016229108, -1.906644608270441 ], [ 1603711.713568734470755, -1.825777771598585 ], [ 1603711.46630527661182, 28.686589213469144 ], [ 1603561.014494436560199, 29.090877573261089 ], [ 1603560.767322725616395, 59.603111716577544 ], [ 1603380.225499621126801, 60.088236930724861 ], [ 1603379.97843601857312, 90.600322281989421 ], [ 1603349.888175230007619, 90.681168467182133 ], [ 1603349.641137829981744, 121.193184928726524 ], [ 1603229.280236424179748, 121.516528537903085 ], [ 1603229.033274363726377, 152.028428170310974 ], [ 1603198.943084450671449, 152.109253784041613 ], [ 1603199.19003012101166, 121.597370146545614 ], [ 1603139.009640395641327, 121.759060161030945 ], [ 1603139.256563131697476, 91.247155559776886 ], [ 1603109.166363317053765, 91.328019976110127 ], [ 1603109.413279494969174, 60.816078436721469 ], [ 1603139.503495685523376, 60.735198055925302 ], [ 1603141.479309701360762, -183.362367028518179 ], [ 1603111.388962461845949, -183.281358809514529 ], [ 1603111.882981416303664, -244.30624731735071 ], [ 1603081.792609031544998, -244.225204851051188 ], [ 1603082.780699273105711, -366.275553026276611 ], [ 1603112.871137177105993, -366.356659383001158 ], [ 1603113.365273999748752, -427.382183000297175 ], [ 1603143.45575228985399, -427.463319032724257 ], [ 1603144.444209325127304, -549.515065303315055 ], [ 1603114.35366549459286, -549.433865327354283 ], [ 1603115.09506225748919, -640.973182867334003 ], [ 1603085.004476905800402, -640.891932694484922 ], [ 1603085.745912922080606, -732.431678699548002 ], [ 1603055.655286037363112, -732.350378302902072 ], [ 1603056.149593063397333, -793.3771083704886 ], [ 1603086.240252716932446, -793.458440725801211 ], [ 1603086.73463180474937, -854.485414507608311 ], [ 1603056.643939380068332, -854.404050187964003 ], [ 1603058.374460950028151, -1068.000014271490954 ], [ 1603028.283661453984678, -1067.918535828419181 ], [ 1603028.7781518320553, -1128.946398688126692 ], [ 1602998.687327194027603, -1128.864886025375654 ], [ 1602998.934570730896667, -1159.378880893522592 ], [ 1602968.843737334245816, -1159.297349984052516 ], [ 1602969.090974307851866, -1189.811381819366943 ], [ 1602939.000132149783894, -1189.729832653264339 ], [ 1602939.494602803140879, -1250.758023243674643 ], [ 1602969.585477734915912, -1250.839604364195338 ], [ 1602969.832744187442586, -1281.353795068752788 ], [ 1603030.014549703802913, -1281.51698247126069 ], [ 1603030.26185875502415, -1312.031258085234185 ], [ 1603090.443727560341358, -1312.194468382530886 ], [ 1603090.691079212119803, -1342.708828917958499 ], [ 1603120.782041444443166, -1342.790446641675089 ], [ 1603121.029419304570183, -1373.304876097271745 ], [ 1603271.484426856739447, -1373.713010643515872 ], [ 1603271.731896488461643, -1404.22757297202088 ], [ 1603301.822937277611345, -1404.309209065668711 ], [ 1603302.070433130022138, -1434.823840345499775 ], [ 1603332.161497936816886, -1434.905490144014266 ], [ 1603332.40902000060305, -1465.420190352512009 ], [ 1603362.500108831562102, -1465.501853879260807 ], [ 1603362.747657119994983, -1496.016623045457663 ], [ 1603392.838769970228896, -1496.098300292651402 ], [ 1603393.086344478419051, -1526.61313840026105 ], [ 1603393.333928811131045, -1557.128029472782373 ], [ 1603363.242783174850047, -1557.046320255592036 ], [ 1603363.737948540132493, -1618.076229306961977 ], [ 1603333.64677775837481, -1617.994485865135402 ], [ 1603333.894358786288649, -1648.509503840443813 ], [ 1603303.803179250098765, -1648.427742166060398 ], [ 1603304.050753717776388, -1678.942797131195675 ], [ 1603243.868384745204821, -1678.779234991864541 ], [ 1603244.115936261601746, -1709.294310964661008 ], [ 1603214.024746833601967, -1709.212510520248316 ], [ 1603214.272291786968708, -1739.727623477207089 ], [ 1603123.998720119241625, -1739.482160617233603 ], [ 1603124.246225729119033, -1769.997278599687661 ], [ 1603094.155034044058993, -1769.915437133438672 ], [ 1603094.402533088810742, -1800.430592098638499 ], [ 1603064.311332643264905, -1800.348732381421769 ], [ 1603064.558825126383454, -1830.863924341405436 ], [ 1603034.467615925474092, -1830.782046388799472 ], [ 1603034.71510184253566, -1861.297275335777613 ], [ 1603004.6238838811405, -1861.21537913574457 ], [ 1603004.871363237034529, -1891.730645072549805 ], [ 1602974.780136509099975, -1891.648730619424668 ], [ 1602975.027609307784587, -1922.164033558094843 ], [ 1602914.845145971747115, -1922.000165908723602 ], [ 1602915.09259580867365, -1952.515489845849515 ], [ 1602885.001359203597531, -1952.433536663765835 ], [ 1602885.496255575912073, -2013.464311501702696 ], [ 1602855.404993815347552, -2013.382324080820354 ], [ 1602855.652440350968391, -2043.897774981631301 ], [ 1602795.46990694059059, -2043.733761391080861 ], [ 1602795.964763930300251, -2104.764758209758838 ], [ 1602765.873475888976827, -2104.682716060049188 ], [ 1602766.368339406559244, -2165.713892837772619 ], [ 1602736.27702621021308, -2165.631816450680617 ], [ 1602736.524456319632009, -2196.147468335193025 ], [ 1602706.433134370017797, -2196.065373727582482 ], [ 1602706.680557916639373, -2226.58106261537614 ], [ 1602676.58922719839029, -2226.498949743343474 ], [ 1602677.08407098101452, -2287.530454488280611 ], [ 1602646.992715117288753, -2287.448307410731104 ], [ 1602647.240135359112173, -2317.964123285577443 ], [ 1602617.148770739557222, -2317.88195797617891 ], [ 1602617.396184409968555, -2348.397810838728219 ], [ 1602587.304811025736853, -2348.315627279070213 ], [ 1602587.552218137076125, -2378.831517159770556 ], [ 1602557.460835993289948, -2378.749315362599191 ], [ 1602557.708236539969221, -2409.265242254370605 ], [ 1602527.616845634765923, -2409.183022212604556 ], [ 1602527.864239612361416, -2439.698986106948723 ], [ 1602497.772839952260256, -2439.616747834750186 ], [ 1602498.020227366127074, -2470.132748734499728 ], [ 1602467.928818939253688, -2470.050492211333676 ], [ 1602468.176199791487306, -2500.56653013773257 ], [ 1602438.084782602265477, -2500.484255366431171 ], [ 1602438.332156889839098, -2531.000330298943481 ], [ 1602408.240730944788083, -2530.918037305707003 ], [ 1602408.488098659785464, -2561.434149233003609 ], [ 1602348.3052368669305, -2561.269524474376794 ], [ 1602348.552581638563424, -2591.785657476605138 ], [ 1602288.369717586552724, -2591.620991723050793 ], [ 1602288.617039400152862, -2622.137145753475579 ], [ 1602168.251337279332802, -2621.807723164307845 ], [ 1602168.498603354673833, -2652.323866286922566 ], [ 1602138.407180507900193, -2652.241489004578852 ], [ 1602138.654440015554428, -2682.757669136139612 ], [ 1602108.563008405733854, -2682.675273614866455 ], [ 1602108.810261349659413, -2713.191490768827407 ], [ 1601958.353135775309056, -2712.779399339274732 ], [ 1601958.105964781250805, -2682.263262059320823 ], [ 1601928.014578940346837, -2682.180852957809293 ], [ 1601927.767434155801311, -2651.664784637679077 ], [ 1601717.128061512019485, -2651.087969262351635 ], [ 1601717.375091580208391, -2681.603925778840676 ], [ 1601687.283766743261367, -2681.521498542492736 ], [ 1601687.036753065418452, -2651.005558006752835 ], [ 1601656.945452248444781, -2650.923144485184821 ], [ 1601656.69846477615647, -2620.407272902895329 ], [ 1601626.607187966117635, -2620.324873075572214 ], [ 1601626.360226707998663, -2589.809070471517771 ], [ 1601596.268973906058818, -2589.726684346228467 ], [ 1601595.528198217740282, -2498.17964238262266 ], [ 1601565.437002204358578, -2498.097301913077445 ], [ 1601564.943233615485951, -2437.0662374778708 ], [ 1601534.852077988209203, -2436.983926651455022 ], [ 1601534.358381456695497, -2375.953106108206157 ], [ 1601444.085058625321835, -2375.706255865945877 ], [ 1601443.838274246780202, -2345.190972988894828 ], [ 1601413.747198260156438, -2345.108700999070606 ], [ 1601413.993966262321919, -2375.623967921572785 ], [ 1601383.902881513349712, -2375.54167768786192 ], [ 1601383.656129900598899, -2345.026426741861087 ], [ 1601323.474016033113003, -2344.861871395543858 ], [ 1601323.227307008812204, -2314.346705376661703 ], [ 1601293.136277887504548, -2314.264440259098137 ], [ 1601292.889595062937587, -2283.749343183752899 ], [ 1601232.707592447753996, -2283.5848380753946 ], [ 1601232.460952206049114, -2253.069825910173677 ], [ 1601202.369978705886751, -2252.987585903800664 ], [ 1601202.123364666476846, -2222.472642694154729 ], [ 1601172.032415170222521, -2222.390416389815528 ], [ 1601171.539249301189557, -2161.36072082321698 ], [ 1601141.44834018452093, -2161.278524168380045 ], [ 1601140.955246351193637, -2100.249072456209433 ], [ 1601080.773516495944932, -2100.084736190191961 ], [ 1601080.280527443857864, -2039.055560225260706 ], [ 1601050.189706704579294, -2038.973420610539733 ], [ 1601048.71107341744937, -1855.887259847346286 ], [ 1601078.801795879844576, -1855.96930366820834 ], [ 1601078.308963878778741, -1794.940975227546005 ], [ 1600897.764939858578146, -1794.448869658373951 ], [ 1600898.011252678697929, -1824.962911609117555 ], [ 1600867.920592276612297, -1824.880870068387367 ], [ 1600868.166898535331711, -1855.39494902241222 ], [ 1600807.985567823750898, -1855.230827187917157 ], [ 1600808.231851137476042, -1885.744927171554764 ], [ 1600627.687943430850282, -1885.252411124140053 ], [ 1600627.934138297801837, -1915.766468311403969 ], [ 1600567.752863870700821, -1915.602246119246047 ], [ 1600567.999035801040009, -1946.116324372236477 ], [ 1600537.908393622608855, -1946.034193874502307 ], [ 1600538.154558987356722, -1976.548309127941593 ], [ 1600477.97326472424902, -1976.384009405638608 ], [ 1600478.219407143304124, -2006.898145696480015 ], [ 1600418.038110577035695, -2006.733804938178537 ], [ 1600417.792000904679298, -1976.219700555727513 ], [ 1600357.610767525620759, -1976.055382567586548 ], [ 1600357.856844442663714, -2006.569455026068226 ], [ 1600327.766222795238718, -2006.487276652648006 ], [ 1600328.012293147854507, -2037.001386120075949 ], [ 1600297.921662729931995, -2036.91918949781234 ], [ 1600298.167726523941383, -2067.433335988348972 ], [ 1600268.077087339013815, -2067.351121120782409 ], [ 1600268.323144566500559, -2097.865304621680934 ], [ 1600208.14185628388077, -2097.700836141302716 ], [ 1600208.387890570564196, -2128.21504070013907 ], [ 1600148.206599970348179, -2128.050531156853594 ], [ 1600148.452611320652068, -2158.564756780708649 ], [ 1600028.090055932290852, -2158.235646470456231 ], [ 1600028.581977061461657, -2219.264128987836102 ], [ 1599908.2194124085363, -2218.934854474815438 ], [ 1599907.97351244604215, -2188.420650578775167 ], [ 1599847.792308517033234, -2188.256031532515863 ], [ 1599847.300603499170393, -2127.227846443454382 ], [ 1599787.119495498947799, -2127.063282089908625 ], [ 1599786.873690452892333, -2096.549300923795727 ], [ 1599756.78316423133947, -2096.467031263671743 ], [ 1599756.045857059303671, -2004.925453455980914 ], [ 1599725.95538756554015, -2004.843229379373042 ], [ 1599725.709654497448355, -1974.329492008913803 ], [ 1599695.619208976393566, -1974.247281589020531 ], [ 1599665.528771064477041, -1974.165068901033464 ], [ 1599665.774471387499943, -2004.678774358853389 ], [ 1599635.684024702059105, -2004.596543408568778 ], [ 1599635.929718462284654, -2035.110285886664542 ], [ 1599605.83926300983876, -2035.028036695325909 ], [ 1599606.822070641210303, -2157.083472532808628 ], [ 1599576.731557307299227, -2157.001157243140824 ], [ 1599576.977267367765307, -2187.515132699718833 ], [ 1599546.886745261959732, -2187.432799157666977 ], [ 1599547.869618067750707, -2309.489166863050741 ], [ 1599487.688465697458014, -2309.324365311362726 ], [ 1599488.179895459674299, -2370.352803234463863 ], [ 1599458.08929794235155, -2370.270367140299186 ], [ 1599458.335011160932481, -2400.784649612370686 ], [ 1599428.244404869619757, -2400.702195258033044 ], [ 1599428.735827979166061, -2461.730887228175106 ], [ 1599458.826467015547678, -2461.81337348453053 ], [ 1599459.563724366249517, -2553.356856704158417 ], [ 1599399.382355663692579, -2553.19178620101502 ], [ 1599400.365371789550409, -2675.250378003572223 ], [ 1599430.45611783140339, -2675.332978199952777 ], [ 1599430.947717493399978, -2736.362623946380154 ], [ 1599461.038503892486915, -2736.445253768895327 ], [ 1599461.53017553826794, -2797.475143382495844 ], [ 1599431.439356392715126, -2797.392481658671386 ], [ 1599431.685190552612767, -2827.907489997236553 ], [ 1599371.503542326856405, -2827.742127785223147 ], [ 1599371.749353549676016, -2858.257157222088154 ], [ 1599552.294487764360383, -2858.753312171442303 ], [ 1599552.540407047141343, -2889.268490313260827 ], [ 1599672.904047529678792, -2889.599278452099952 ], [ 1599672.658062740694731, -2859.084036489959544 ], [ 1599732.839895881945267, -2859.249384953202934 ], [ 1599732.593888154253364, -2828.734164083698033 ], [ 1599792.775718980235979, -2828.899471511650972 ], [ 1599793.021759470226243, -2859.41472431220609 ], [ 1599823.112702674465254, -2859.49739055805594 ], [ 1599823.3587693546433, -2890.012712314186501 ], [ 1599853.449736549984664, -2890.095392241534682 ], [ 1599854.188044579466805, -2981.64172331741338 ], [ 1599884.279068519826978, -2981.724448835358999 ], [ 1599886.248452717904001, -3225.850458096930652 ], [ 1599916.339615311473608, -3225.933308999463861 ], [ 1599917.324608448892832, -3347.997649603354148 ], [ 1599947.415844177128747, -3348.080562055990868 ], [ 1599947.662133380537853, -3378.596795696295885 ], [ 1599977.753393097547814, -3378.679721820517898 ], [ 1599977.999708493473008, -3409.196024422770734 ], [ 1600008.09099221858196, -3409.27896426106463 ], [ 1600008.337333810515702, -3439.795335833763147 ], [ 1600038.42864152463153, -3439.878289333020348 ], [ 1600038.675009314669296, -3470.3947298797043 ], [ 1600068.766341030830517, -3470.477697083119892 ], [ 1600069.012735022231936, -3500.994206608038894 ], [ 1600159.286825016373768, -3501.243142430175794 ], [ 1600159.533277966547757, -3531.759752844552168 ], [ 1600189.624672914389521, -3531.842742860615544 ], [ 1600190.610648425295949, -3653.909778549803832 ], [ 1600220.702116527594626, -3653.992830144295112 ], [ 1600221.68831464718096, -3776.060778010109971 ], [ 1600251.779855906264856, -3776.143891170283041 ], [ 1600252.273046638118103, -3837.178215158649436 ], [ 1600282.364628296345472, -3837.261357994525042 ], [ 1600282.611254775198177, -3867.778615494717997 ], [ 1600312.702860429883003, -3867.861771994389528 ], [ 1600313.936222041491419, -4020.448934738803473 ], [ 1600283.844534445786849, -4020.36569841256869 ], [ 1600284.091219834750518, -4050.883274082490061 ], [ 1600253.999523479258642, -4050.800019534320199 ], [ 1600254.246202301699668, -4081.317632283291005 ], [ 1600224.154497172683477, -4081.234359490526458 ], [ 1600224.401169427903369, -4111.752009312881455 ], [ 1600194.309455538867041, -4111.66871830738819 ], [ 1600194.556121226400137, -4142.186405207376993 ], [ 1600164.464398563839495, -4142.103095953038974 ], [ 1600164.711057679262012, -4172.620819918623056 ], [ 1600134.619326255051419, -4172.537492443767405 ], [ 1600134.865978804416955, -4203.055253494773751 ], [ 1600074.68250604509376, -4202.88855983380563 ], [ 1600074.929135632235557, -4233.406341984528808 ], [ 1600044.83739429875277, -4233.322975792752004 ], [ 1600045.330650166841224, -4294.358667313512342 ], [ 1600015.238883667858317, -4294.275266909137827 ], [ 1600016.225447665434331, -4416.347222571762359 ], [ 1599986.133623250061646, -4416.263756092425865 ], [ 1599986.873600177001208, -4507.81823190943669 ], [ 1599956.781734214629978, -4507.734715270742527 ], [ 1599957.028396432986483, -4538.252963993074445 ], [ 1599926.936521711759269, -4538.169429148731069 ], [ 1599927.183177364990115, -4568.687714964982661 ], [ 1599897.091293866746128, -4568.604161870380267 ], [ 1599897.337942954152822, -4599.122484783383698 ], [ 1599867.246050692629069, -4599.038913473219509 ], [ 1599867.49269320606254, -4629.55727346810545 ], [ 1599837.4007921773009, -4629.473683934589644 ], [ 1599837.647428123978898, -4659.992081020563091 ], [ 1599807.555518328677863, -4659.908473260863502 ], [ 1599807.802147700916976, -4690.426907433676206 ], [ 1599777.710229141172022, -4690.343281457706325 ], [ 1599777.956851945957169, -4720.861752724438702 ], [ 1599747.864924617810175, -4720.778108518745285 ], [ 1599748.111540853977203, -4751.29661688647866 ], [ 1599687.927676280494779, -4751.129289748964766 ], [ 1599688.174269553972408, -4781.647819239782621 ], [ 1599627.990402686875314, -4781.480451130000802 ], [ 1599628.730143099091947, -4873.036262207751861 ], [ 1599628.976742876460776, -4903.554972025835013 ], [ 1599598.884755316190422, -4903.471220723344231 ], [ 1599599.871187034761533, -5025.546526701118637 ], [ 1599569.779141548089683, -5025.462709319417627 ], [ 1599570.519019258441404, -5117.019698052652529 ], [ 1599600.611113918246701, -5117.10356331924595 ], [ 1599601.351129162125289, -5208.661077499640669 ], [ 1599691.627606377238408, -5208.912803332785188 ], [ 1599691.874346936820075, -5239.4321287390012 ], [ 1599721.966537643922493, -5239.516048781864811 ], [ 1599723.200469692004845, -5392.113551647671557 ], [ 1599693.108197027584538, -5392.029551807984717 ], [ 1599694.095453863497823, -5514.108445562471388 ], [ 1599724.187792096054181, -5514.192509238057937 ], [ 1599724.681512224022299, -5575.232306487995629 ], [ 1599754.773890867829323, -5575.316399827955138 ], [ 1599755.514593898551539, -5666.876541674683722 ], [ 1599785.607029346982017, -5666.960680639230304 ], [ 1599786.347869953839108, -5758.521348093153392 ], [ 1599816.440362214110792, -5758.605532685826802 ], [ 1599816.687345126876608, -5789.12587731235817 ], [ 1599786.594836467411369, -5789.041676748141072 ], [ 1599786.841812802711502, -5819.562058479214102 ], [ 1599756.749295381363481, -5819.477839707931707 ], [ 1599756.996265143621713, -5849.998258566206459 ], [ 1599726.903738955501467, -5849.91402158148685 ], [ 1599727.150702143786475, -5880.434477558465915 ], [ 1599697.058167184935883, -5880.350222348270108 ], [ 1599698.540054230950773, -6063.473977366020335 ], [ 1599668.4474285277538, -6063.389624131402343 ], [ 1599669.188455469440669, -6154.952170502414447 ], [ 1599699.281130352523178, -6155.036571598556293 ], [ 1599699.775230219820514, -6216.078566573323769 ], [ 1599700.022294889437035, -6246.599643708471376 ], [ 1599730.115026596467942, -6246.684090451859447 ], [ 1599730.609218198340386, -6307.726435937404858 ], [ 1599760.701990326168016, -6307.810912343041309 ], [ 1599760.949117261450738, -6338.332180696978867 ], [ 1599791.041913413209841, -6338.416670799691929 ], [ 1599791.289066577097401, -6368.938008241621901 ], [ 1599851.474714578827843, -6369.107013643922073 ], [ 1599851.721910355146974, -6399.628436086614784 ], [ 1599881.814762200694531, -6399.712951369913753 ], [ 1599882.061984203523025, -6430.23444288572864 ], [ 1599912.154860084177926, -6430.31897189513802 ], [ 1599912.402108304668218, -6460.840532464956596 ], [ 1599942.495008212979883, -6460.925075177815415 ], [ 1599942.989566938718781, -6521.968387578020156 ], [ 1599973.082507281331345, -6522.052959976495913 ], [ 1599973.329817787278444, -6552.574711813254908 ], [ 1600003.422782161738724, -6552.659297922969927 ], [ 1600003.670118885114789, -6583.181118805942788 ], [ 1600033.763107294216752, -6583.265718634686891 ], [ 1600034.257843028521165, -6644.309551673946771 ], [ 1600064.350871877511963, -6644.394181193972145 ], [ 1600064.845679723192006, -6705.43825861024834 ], [ 1600094.938749004853889, -6705.522917800311006 ], [ 1600095.186184068676084, -6736.045052140504595 ], [ 1600125.279277386842296, -6736.129725046763269 ], [ 1600275.744858518941328, -6736.55305591070919 ], [ 1600275.497325037140399, -6706.03082576745237 ], [ 1600335.683578142430633, -6706.200110468897947 ], [ 1600335.931144427042454, -6736.722372546745646 ], [ 1600396.117460886482149, -6736.89168019608951 ], [ 1600396.36506980843842, -6767.414027320020068 ], [ 1600486.644650993868709, -6767.668019878179621 ], [ 1600486.89231895795092, -6798.190468026817143 ], [ 1600607.265266429400072, -6798.529157235763705 ], [ 1600607.017532843630761, -6768.006645210154602 ], [ 1600787.577084810705855, -6768.514515950249915 ], [ 1600787.824916833546013, -6799.037123803706891 ], [ 1600878.104845188790932, -6799.291076834861997 ], [ 1600877.856963949976489, -6768.768421076686536 ], [ 1600938.043588249245659, -6768.937679956702596 ], [ 1600938.291502308100462, -6799.460367673545079 ], [ 1600968.384842323837802, -6799.54500971163452 ], [ 1600968.880732747958973, -6860.590576423590392 ], [ 1600998.974113225005567, -6860.675248181994903 ], [ 1600999.222089602379128, -6891.19812720826485 ], [ 1601029.31549413013272, -6891.282812696319525 ], [ 1601029.563496744958684, -6921.805760804209967 ], [ 1601059.656925323186442, -6921.890460021914805 ], [ 1601060.152992866700515, -6982.936547535085083 ], [ 1601090.246461913222447, -6983.021276480184497 ], [ 1601090.990686215693131, -7074.590854105560538 ], [ 1601121.084212134825066, -7074.675628729772143 ], [ 1601121.332322981907055, -7105.19894349630431 ], [ 1601211.612995844800025, -7105.453301893108801 ], [ 1601211.861165757989511, -7135.976717711964739 ], [ 1601272.048352051991969, -7136.146310741750312 ], [ 1601272.296564627904445, -7166.669811650592237 ], [ 1601302.390185655793175, -7166.754620794016773 ], [ 1601302.638424478005618, -7197.278190800764605 ], [ 1601332.732069567544386, -7197.363013690833213 ], [ 1601332.980334637220949, -7227.886652805401354 ], [ 1601363.074003784451634, -7227.971489425121035 ], [ 1601363.322295104851946, -7258.495197651049239 ], [ 1601393.415988314431161, -7258.58004802378764 ], [ 1601393.912633284693584, -7319.627655802066329 ], [ 1601424.006366971414536, -7319.712535905031473 ], [ 1601424.503084124531597, -7380.760388191328275 ], [ 1601454.596858288627118, -7380.845298018148242 ], [ 1601455.093647613888606, -7441.89339478272268 ], [ 1601485.187462255358696, -7441.97833433339656 ], [ 1601486.181224633939564, -7564.075229454132568 ], [ 1601516.275112583767623, -7564.160230688743468 ], [ 1601516.523594189202413, -7594.684603293376313 ], [ 1601636.899288174230605, -7595.024649867594235 ], [ 1601637.147845281055197, -7625.549139530792672 ], [ 1601697.335771024692804, -7625.719181420095083 ], [ 1601697.087181083159521, -7595.194659797522036 ], [ 1601757.275104600004852, -7595.364660794572956 ], [ 1601757.026491666212678, -7564.840160351025588 ], [ 1601787.120448488742113, -7564.925141532515227 ], [ 1601786.871828977018595, -7534.400678245202471 ], [ 1601847.059732756577432, -7534.570601983316919 ], [ 1601846.811090247705579, -7504.046159860866283 ], [ 1601967.186923981411383, -7504.385916677072601 ], [ 1601967.435632157837972, -7534.910422726062279 ], [ 1601997.529626140836626, -7534.995372328435224 ], [ 1601997.778360573574901, -7565.519947488077378 ], [ 1602027.872378634987399, -7565.604910868252773 ], [ 1602028.121139332652092, -7596.129555165454804 ], [ 1602058.215181464096531, -7596.214532288735427 ], [ 1602058.463968422263861, -7626.739245712168668 ], [ 1602088.558034632587805, -7626.824236611127162 ], [ 1602089.055670910980552, -7687.873854850270618 ], [ 1602119.149777609389275, -7687.958875460337367 ], [ 1602119.896355111850426, -7779.533749372238162 ], [ 1602089.802199148805812, -7779.448680783808413 ], [ 1602090.051061581354588, -7809.9737290615858 ], [ 1602120.145233963150531, -7810.05881363147364 ], [ 1602120.394122666213661, -7840.583931059557472 ], [ 1602150.488319122698158, -7840.669029379630047 ], [ 1602150.73723408463411, -7871.194215929696838 ], [ 1602241.019918691599742, -7871.449545579783262 ], [ 1602241.268892759922892, -7901.974833235282858 ], [ 1602271.36315270094201, -7902.059954663287499 ], [ 1602271.612153034424409, -7932.585311448558059 ], [ 1602361.89502808265388, -7932.840710360833327 ], [ 1602362.144087533000857, -7963.36616827277976 ], [ 1602392.23841095995158, -7963.451312795262311 ], [ 1602392.487496678484604, -7993.976839849726275 ], [ 1602422.581844184780493, -7994.061998123810554 ], [ 1602422.83095617312938, -8024.587594327164879 ], [ 1602483.019707026425749, -8024.757936224450532 ], [ 1602483.268861702643335, -8055.283617544699155 ], [ 1602543.457676053978503, -8055.453982549915963 ], [ 1602543.706873428774998, -8085.979749011842614 ], [ 1602573.801308519905433, -8086.064944170952003 ], [ 1602574.299765660660341, -8147.116668546565052 ], [ 1602604.394241266185418, -8147.201893469891729 ], [ 1602604.643501029582694, -8177.727851381453547 ], [ 1602634.738000724930316, -8177.813090079750509 ], [ 1602634.987286764895543, -8208.339117149407684 ], [ 1602695.17634200071916, -8208.509619885913708 ], [ 1602695.425670738099143, -8239.035732088750592 ], [ 1602785.709360362729058, -8239.291517561961882 ], [ 1602785.459982344415039, -8208.765357382884758 ], [ 1602815.554544454440475, -8208.850598779103166 ], [ 1602815.30515985772945, -8178.324475769714809 ], [ 1602845.399713213089854, -8178.409698979402492 ], [ 1602845.150322038214654, -8147.883613138285909 ], [ 1602875.244866628199816, -8147.968818133120294 ], [ 1602995.623121650191024, -8148.309615974641929 ], [ 1602995.373658194206655, -8117.783503342685435 ], [ 1603055.562798857456073, -8117.953857019471798 ], [ 1603055.313312391284853, -8087.427765547421586 ], [ 1603115.502450864994898, -8087.598078380107836 ], [ 1603115.003441784763709, -8026.545990983442607 ], [ 1603145.097989664413035, -8026.631112087839028 ], [ 1603144.848483472364023, -7996.105132131934624 ], [ 1603205.037569380830973, -7996.275335719401482 ], [ 1603204.538520847447217, -7935.223471329536551 ], [ 1603294.822108655935153, -7935.478664152597958 ], [ 1603294.57254987815395, -7904.952763694692294 ], [ 1603324.667078059865162, -7905.037807562811395 ], [ 1603322.920327450148761, -7691.357880717939224 ], [ 1603353.014748306013644, -7691.442810408813784 ], [ 1603352.765235479921103, -7660.917303174501285 ], [ 1603322.670831048395485, -7660.832389476414392 ], [ 1603322.421344501199201, -7630.306951396657496 ], [ 1603292.326964165782556, -7630.222051484869553 ], [ 1603292.077503892825916, -7599.696682539840367 ], [ 1603261.983147647231817, -7599.611796401607535 ], [ 1603261.733713653637096, -7569.086496599095881 ], [ 1603201.545057016192004, -7568.916749680950488 ], [ 1603201.295665720943362, -7538.391535007371203 ], [ 1603261.484289507148787, -7538.56124993852427 ], [ 1603261.234875216148794, -7508.036056436180843 ], [ 1603351.517819112399593, -7508.290564241096945 ], [ 1603351.268365388736129, -7477.765375887460323 ], [ 1603441.551329007139429, -7478.019815783396552 ], [ 1603441.800832007313147, -7508.545052117519845 ], [ 1603471.895184972323477, -7508.629876976858213 ], [ 1603472.144714251626283, -7539.15518245916428 ], [ 1603502.239091315073892, -7539.240021111175338 ], [ 1603501.989545606542379, -7508.714699633249438 ], [ 1603532.083913907874376, -7508.799520068991114 ], [ 1603531.584819200215861, -7447.749004568964665 ], [ 1603742.245382039109245, -7448.342461711871692 ], [ 1603742.495039452333003, -7478.867804846800937 ], [ 1603772.589452677872032, -7478.952591594656951 ], [ 1603772.839136376744136, -7509.478003885557882 ], [ 1603802.933573698392138, -7509.562804417589177 ], [ 1603803.183283680817112, -7540.088285856671973 ], [ 1603833.277745098108426, -7540.173100158717716 ], [ 1603833.777227476239204, -7601.224254468815161 ], [ 1603863.871729420265183, -7601.309098554195771 ], [ 1603864.121501821326092, -7631.834771431584159 ], [ 1603924.310561585007235, -7632.004484976247113 ], [ 1603924.560376696055755, -7662.530242994605032 ], [ 1603894.465826543746516, -7662.445371311840063 ], [ 1603895.215281715383753, -7754.022916272059774 ], [ 1603865.120689947390929, -7753.937994395239002 ], [ 1603867.369439702248201, -8028.673355511193222 ], [ 1603897.464179352391511, -8028.758421391788943 ], [ 1603898.213989288778976, -8120.337879942679137 ], [ 1603928.308785911183804, -8120.42299161214487 ], [ 1603929.058733844896778, -8212.002976628464239 ], [ 1603959.15358743746765, -8212.088134087507569 ], [ 1603960.403779956977814, -8364.722585769837679 ], [ 1603930.30884419567883, -8364.637348311451206 ], [ 1603931.559200965100899, -8517.273049255316437 ], [ 1603961.654218898620456, -8517.358366713047872 ], [ 1603963.155070928158239, -8700.523058634445988 ], [ 1603993.250195151660591, -8700.608469891982168 ], [ 1603994.251026081619784, -8822.719392109298497 ], [ 1604024.346223734552041, -8822.804865185315066 ], [ 1604025.096999759553, -8914.388663279440152 ], [ 1604055.192254401510581, -8914.474182150697743 ], [ 1604055.692853928310797, -8975.530345493205459 ], [ 1604085.78814913565293, -8975.615894194534121 ], [ 1604086.288820971269161, -9036.672302279444921 ], [ 1604116.384156733751297, -9036.757880776856837 ], [ 1604116.884900889592245, -9097.814533644534094 ], [ 1604146.980277215130627, -9097.900141955731669 ], [ 1604147.481093693524599, -9158.957039591305147 ], [ 1604177.576510582352057, -9159.042677721243308 ], [ 1604178.077399382600561, -9220.099820137460483 ], [ 1604208.172856830758974, -9220.185488069146231 ], [ 1604208.673817964270711, -9281.242875295038175 ], [ 1604238.769315975019708, -9281.328573038383183 ], [ 1604239.270349439000711, -9342.386205067577976 ], [ 1604269.365888021886349, -9342.471932634622135 ], [ 1604269.616435984149575, -9373.00084443918422 ], [ 1604299.711998695507646, -9373.086585822977213 ], [ 1604301.215592264197767, -9556.261270026710918 ], [ 1604271.11993090249598, -9556.175432626001566 ], [ 1604271.370547905797139, -9586.704716868844116 ], [ 1604241.274877785239369, -9586.618861274524534 ], [ 1604241.525488211540505, -9617.148182718210592 ], [ 1604181.334138137055561, -9616.976432926658163 ], [ 1604181.5847255398985, -9647.505775577694294 ], [ 1604151.489045589463785, -9647.419881400288432 ], [ 1604152.240817647660151, -9739.008180601273125 ], [ 1604182.3365469253622, -9739.094122783950297 ], [ 1604182.837810497963801, -9800.153286983089856 ], [ 1604212.933580357581377, -9800.239259012125331 ], [ 1604213.43491627369076, -9861.298668074046873 ], [ 1604183.339113527908921, -9861.21266404385824 ], [ 1604183.589779835892841, -9891.742432389830356 ], [ 1604153.493968334048986, -9891.656410163906912 ], [ 1604153.744628066429868, -9922.186215736217491 ], [ 1604123.648807806428522, -9922.100175317391404 ], [ 1604123.899460953194648, -9952.63001809479465 ], [ 1604093.803631936898455, -9952.543959484482912 ], [ 1604094.054278498748317, -9983.073839458484144 ], [ 1604063.958440728951246, -9982.98776267014 ], [ 1604064.209080718457699, -10013.517679881808363 ], [ 1604034.113234177464619, -10013.431584863739772 ], [ 1604034.363867587409914, -10043.961539301037192 ], [ 1604004.2680122947786, -10043.875426103521022 ], [ 1604004.518639116315171, -10074.405417734584262 ], [ 1603974.422775070182979, -10074.319286358326281 ], [ 1603974.673395312158391, -10104.849315215018578 ], [ 1603944.57752249808982, -10104.763165617536288 ], [ 1603945.580036328174174, -10226.883749276441449 ], [ 1603975.675974917132407, -10226.969962876231875 ], [ 1603976.177323902724311, -10288.030606063721279 ], [ 1603946.081352424109355, -10287.944360460653115 ], [ 1603946.582707975059748, -10349.005184556770473 ], [ 1603916.486711292993277, -10348.918904765889238 ], [ 1603916.737387418979779, -10379.449380653033586 ], [ 1603886.641381974797696, -10379.363082656504048 ], [ 1603886.89205151819624, -10409.89359576998686 ], [ 1603856.796037316787988, -10409.807279587634184 ], [ 1603857.046700280625373, -10440.337829940201118 ], [ 1603796.854662047931924, -10440.165159002324799 ], [ 1603797.105301982956007, -10470.695730575695052 ], [ 1603556.33732495107688, -10470.004831309246583 ], [ 1603556.086816579801962, -10439.474387754653435 ], [ 1603465.799001338891685, -10439.215312423773867 ], [ 1603466.049460376612842, -10469.745707964599205 ], [ 1603435.953520888928324, -10469.659329142354181 ], [ 1603436.203973348019645, -10500.189761925803396 ], [ 1603406.10802510054782, -10500.10336491207272 ], [ 1603406.358470976585522, -10530.633834930356898 ], [ 1603376.262513970723376, -10530.547419728680325 ], [ 1603376.763402421493083, -10591.608487469624379 ], [ 1603346.667420208919793, -10591.522038072344003 ], [ 1603347.168315221555531, -10652.583286770775885 ], [ 1603317.072307803668082, -10652.496803182140866 ], [ 1603317.322753658751026, -10683.027491389917486 ], [ 1603287.226737482007593, -10682.940989614751743 ], [ 1603287.477176751941442, -10713.471715053114167 ], [ 1603257.381151815876365, -10713.385195093545917 ], [ 1603257.631584508810192, -10743.915957787985462 ], [ 1603227.53555080993101, -10743.829419629850236 ], [ 1603227.785976912360638, -10774.360219547086672 ], [ 1603077.305841472232714, -10773.927415964943066 ], [ 1603077.055497583933175, -10743.396696025098208 ], [ 1603046.959509989013895, -10743.310144741333716 ], [ 1603046.709192408248782, -10712.779494046682885 ], [ 1603016.613228932954371, -10712.692956555591081 ], [ 1603016.362937652273104, -10682.162375090554633 ], [ 1602986.266998306848109, -10682.075851413379496 ], [ 1602986.016733330674469, -10651.545339194954067 ], [ 1602925.824910560855642, -10651.372317237872267 ], [ 1602925.574688324239105, -10620.841890241850706 ], [ 1602895.478804910322651, -10620.755391988144765 ], [ 1602895.228608974488452, -10590.225034225986747 ], [ 1602835.036898056743667, -10590.052063098140934 ], [ 1602834.786744860932231, -10559.521790562634123 ], [ 1602774.595097545534372, -10559.348842656017951 ], [ 1602774.344987097196281, -10528.818655364158985 ], [ 1602714.153403377393261, -10528.64573066885896 ], [ 1602713.903335658134893, -10498.1156285753259 ], [ 1602683.807571757817641, -10498.029178933038565 ], [ 1602683.557530337711796, -10467.499146076203033 ], [ 1602653.461790548404679, -10467.412710215257903 ], [ 1602653.21177542465739, -10436.882746584496999 ], [ 1602623.116059757303447, -10436.796324533219376 ], [ 1602622.866070922231302, -10406.266430108706118 ], [ 1602592.770379374269396, -10406.180021864971422 ], [ 1602592.520416837884113, -10375.650196672198945 ], [ 1602562.424749401165172, -10375.563802216180193 ], [ 1602561.924886773806065, -10314.504343505450379 ], [ 1602531.829259889898822, -10314.417978839848729 ], [ 1602531.579359795898199, -10283.888345318351639 ], [ 1602501.483757024863735, -10283.801994439758346 ], [ 1602500.984019276453182, -10222.742919050335331 ], [ 1602470.88845705287531, -10222.656597959326973 ], [ 1602470.638619401725009, -10192.127156100606953 ], [ 1602440.543081290554255, -10192.040848798731531 ], [ 1602440.293269922491163, -10161.511476140593004 ], [ 1602410.19775592489168, -10161.425182639179184 ], [ 1602409.947970852721483, -10130.895879202867945 ], [ 1602379.852480961708352, -10130.809599489170068 ], [ 1602379.602722174022347, -10100.280365252734555 ], [ 1602349.507256393088028, -10100.194099328877201 ], [ 1602349.257523896405473, -10069.66493431355957 ], [ 1602319.162082223687321, -10069.578682176001166 ], [ 1602318.912376015912741, -10039.049586366223593 ], [ 1602258.721548553556204, -10038.877107462176355 ], [ 1602258.47188506857492, -10008.34809685214168 ], [ 1602228.376499280100688, -10008.261870085651026 ], [ 1602228.126862079836428, -9977.732928678324242 ], [ 1602167.936146382009611, -9977.560500510749989 ], [ 1602167.686551901511848, -9947.031644302456698 ], [ 1602137.591221992857754, -9946.945442899956106 ], [ 1602137.341653800802305, -9916.416655900035039 ], [ 1602107.246347993146628, -9916.330468276044485 ], [ 1602106.996806084644049, -9885.801750479538896 ], [ 1602076.901524378918111, -9885.715576639722713 ], [ 1602076.652008748380467, -9855.186928028932016 ], [ 1602046.55675114877522, -9855.100767978956355 ], [ 1602046.307261809241027, -9824.572188585741969 ], [ 1602016.212028300622478, -9824.486042297989115 ], [ 1602015.713112033670768, -9763.429075107775134 ], [ 1601955.522733758436516, -9763.256839883249995 ], [ 1601955.273323260480538, -9732.72846807408132 ], [ 1601864.987862653797492, -9732.470146661689796 ], [ 1601865.237223859410733, -9762.998470510197876 ], [ 1601805.046922264155, -9762.826213222213482 ], [ 1601805.296260454226285, -9793.354558302855366 ], [ 1601715.010816270718351, -9793.096107848459724 ], [ 1601714.761527359951288, -9762.567810705815646 ], [ 1601654.57130243210122, -9762.395531339499939 ], [ 1601654.322056229226291, -9731.867319369690449 ], [ 1601624.226971690542996, -9731.781192356134852 ], [ 1601623.977751765865833, -9701.25304958336892 ], [ 1601563.787638536188751, -9701.080820873507037 ], [ 1601563.538461311487481, -9670.55276326578678 ], [ 1601533.443432626314461, -9670.46666159072447 ], [ 1601533.194281680509448, -9639.938673179340185 ], [ 1601503.099277082132176, -9639.852585266502501 ], [ 1601502.850152414059266, -9609.324666048618383 ], [ 1601472.755171904573217, -9609.238591902960252 ], [ 1601472.506073507480323, -9578.710741866540047 ], [ 1601442.411117085255682, -9578.624681480274376 ], [ 1601441.912982688751072, -9517.569172987363345 ], [ 1601411.818066790001467, -9517.483142373102964 ], [ 1601411.569030784768984, -9486.955483904572247 ], [ 1601381.474138962803409, -9486.869467034126501 ], [ 1601381.225129234837368, -9456.341877758390183 ], [ 1601351.130261504091322, -9456.255874660080735 ], [ 1601350.881278042448685, -9425.728354558727005 ], [ 1601320.786434402223676, -9425.642365233972669 ], [ 1601320.537477208767086, -9395.114914307001527 ], [ 1601290.442657656036317, -9395.028938754383489 ], [ 1601290.193726731929928, -9364.501556997545777 ], [ 1601260.098931258777156, -9364.415595197237053 ], [ 1601259.850026606582105, -9333.888282626112414 ], [ 1601169.565735425800085, -9333.63043189239761 ], [ 1601169.81459080753848, -9364.157696529771783 ], [ 1601139.71982597396709, -9364.071725868107023 ], [ 1601139.968674773350358, -9394.599027714823023 ], [ 1601109.873901179526001, -9394.513038870878518 ], [ 1601110.122743401210755, -9425.040377939683822 ], [ 1601080.027961041079834, -9424.954370904961252 ], [ 1601080.276796682970598, -9455.481747190189708 ], [ 1601020.087222086498514, -9455.309694483132262 ], [ 1601020.336034723091871, -9485.837092005453087 ], [ 1600990.241242490475997, -9485.751046352237609 ], [ 1600990.490048550069332, -9516.278481104434832 ], [ 1600960.39524754951708, -9516.192417252652376 ], [ 1600930.300454205134884, -9516.10635117455422 ], [ 1600930.549237269442528, -9546.633807191459709 ], [ 1600990.738864451879635, -9546.805969056638787 ], [ 1600990.987690194975585, -9577.333510205307903 ], [ 1601021.082531698048115, -9577.41960379369084 ], [ 1601021.331383711891249, -9607.947214130905195 ], [ 1601081.521122551290318, -9608.119426632005343 ], [ 1601081.770017254864797, -9638.647122120810309 ], [ 1601141.959819578099996, -9638.819357697977466 ], [ 1601142.208756978623569, -9669.34713835536968 ], [ 1601172.303686060709879, -9669.433268815324482 ], [ 1601172.5526497294195, -9699.961118649223863 ], [ 1601232.742563715903088, -9700.133404855936533 ], [ 1601232.99157009110786, -9730.661339878957733 ], [ 1601263.086554998066276, -9730.747495629255354 ], [ 1601263.335587645880878, -9761.275499840112388 ], [ 1601293.430596648715436, -9761.361669380252351 ], [ 1601293.679655560059473, -9791.889742757703061 ], [ 1601323.774688651785254, -9791.975926063605584 ], [ 1601324.023773836437613, -9822.504068626769367 ], [ 1601354.118831015424803, -9822.590265693479523 ], [ 1601354.367942482000217, -9853.118477472804443 ], [ 1601414.558112689293921, -9853.290896938349761 ], [ 1601414.80726685654372, -9883.819193890509268 ], [ 1601444.902379880193621, -9883.905416284385865 ], [ 1601445.151560318889096, -9914.433782410220374 ], [ 1601475.24669744563289, -9914.52001859889242 ], [ 1601475.495904160896316, -9945.048453921770488 ], [ 1601535.68623426114209, -9945.220951620616688 ], [ 1601535.935483678244054, -9975.749472120578503 ], [ 1601566.030676659662277, -9975.835733642788909 ], [ 1601566.279952355660498, -10006.36432333625271 ], [ 1601596.375169431790709, -10006.450598639099553 ], [ 1601596.624471412738785, -10036.979257552262425 ], [ 1601656.814961417112499, -10037.15183347308448 ], [ 1601657.064306100830436, -10067.680577547045687 ], [ 1601687.159579034429044, -10067.766878192636796 ], [ 1601687.658330822130665, -10128.82455798846604 ], [ 1601717.753644285723567, -10128.910888388360036 ], [ 1601718.751331781502813, -10251.026950569341352 ], [ 1601748.846718638204038, -10251.113342690703575 ], [ 1601749.844629478408024, -10373.230320400531127 ], [ 1601779.940089736832306, -10373.31677426814349 ], [ 1601780.43913712981157, -10434.375614457017946 ], [ 1601810.534637926146388, -10434.462098094512839 ], [ 1601810.784192830091342, -10464.991614010072226 ], [ 1601840.879717729752883, -10465.078111430326317 ], [ 1601841.129298924701288, -10495.607696571960332 ], [ 1601871.224847936071455, -10495.694207794800604 ], [ 1601871.474455412477255, -10526.223862139850098 ], [ 1601991.856793901184574, -10526.569948921905961 ], [ 1601991.607120682252571, -10496.040230618453279 ], [ 1602172.180759981507435, -10496.5591988356191 ], [ 1602172.430531819118187, -10527.089013080219956 ], [ 1602202.526181660592556, -10527.175516066969067 ], [ 1602202.775979787111282, -10557.705399528438647 ], [ 1602232.871653737965971, -10557.791916302903701 ], [ 1602233.371312428032979, -10618.851874906324156 ], [ 1602263.467026932165027, -10618.938421473330891 ], [ 1602263.966757912421599, -10679.998624991227189 ], [ 1602294.062512966571376, -10680.08520133519778 ], [ 1602295.062158952699974, -10802.206311202486177 ], [ 1602325.157987437909469, -10802.292949320324624 ], [ 1602326.907862441847101, -11016.007053335688397 ], [ 1602296.811918873572722, -11015.920303265504117 ], [ 1602297.061924005625769, -11046.45108655264994 ], [ 1602206.77409006562084, -11046.190775250146544 ], [ 1602207.024055729620159, -11076.721563802131641 ], [ 1602176.928110000677407, -11076.634772990524652 ], [ 1602178.928058637538925, -11320.882870536575865 ], [ 1602148.831989062950015, -11320.795949607338116 ], [ 1602149.332041909918189, -11381.858474571286933 ], [ 1602119.235947123961523, -11381.771519438656469 ], [ 1602119.736006520455703, -11442.834225457107095 ], [ 1602089.639886534307152, -11442.747236172068369 ], [ 1602090.139952472411096, -11503.810123241477413 ], [ 1602060.04380727885291, -11503.723099774289949 ], [ 1602060.543879764620215, -11564.786167912361634 ], [ 1602030.447709362721071, -11564.699110264440606 ], [ 1602030.94778839731589, -11625.762359487460344 ], [ 1602000.851592793595046, -11625.675267674385395 ], [ 1602001.351678368402645, -11686.738697968194174 ], [ 1601971.255457563791424, -11686.651571994212645 ], [ 1601972.005610530031845, -11778.247068971406406 ], [ 1601941.909348074812442, -11778.159892832401965 ], [ 1601942.409466452663764, -11839.223791848364272 ], [ 1601912.313178794458508, -11839.136581541373744 ], [ 1601913.063380962703377, -11930.732781633310879 ], [ 1601943.159717950038612, -11930.82003990733574 ], [ 1601943.409821496112272, -11961.352229142139549 ], [ 1602093.891703874338418, -11961.78856766566787 ], [ 1602093.641518107382581, -11931.256298472590061 ], [ 1602274.219931782456115, -11931.779736518446953 ], [ 1602273.96965720737353, -11901.247424657165539 ], [ 1602574.934130206005648, -11902.119486514759046 ], [ 1602574.68370102532208, -11871.587067973759986 ], [ 1602725.166143474169075, -11872.022936977087738 ], [ 1602724.915641917381436, -11841.490491726681284 ], [ 1602935.591269039548934, -11842.100504620260836 ], [ 1602935.841885729925707, -11872.633061841423114 ], [ 1602965.9384510894306, -11872.720213803948354 ], [ 1602966.941082292702049, -11994.851039466351722 ], [ 1602997.03772113728337, -11994.938253240985432 ], [ 1602997.288420045748353, -12025.471108842173635 ], [ 1603117.67511812527664, -12025.820006140844271 ], [ 1603117.925892698112875, -12056.352979010200215 ], [ 1603178.119320787256584, -12056.527446596313894 ], [ 1603178.620965343434364, -12117.593616202893827 ], [ 1603208.717723826179281, -12117.680878727027448 ], [ 1603208.968577355612069, -12148.214059449512206 ], [ 1603178.871802421985194, -12148.126780932592737 ], [ 1603179.373506176052615, -12209.193270241970822 ], [ 1603149.276706033851951, -12209.105957554231281 ], [ 1603149.527556257555261, -12239.639266131918703 ], [ 1603089.333946137456223, -12239.464602201676826 ], [ 1603089.584773323964328, -12269.997932068856244 ], [ 1603029.391161059960723, -12269.823227407105151 ], [ 1603029.641965212067589, -12300.356578571563659 ], [ 1602999.545154168037698, -12300.269206984195989 ], [ 1602999.795951725216582, -12330.80259541252417 ], [ 1602969.699131922563538, -12330.715205650665666 ], [ 1602969.949922903208062, -12361.248631393136748 ], [ 1602909.756273461738601, -12361.073813321028865 ], [ 1602910.007041400531307, -12391.607260345203031 ], [ 1602879.910211762413383, -12391.519832036370644 ], [ 1602880.6625254182145, -12483.120444864482124 ], [ 1602910.759404410840943, -12483.207921165838343 ], [ 1602911.010211809771135, -12513.741581347634565 ], [ 1602941.107114947633818, -12513.829071472820942 ], [ 1602941.357948667835444, -12544.362800958582739 ], [ 1602971.454875946976244, -12544.450304898395189 ], [ 1602971.95660589216277, -12605.51795575646247 ], [ 1603002.053573771612719, -12605.605489517847673 ], [ 1603002.555376092903316, -12666.673385565141871 ], [ 1603032.65238457149826, -12666.760949149516819 ], [ 1603033.154259270755574, -12727.829090400906352 ], [ 1603063.251308352686465, -12727.916683814644784 ], [ 1603063.502276954473928, -12758.450850376175367 ], [ 1603364.473355563124642, -12759.326825036889204 ], [ 1603364.724498596973717, -12789.861204942277254 ], [ 1603394.821665238821879, -12789.948806454733131 ], [ 1603395.072834594873711, -12820.483255652048683 ], [ 1603425.170025395927951, -12820.570871007454116 ], [ 1603425.672426635865122, -12881.639961334658437 ], [ 1603485.866897155996412, -12881.815249538776698 ], [ 1603515.964143967488781, -12881.902890389877939 ], [ 1603516.215408766409382, -12912.43756352445962 ], [ 1603576.409958400530741, -12912.612870732980809 ], [ 1603576.661265986273065, -12943.147629186269114 ], [ 1603636.855879333103076, -12943.322959711616932 ], [ 1603637.107229712186381, -12973.85780348998378 ], [ 1603817.691353319678456, -12974.383839101603371 ], [ 1603817.942812331486493, -13004.918832224351718 ], [ 1604058.72220679721795, -13005.620219766233276 ], [ 1604058.973807378904894, -13036.155394281253393 ], [ 1604179.363755343714729, -13036.506100134412918 ], [ 1604179.615431651705876, -13067.041391999744519 ], [ 1604239.81048478721641, -13067.216763961176184 ], [ 1604240.062203900655732, -13097.752141170703908 ], [ 1604270.159758490510285, -13097.839839915201082 ], [ 1604270.411503936862573, -13128.375286435071757 ], [ 1604300.50908270268701, -13128.462999045177639 ], [ 1604300.760854493826628, -13158.998514905128104 ], [ 1604330.858457422582433, -13159.086241343313304 ], [ 1604331.110255550127476, -13189.621826515021894 ], [ 1604421.403159993700683, -13189.885040957056844 ], [ 1604421.655017394339666, -13220.420727485579846 ], [ 1604542.045730418292806, -13220.771713858677685 ], [ 1604542.297663564095274, -13251.307517768666003 ], [ 1604692.78631063294597, -13251.746282232013982 ], [ 1604693.038335990626365, -13282.282219531834926 ], [ 1604813.429458304541185, -13282.633256327710114 ], [ 1604813.681559415534139, -13313.169311015371932 ], [ 1604873.877199777867645, -13313.344848506580092 ], [ 1604874.129343703854829, -13343.880988542689011 ], [ 1604994.520782851381227, -13344.232101717312617 ], [ 1604994.773002545116469, -13374.768359170293479 ], [ 1605085.066712307976559, -13375.031719484823043 ], [ 1605085.318991285050288, -13405.568078298865657 ], [ 1605145.514869308331981, -13405.743673112729084 ], [ 1605145.767191110411659, -13436.280117284424705 ], [ 1605266.159105622209609, -13436.631345162422804 ], [ 1605266.411503196461126, -13467.167906750992188 ], [ 1605356.705569517565891, -13467.431353124207817 ], [ 1605356.958026393316686, -13497.968016102164256 ], [ 1605417.154142133891582, -13498.14366829674691 ], [ 1605417.406641841400415, -13528.680416655015506 ], [ 1605477.602821402717382, -13528.856092298841759 ], [ 1605477.855363941052929, -13559.39292602750902 ], [ 1605507.953481772448868, -13559.480776645776132 ], [ 1605508.20605067233555, -13590.017679734353806 ], [ 1605568.402342437999323, -13590.193406564305405 ], [ 1605568.654954171739519, -13620.73039503248765 ], [ 1605598.753128107637167, -13620.818271241339971 ], [ 1605599.005766202695668, -13651.355329061640077 ], [ 1605629.103964327601716, -13651.443219144599425 ], [ 1605629.356628788402304, -13681.980346324809943 ], [ 1605659.454851121408865, -13682.068250308073402 ], [ 1605659.70754193351604, -13712.605446826948537 ], [ 1605689.805788461118937, -13712.693364680779268 ], [ 1605690.816716501722112, -13834.842748259854488 ], [ 1605660.718404071638361, -13834.754766313786604 ], [ 1605661.223894463153556, -13895.829746088922548 ], [ 1605631.12555680051446, -13895.741729943711107 ], [ 1605631.883817116729915, -13987.354551600696141 ], [ 1605661.982204209081829, -13987.442615810659845 ], [ 1605662.23499389924109, -14017.980345738038523 ], [ 1605752.530250955605879, -14018.244573606589256 ], [ 1605752.783099971711636, -14048.782404961591965 ], [ 1605903.275431926129386, -14049.222822004252521 ], [ 1605903.528373223962262, -14079.760786832646772 ], [ 1605993.823914530221373, -14080.025059430017791 ], [ 1605994.07691515982151, -14110.563125693117399 ], [ 1606054.274014287861064, -14110.739328773906891 ], [ 1606056.045526342699304, -14324.507510767120039 ], [ 1606086.144202867057174, -14324.595721302770471 ], [ 1606086.397332065273076, -14355.134262457835575 ], [ 1606056.298639059299603, -14355.046035892575674 ], [ 1606056.551761665148661, -14385.584614371697171 ], [ 1606026.453059904277325, -14385.49636963548619 ], [ 1606026.706175921717659, -14416.034985443624464 ], [ 1605996.607465410139412, -14415.946722553457221 ], [ 1605996.860574834980071, -14446.485375684234896 ], [ 1605966.76185557176359, -14446.397094633739471 ], [ 1605967.774326266953722, -14568.552176657225573 ], [ 1605997.873111466644332, -14568.640521842446105 ], [ 1605998.379439131822437, -14629.718415082854335 ], [ 1605968.280620965408161, -14629.630037836292104 ], [ 1605970.559436787618324, -14904.483054769621958 ], [ 1606000.658403309294954, -14904.571576272050152 ], [ 1606001.164948617340997, -14965.650643606830272 ], [ 1606031.263955838279799, -14965.739195030675546 ], [ 1606032.277231121901423, -15087.898034318308419 ], [ 1605761.385850973660126, -15087.100417646872302 ], [ 1605761.132665676530451, -15056.56077201651533 ], [ 1605640.736763642402366, -15056.206284326895911 ], [ 1605640.483654177049175, -15025.666756189179068 ], [ 1605580.285782502498478, -15025.489531591654668 ], [ 1605580.032715888693929, -14994.950088863992278 ], [ 1605429.538254342740402, -14994.5070700953911 ], [ 1605429.791238538455218, -15025.04643268421205 ], [ 1605279.296887744450942, -15024.603280338127661 ], [ 1605279.04398596053943, -14994.063997880359238 ], [ 1605158.648710305104032, -14993.709501592093147 ], [ 1605158.901546172099188, -15024.248719976034408 ], [ 1605098.703921729465947, -15024.07142694410868 ], [ 1605098.956734522478655, -15054.610666650820349 ], [ 1605038.75910801673308, -15054.433333021926956 ], [ 1605039.011897733202204, -15084.972594046455924 ], [ 1604978.814269161084667, -15084.795219810683193 ], [ 1604979.067035810323432, -15115.334502185600286 ], [ 1604858.671805425779894, -15114.979663933510892 ], [ 1604858.924516039667651, -15145.518935589683679 ], [ 1604828.825711274985224, -15145.430204666359714 ], [ 1604829.331129206344485, -15206.508876072544808 ], [ 1604708.935855522053316, -15206.153802767901652 ], [ 1604708.683207526104525, -15175.614504446932187 ], [ 1604648.48564997757785, -15175.436986999056899 ], [ 1604648.233044827822596, -15144.897774087432481 ], [ 1604588.035551116336137, -15144.720280090925371 ], [ 1604588.288123309612274, -15175.25946095395193 ], [ 1604467.893162617227063, -15174.904383165521722 ], [ 1604467.640656336443499, -15144.365266375614738 ], [ 1604377.344566303305328, -15144.098983574423983 ], [ 1604377.092119333334267, -15113.559968196563204 ], [ 1604316.894797528861091, -15113.382467637948139 ], [ 1604316.642393402988091, -15082.843537688551805 ], [ 1604286.543760551372543, -15082.754800206661457 ], [ 1604286.291382787749171, -15052.215939652580346 ], [ 1604256.192774123745039, -15052.127216017179308 ], [ 1604255.940422716317698, -15021.588424848498107 ], [ 1604045.250493509927765, -15020.967411550564066 ], [ 1604044.998267309274524, -14990.428785852178407 ], [ 1604014.899753325851634, -14990.340077070915868 ], [ 1604013.134561894927174, -14776.571303561246168 ], [ 1604043.232960555469617, -14776.659900222341093 ], [ 1604042.476548748789355, -14685.045464044416804 ], [ 1604072.574905706336722, -14685.1340105128711 ], [ 1604071.818533406825736, -14593.520006541004477 ], [ 1604011.621926026884466, -14593.343007504452544 ], [ 1604011.36985462740995, -14562.805144913059848 ], [ 1603890.976798298070207, -14562.45118505199207 ], [ 1603890.724802664946765, -14531.913439876056145 ], [ 1603770.331935592228547, -14531.559509591554161 ], [ 1603770.080015716608614, -14501.021881815497181 ], [ 1603559.392910465598106, -14500.402532947895452 ], [ 1603559.644715056056157, -14530.940048654769271 ], [ 1603499.448435711441562, -14530.763040415549767 ], [ 1603499.700217248406261, -14561.300577472813529 ], [ 1603409.40580663504079, -14561.035000909863811 ], [ 1603409.657548642950132, -14591.572543297112134 ], [ 1603319.363157994579524, -14591.306899304576291 ], [ 1603318.35644683195278, -14469.157241982935375 ], [ 1603288.258397895377129, -14469.068753689705773 ], [ 1603287.755134496139362, -14407.994277157353281 ], [ 1603227.559125613421202, -14407.81735814493004 ], [ 1603227.307541659567505, -14377.280231926339184 ], [ 1603197.209565239492804, -14377.191785178243663 ], [ 1603196.9580076278653, -14346.654728318855632 ], [ 1603106.664173985598609, -14346.389423122742301 ], [ 1603106.412675641244277, -14315.852467623708435 ], [ 1602775.336059860186651, -14314.879691521782661 ], [ 1602775.587377105373889, -14345.416470981897874 ], [ 1602655.196045655524358, -14345.062605323553726 ], [ 1602654.944794247392565, -14314.525889837419527 ], [ 1602594.749207650544122, -14314.34897603176978 ], [ 1602594.497999044368044, -14283.812345908245334 ], [ 1602504.204726271796972, -14283.547006948479975 ], [ 1602503.953576920321211, -14253.010478176813194 ], [ 1602473.855851185508072, -14252.92204351978944 ], [ 1602383.562720169313252, -14252.65672655409071 ], [ 1602383.813803672790527, -14283.193191311411283 ], [ 1602233.325323623139411, -14282.750873028320711 ], [ 1602233.576334707438946, -14313.287311171830879 ], [ 1602083.087964763632044, -14312.844858685282816 ], [ 1602083.338903421303257, -14343.381270187364862 ], [ 1601932.850643567508087, -14342.938683503733046 ], [ 1601933.101509798783809, -14373.47506837076071 ], [ 1601842.808596848510206, -14373.20944234948729 ], [ 1601843.059423574479297, -14403.745832587570476 ], [ 1601812.961784853134304, -14403.657270238210913 ], [ 1601813.463434990262613, -14464.730178774225351 ], [ 1601783.365771054755896, -14464.641582292284511 ], [ 1601783.867427743040025, -14525.714672244645044 ], [ 1601753.769738580100238, -14525.626041589051965 ], [ 1601754.271401815116405, -14586.699312959884992 ], [ 1601784.3691238949541, -14586.787975607425324 ], [ 1601785.372634612955153, -14708.935222621603316 ], [ 1601514.492820379091427, -14708.13660494470605 ], [ 1601514.242076023016125, -14677.599857097697168 ], [ 1601454.046679290477186, -14677.422394626488312 ], [ 1601453.795977721223608, -14646.88573213217569 ], [ 1601423.698307343060151, -14646.79701360936815 ], [ 1601423.196966694202274, -14585.723880631203428 ], [ 1601393.099336927523836, -14585.63519193846696 ], [ 1601392.347449306631461, -14494.025940599609385 ], [ 1601362.24987659486942, -14493.937297704240336 ], [ 1601361.748700413387269, -14432.864762217610405 ], [ 1601391.846240211511031, -14432.953373126694714 ], [ 1601391.345070574432611, -14371.881019063494023 ], [ 1601361.247563685523346, -14371.792440127945156 ], [ 1601360.99701011646539, -14341.256359106886521 ], [ 1601300.80205231369473, -14341.079226692541852 ], [ 1601300.551541514229029, -14310.54323099231442 ], [ 1601180.161783987423405, -14310.189004026555267 ], [ 1601179.911348865134642, -14279.653125629194619 ], [ 1600487.673007986042649, -14277.616012056907493 ], [ 1600487.923064736882225, -14308.151522790103627 ], [ 1600307.339719483163208, -14307.619816288970469 ], [ 1600307.589687399100512, -14338.155284470800325 ], [ 1600187.200878385687247, -14337.800705897394437 ], [ 1600187.450790373375639, -14368.336163514848522 ], [ 1600097.15921491291374, -14368.070158724742214 ], [ 1600097.409087407635525, -14398.605621736622197 ], [ 1600037.214709268184379, -14398.428242323108861 ], [ 1600037.464558733394369, -14428.963726742025756 ], [ 1599766.590089170727879, -14428.16526747692842 ], [ 1599766.839800470275804, -14458.700661427015802 ], [ 1599556.159972270485014, -14458.079403304534935 ], [ 1599555.910376086365432, -14427.54412118995424 ], [ 1599525.813304919051006, -14427.455377255715575 ], [ 1599525.314174995059147, -14366.385005000902311 ], [ 1599495.217144390568137, -14366.296290827340272 ], [ 1599494.219068525824696, -14244.156250290696335 ], [ 1599403.928220078581944, -14243.890286351770555 ], [ 1599404.177674934035167, -14274.425168539028164 ], [ 1599253.692998754559085, -14273.981771605616814 ], [ 1599253.443626103689894, -14243.446969266165979 ], [ 1599133.056089017540216, -14243.092276172079437 ], [ 1599132.806791983311996, -14212.557591072471041 ], [ 1599102.709943330381066, -14212.468928291804332 ], [ 1599102.460672581102699, -14181.934312484834663 ], [ 1599072.363848037319258, -14181.845663481970405 ], [ 1599072.114603580208495, -14151.311116993130781 ], [ 1599042.017803143709898, -14151.222481757446076 ], [ 1599041.768584977136925, -14120.688004581072164 ], [ 1599011.671808649320155, -14120.599383123189909 ], [ 1599011.422616766532883, -14090.064975242994478 ], [ 1598921.132383116288111, -14089.799145624365337 ], [ 1598920.883250402286649, -14059.264838996889011 ], [ 1598860.689832518110052, -14059.087640213007035 ], [ 1598860.440742524107918, -14028.553418845463966 ], [ 1598890.537431193282828, -14028.64200336662725 ], [ 1598890.288334608078003, -13998.107819363505769 ], [ 1598920.385014507686719, -13998.196385720799299 ], [ 1598920.135911334538832, -13967.662239096967824 ], [ 1598950.232582462253049, -13967.750787280476288 ], [ 1598949.983472695574164, -13937.216678001947002 ], [ 1598980.080135057214648, -13937.305208036457771 ], [ 1598979.831018700264394, -13906.771136123763426 ], [ 1599009.927672288147733, -13906.859647981658782 ], [ 1599009.429436246166006, -13845.791632211161414 ], [ 1599039.526064628036693, -13845.880109941432238 ], [ 1599038.031494203722104, -13662.677246615974582 ], [ 1599068.1280316344928, -13662.765626345191777 ], [ 1599067.878954592626542, -13632.231986455861261 ], [ 1599037.782433605054393, -13632.143622714474986 ], [ 1599037.533382845576853, -13601.610052113534039 ], [ 1599007.436885958304629, -13601.521702132955397 ], [ 1599007.187861484009773, -13570.988200826068351 ], [ 1598977.091388697503135, -13570.899864618335414 ], [ 1598976.593402158701792, -13509.833053898184517 ], [ 1598946.496969911269844, -13509.744747430591815 ], [ 1598945.999055624241009, -13448.678181913119261 ], [ 1598915.90266390889883, -13448.589905172922954 ], [ 1598915.15591562516056, -13356.990504666087872 ], [ 1598885.059580876957625, -13356.902273631911157 ], [ 1598884.561830781167373, -13295.836305127288142 ], [ 1598854.465536563657224, -13295.748103824755162 ], [ 1598853.967858712887391, -13234.682380497317354 ], [ 1598823.871605024440214, -13234.594208928552689 ], [ 1598823.373999412870035, -13173.52873075847674 ], [ 1598793.277786252554506, -13173.440588924895565 ], [ 1598792.780252883210778, -13112.375355920676157 ], [ 1598762.684080250328407, -13112.287243818031129 ], [ 1598762.186619115062058, -13051.222255957009111 ], [ 1598732.090487005421892, -13051.134173576801913 ], [ 1598731.593098102370277, -12990.069430860392458 ], [ 1598701.497006514575332, -12989.981378201915504 ], [ 1598701.248343259561807, -12959.449102766093347 ], [ 1598671.152275761822239, -12959.361063868424026 ], [ 1598670.903638777555898, -12928.828857691249141 ], [ 1598580.615531529299915, -12928.564775653412653 ], [ 1598580.366953685879707, -12898.032670697093636 ], [ 1598219.215411031153053, -12896.976335375366034 ], [ 1598219.46379174455069, -12927.508248816902778 ], [ 1598129.176029061200097, -12927.24406738939615 ], [ 1598129.424370334716514, -12957.775986246599132 ], [ 1598039.136627266881987, -12957.511737046777853 ], [ 1598039.633240759372711, -13018.575638886706656 ], [ 1598009.537308862432837, -13018.487519486223391 ], [ 1598010.033928856952116, -13079.551602615743832 ], [ 1597979.937971752369776, -13079.463449066393878 ], [ 1597981.676336651435122, -13293.189307352908145 ], [ 1598011.772408747114241, -13293.277572613846132 ], [ 1598012.517619148129597, -13384.87521651779025 ], [ 1597982.421497770352289, -13384.786903387541315 ], [ 1597982.669904482550919, -13415.319542004450341 ], [ 1597922.477651842404157, -13415.142877210431834 ], [ 1597922.726035539526492, -13445.675537225173684 ], [ 1597892.629904272966087, -13445.587185550784852 ], [ 1597892.381537004373968, -13415.05454149342404 ], [ 1597802.093238417059183, -13414.78952108647718 ], [ 1597801.84493027208373, -13384.25697821173344 ], [ 1597771.748862486798316, -13384.168649628280036 ], [ 1597771.500580605119467, -13353.6361760199743 ], [ 1597741.404536899877712, -13353.547861183873465 ], [ 1597740.908035503467545, -13292.483105811317728 ], [ 1597710.812032299581915, -13292.394820657293167 ], [ 1597710.563812791137025, -13261.862538907913404 ], [ 1597650.371862203348428, -13261.685993905786745 ], [ 1597650.123685377882794, -13231.153797365355786 ], [ 1597620.027737989323214, -13231.065537501675863 ], [ 1597620.275898388354108, -13261.597718085433371 ], [ 1597499.892119661672041, -13261.244592712228041 ], [ 1597500.140224192757159, -13291.776762772682559 ], [ 1597439.948347887955606, -13291.600154897691027 ], [ 1597440.196429408155382, -13322.132346365891863 ], [ 1597380.00455085397698, -13321.955697714072812 ], [ 1597380.252609359333292, -13352.487910579398886 ], [ 1597320.060728566953912, -13352.311221184032547 ], [ 1597320.308764058165252, -13382.843455450731199 ], [ 1597230.020950972335413, -13382.578356889080169 ], [ 1597229.772964752279222, -13352.046170475408871 ], [ 1597169.581160463159904, -13351.869458938690514 ], [ 1597169.333216924685985, -13321.337357740339939 ], [ 1597139.237342676380649, -13321.249014607947174 ], [ 1597138.989425398875028, -13290.716982676034604 ], [ 1597078.797732699662447, -13290.540321664060684 ], [ 1597078.549858101876453, -13260.00837495101041 ], [ 1597048.454039647243917, -13259.920057069306495 ], [ 1597048.206191304605454, -13229.388179613488319 ], [ 1597018.110396919306368, -13229.299875464976139 ], [ 1597017.862574832281098, -13198.768067260725729 ], [ 1596957.671041848836467, -13198.59148422713406 ], [ 1596957.423262435710058, -13168.059761220501969 ], [ 1596927.327523835701868, -13167.971482328342972 ], [ 1596927.079770682612434, -13137.43982859523021 ], [ 1596866.888349261600524, -13137.263296055227329 ], [ 1596866.640638777753338, -13106.731727515485545 ], [ 1596806.449280778877437, -13106.555217992774487 ], [ 1596806.201612971257418, -13076.023734652068015 ], [ 1596746.010318397544324, -13075.84724816718699 ], [ 1596745.762693259166554, -13045.315850034012328 ], [ 1596715.667073856573552, -13045.227619399920513 ], [ 1596713.439037746284157, -12770.447578027100462 ], [ 1596683.343573752092198, -12770.359488704529213 ], [ 1596682.601121237967163, -12678.767148692268165 ], [ 1596652.505714138969779, -12678.679104999240735 ], [ 1596650.773783869575709, -12464.965621644949351 ], [ 1596620.678499319590628, -12464.877687343721846 ], [ 1596619.936440156074241, -12373.287041545132524 ], [ 1596559.74599247192964, -12373.111261964120786 ], [ 1596559.498691902030259, -12342.581185148184886 ], [ 1596469.213126910617575, -12342.317546915335697 ], [ 1596469.4603782359045, -12372.847575884617982 ], [ 1596409.270006939070299, -12372.671774031250607 ], [ 1596409.517235265811905, -12403.20182439765631 ], [ 1596349.326861690729856, -12403.025981738426708 ], [ 1596349.574067016830668, -12433.556053489921396 ], [ 1596259.288514694198966, -12433.292224956707287 ], [ 1596259.535680606029928, -12463.822302159982428 ], [ 1596139.154985436471179, -12463.470435791981799 ], [ 1596139.402095519704744, -12494.000502491779116 ], [ 1595868.545830365037546, -12493.20852924843166 ], [ 1595868.298867985373363, -12462.678606014242177 ], [ 1595717.823514370247722, -12462.238622478445905 ], [ 1595717.576643865555525, -12431.708832226921004 ], [ 1595657.386588667985052, -12431.532855066119737 ], [ 1595657.139760806458071, -12401.003149969019432 ], [ 1595596.949768953025341, -12400.827195741243486 ], [ 1595596.702983729308471, -12370.297575797150785 ], [ 1595536.513055220013484, -12370.121644512317289 ], [ 1595536.266312632942572, -12339.592109720524604 ], [ 1595476.076447463827208, -12339.416201375090168 ], [ 1595475.8297475122381, -12308.886751724267015 ], [ 1595445.734842783072963, -12308.798810145737662 ], [ 1595445.488169059623033, -12278.269429706118899 ], [ 1595355.203549857484177, -12278.005639322625939 ], [ 1595354.956935176393017, -12247.476359972155478 ], [ 1595204.482804434606805, -12247.036744253477082 ], [ 1595204.236281607532874, -12216.507597862304465 ], [ 1595083.8571799302008, -12216.155928747652069 ], [ 1595083.610732535133138, -12185.62689934352602 ], [ 1594993.326535559957847, -12185.36317178191166 ], [ 1594993.080147195840254, -12154.834243448520283 ], [ 1594932.890753485262394, -12154.658445750374085 ], [ 1594932.644407744053751, -12124.129602545914167 ], [ 1594842.36042356188409, -12123.865936967062225 ], [ 1594842.114136847434565, -12093.337194828380234 ], [ 1594781.924884982407093, -12093.161438424695007 ], [ 1594781.678640891332179, -12062.632781424859786 ], [ 1594721.489452316891402, -12062.457047896135919 ], [ 1594721.24325084569864, -12031.928476023815165 ], [ 1594691.148684399668127, -12031.840621845143687 ], [ 1594630.959574363892898, -12031.664906725296532 ], [ 1594630.713431905955076, -12001.1364358925548 ], [ 1594510.335368887288496, -12000.785042425297434 ], [ 1594510.089301851345226, -11970.256688587391181 ], [ 1594449.900348862400278, -11970.081010230067477 ], [ 1594449.654324432834983, -11939.552741496307135 ], [ 1594359.371001297608018, -11939.289254909923329 ], [ 1594359.616976524703205, -11969.817475857220415 ], [ 1594148.956041047116742, -11969.202483648005 ], [ 1594149.201911295996979, -11999.730646366258952 ], [ 1594028.82433587173, -11999.379109090667043 ], [ 1594028.578531206585467, -11968.851010051819685 ], [ 1593968.389821980847046, -11968.675259754922081 ], [ 1593968.144059927668422, -11938.147245843591008 ], [ 1593847.766798448516056, -11937.795781938673827 ], [ 1593847.521111789625138, -11907.267884984647026 ], [ 1593817.426831846591085, -11907.180029291317624 ], [ 1593817.181171391392127, -11876.652201516630157 ], [ 1593787.086915465304628, -11876.564359501966464 ], [ 1593786.84128121403046, -11846.036600908742912 ], [ 1593756.747049295110628, -11845.948772569912762 ], [ 1593756.255842999089509, -11784.893446969059369 ], [ 1593726.161651483271271, -11784.805648223082244 ], [ 1593725.424964792327955, -11693.223107021143733 ], [ 1593695.330830073682591, -11693.135353794243201 ], [ 1593695.085303850471973, -11662.607962480678907 ], [ 1593664.991193130146712, -11662.520222901288435 ], [ 1593664.745693108765408, -11631.99290076777288 ], [ 1593634.651606393046677, -11631.905174852177879 ], [ 1593633.915214351378381, -11540.323575717127824 ], [ 1593664.009251889307052, -11540.4112538710433 ], [ 1593663.272898929892108, -11448.830086203484825 ], [ 1593693.366894900100306, -11448.917714336124845 ], [ 1593692.876009173924103, -11387.863836941136469 ], [ 1593722.969979969551787, -11387.951430974475443 ], [ 1593722.72453542961739, -11357.424556235386262 ], [ 1593752.818497437052429, -11357.512132070867665 ], [ 1593752.573046305915341, -11326.985294642379813 ], [ 1593782.66699954518117, -11327.072852338067605 ], [ 1593782.421541828196496, -11296.54605222655664 ], [ 1593812.515486276708543, -11296.633591720135882 ], [ 1593812.27002197643742, -11266.106828930558549 ], [ 1593842.363957645604387, -11266.194350251771539 ], [ 1593841.873025678796694, -11205.140952544814354 ], [ 1593871.966936181299388, -11205.2284397865551 ], [ 1593871.721468515694141, -11174.70180486704885 ], [ 1593901.81537022953853, -11174.789273906682865 ], [ 1593901.569895982276648, -11144.2626763147764 ], [ 1593931.663788910955191, -11144.350127164338119 ], [ 1593931.418308078078553, -11113.82356688515938 ], [ 1593961.512192232999951, -11113.91099957793449 ], [ 1593961.021227203309536, -11052.85800687194569 ], [ 1594021.208952775457874, -11053.032801795048726 ], [ 1594020.963452184572816, -11022.506353434933771 ], [ 1594051.057309992145747, -11022.593731578743245 ], [ 1594050.811802819371223, -10992.067320539852517 ], [ 1594080.905651848996058, -10992.154680518375244 ], [ 1594080.660138091538101, -10961.62830678229875 ], [ 1594110.753978339489549, -10961.715648575709565 ], [ 1594110.508458002004772, -10931.189312164398871 ], [ 1594140.602289463626221, -10931.276635758533303 ], [ 1594140.111245420994237, -10870.224090772704585 ], [ 1594170.205051715951413, -10870.311380270370137 ], [ 1594169.714014119002968, -10809.259016349664307 ], [ 1594199.807795240776613, -10809.346271749447624 ], [ 1594199.071263225749135, -10717.76807729157008 ], [ 1594229.165002781664953, -10717.85528264954155 ], [ 1594228.428509860299528, -10626.277519447430677 ], [ 1594258.522207849426195, -10626.364674762884533 ], [ 1594258.276713435072452, -10595.838844225007051 ], [ 1594257.785754019161686, -10534.787342784675275 ], [ 1594227.692105190595612, -10534.700235210366372 ], [ 1594227.201217781286687, -10473.64897849544468 ], [ 1594197.107609345344827, -10473.56190051682097 ], [ 1594196.616793935187161, -10412.51088850110682 ], [ 1594166.523225885117427, -10412.423840104715055 ], [ 1594166.03248247760348, -10351.37307280166533 ], [ 1594135.938954811310396, -10351.286053995292605 ], [ 1594132.995514633366838, -9984.986110835718137 ], [ 1594163.088845650199801, -9985.072938586876262 ], [ 1594162.84360631252639, -9954.548273237400281 ], [ 1594161.617556669283658, -9801.925744473122904 ], [ 1594191.7107969741337, -9802.012474415123506 ], [ 1594191.465600073337555, -9771.488112340877706 ], [ 1594161.37237614649348, -9771.401398300315122 ], [ 1594160.63689341279678, -9679.828678993970243 ], [ 1594130.543726242380217, -9679.742010445579581 ], [ 1594130.29860132210888, -9649.217892994063732 ], [ 1594100.20545814698562, -9649.131238112300707 ], [ 1594099.960359408287331, -9618.607189753027342 ], [ 1594069.867240212624893, -9618.520548515232804 ], [ 1594069.622167659224942, -9587.996569259530588 ], [ 1594039.529072459321469, -9587.9099416961526 ], [ 1594039.284026097739115, -9557.386031575886591 ], [ 1594009.190954874036834, -9557.299417636650105 ], [ 1594008.945934692630544, -9526.775576612166333 ], [ 1593978.852887451415882, -9526.688976318315326 ], [ 1593978.607893460663036, -9496.165204413688116 ], [ 1593948.514870210085064, -9496.07861778788174 ], [ 1593948.269902393454686, -9465.554914968415687 ], [ 1593888.083911455934867, -9465.381766734521079 ], [ 1593887.838986207032576, -9434.858148948391317 ], [ 1593827.653058433206752, -9434.685023460580851 ], [ 1593827.40817574528046, -9404.161490692209554 ], [ 1593767.222311129560694, -9403.988387945526483 ], [ 1593766.977471004240215, -9373.464940197745818 ], [ 1593706.791669547790661, -9373.291860208477374 ], [ 1593706.546871980652213, -9342.76849746712287 ], [ 1593616.268275920301676, -9342.508908164802051 ], [ 1593616.023537290981039, -9311.985646363889828 ], [ 1593525.745058742817491, -9311.726084334635743 ], [ 1593525.500379050383344, -9281.202923467792061 ], [ 1593375.036481960909441, -9280.770354161399155 ], [ 1593375.28107976121828, -9311.293435449519166 ], [ 1593134.539108339231461, -9310.601078853847866 ], [ 1593134.29464155016467, -9280.078124855854185 ], [ 1593044.016576689435169, -9279.81850126729114 ], [ 1593043.77216882375069, -9249.295648190618522 ], [ 1592983.586862963857129, -9249.12258622430636 ], [ 1592983.34249764168635, -9218.59981813990089 ], [ 1592923.157254896126688, -9218.426778874352749 ], [ 1592922.912932115839794, -9187.904095782212607 ], [ 1592892.820338509045541, -9187.817588645197247 ], [ 1592892.576041893335059, -9157.294974637508858 ], [ 1592862.483472245745361, -9157.208481113306334 ], [ 1592861.750690288841724, -9065.641005870678782 ], [ 1592891.843210812425241, -9065.727451657987331 ], [ 1592890.866239817114547, -8943.638165439630029 ], [ 1592860.773784779943526, -8943.55178328074544 ], [ 1592860.529582882998511, -8913.029610552905069 ], [ 1592830.437151809921488, -8912.943242028075474 ], [ 1592830.192976074293256, -8882.421138364859871 ], [ 1592770.008169442415237, -8882.248426291847863 ], [ 1592769.764036246109754, -8851.726407629395908 ], [ 1592619.302234297851101, -8851.29466696466443 ], [ 1592619.058192750206217, -8820.77278101012962 ], [ 1592558.8735578188207, -8820.600100555180688 ], [ 1592558.385569567093626, -8759.55655173717787 ], [ 1592528.293296219781041, -8759.47023989486479 ], [ 1592528.049333142349496, -8728.948561124290791 ], [ 1592497.957083754008636, -8728.862262903287046 ], [ 1592497.713146841851994, -8698.340653212208053 ], [ 1592467.62092140247114, -8698.254368604017145 ], [ 1592467.377010647440329, -8667.732827974021347 ], [ 1592407.192615255014971, -8667.560283693215752 ], [ 1592406.948747028131038, -8637.038828035658298 ], [ 1592376.856577080674469, -8636.952568378623255 ], [ 1592376.612735006958246, -8606.43118178144141 ], [ 1592346.520589008927345, -8606.344935729428471 ], [ 1592345.789170612348244, -8514.781142568912401 ], [ 1592315.697081299731508, -8514.694941943213053 ], [ 1592315.209550713188946, -8453.652710766622477 ], [ 1592285.117501715896651, -8453.566539655883389 ], [ 1592284.873767460463569, -8423.045519676981712 ], [ 1592254.781742411432788, -8422.959362178347874 ], [ 1592255.025460293749347, -8453.480366238813076 ], [ 1592074.4733709867578, -8452.963277674467463 ], [ 1592074.229751298902556, -8422.442369026894085 ], [ 1591983.953858068212867, -8422.183841479967668 ], [ 1591984.197428664192557, -8452.704702419678142 ], [ 1591863.829611680470407, -8452.359903323625986 ], [ 1591863.586106536444277, -8421.839105970559103 ], [ 1591803.402276241919026, -8421.666724450798938 ], [ 1591803.158813608344644, -8391.14601204750943 ], [ 1591773.066926191560924, -8391.059833749399331 ], [ 1591772.823489709524438, -8360.539190402238091 ], [ 1591742.731626228662208, -8360.453025693572272 ], [ 1591742.244815340265632, -8299.411930244239556 ], [ 1591712.152992164948955, -8299.325795049117005 ], [ 1591711.909617755794898, -8268.805342937032037 ], [ 1591681.817818514537066, -8268.719221329936772 ], [ 1591681.574470254359767, -8238.198838276812239 ], [ 1591591.299167067045346, -8237.940507365758094 ], [ 1591591.542466246755794, -8268.460842733680693 ], [ 1591561.450697305379435, -8268.37471193170677 ], [ 1591561.693989908089861, -8298.895084555706489 ], [ 1591501.51044202898629, -8298.722784262452478 ], [ 1591501.753711695084348, -8329.243178248880213 ], [ 1591441.570161388721317, -8329.070836959283042 ], [ 1591441.813408109825104, -8359.591252284770235 ], [ 1591411.721627963008359, -8359.505062307711341 ], [ 1591411.478397600119933, -8328.984662875167487 ], [ 1591321.203151672612876, -8328.726126811028735 ], [ 1591320.959980172337964, -8298.20582821129392 ], [ 1591260.776553473202512, -8298.033491130734546 ], [ 1591260.533424473367631, -8267.513277468739034 ], [ 1591230.441738843219355, -8267.427121375712886 ], [ 1591230.198635981418192, -8236.90697674931107 ], [ 1591139.92367359274067, -8236.648542332313809 ], [ 1591139.68062958563678, -8206.128498526681142 ], [ 1591109.589006956899539, -8206.042365007668195 ], [ 1591109.832034600898623, -8236.562392902653301 ], [ 1590959.373953223926947, -8236.131611299580982 ], [ 1590959.616908861557022, -8266.651612881703841 ], [ 1590899.433696585474536, -8266.47925233065871 ], [ 1590899.676629288587719, -8296.999275278749337 ], [ 1590628.852401485666633, -8296.223395706041629 ], [ 1590628.609615990426391, -8265.703515775321648 ], [ 1590568.426570211537182, -8265.531104509755096 ], [ 1590568.183827198576182, -8235.011309487741528 ], [ 1590508.000844396883622, -8234.838920779900945 ], [ 1590507.758143874816597, -8204.319210689962347 ], [ 1590447.575224045431241, -8204.146844522145329 ], [ 1590447.332566000288352, -8173.627219344456535 ], [ 1590387.149709139484912, -8173.45487571312151 ], [ 1590386.907093581277877, -8142.935335455470522 ], [ 1590326.724299687659368, -8142.763014380444474 ], [ 1590326.481726607074961, -8112.243559022296722 ], [ 1590296.39035735768266, -8112.157410911147963 ], [ 1590296.147810402791947, -8081.638024570180278 ], [ 1590235.965127298142761, -8081.465753172994482 ], [ 1590235.722622824599966, -8050.946451758437433 ], [ 1590205.631308964686468, -8050.860328465319071 ], [ 1590205.388830616371706, -8020.341096074316738 ], [ 1590175.297540671890602, -8020.254986362145246 ], [ 1590175.055088448571041, -7989.735822990447559 ], [ 1590144.963822416029871, -7989.649726850016123 ], [ 1590144.721396316075698, -7959.130632499040985 ], [ 1590114.630154203390703, -7959.044549948053827 ], [ 1590114.145364013733342, -7898.006552390539582 ], [ 1590084.054162155138329, -7897.920499282284254 ], [ 1590083.569443756481633, -7836.882746022478386 ], [ 1590053.478282163618132, -7836.796722373242119 ], [ 1590052.751326897414401, -7745.240538599456158 ], [ 1590022.66022190824151, -7745.154560285187472 ], [ 1590021.691150411963463, -7623.08045589082576 ], [ 1589991.600118373986334, -7622.994538788890168 ], [ 1589990.389080573571846, -7470.403182963592371 ], [ 1589960.298137831734493, -7470.317342966223805 ], [ 1589959.087426001438871, -7317.727394487112178 ], [ 1589928.996572546428069, -7317.641631573776067 ], [ 1589928.028244303306565, -7195.570692360611247 ], [ 1589958.119032374350354, -7195.656391740411891 ], [ 1589957.634894176153466, -7134.621209045217256 ], [ 1589987.725657111732289, -7134.70687434271349 ], [ 1589987.241525291930884, -7073.671872295560206 ], [ 1590017.332263096701354, -7073.757503519957027 ], [ 1590017.090195499127731, -7043.240066285899047 ], [ 1590047.180924511048943, -7043.325679298274736 ], [ 1590046.696785919833928, -6982.290932357503152 ], [ 1590076.787489803042263, -6982.376511294654847 ], [ 1590076.303357603494078, -6921.341945015379679 ], [ 1590106.39403634541668, -6921.427489861021058 ], [ 1590105.909910529386252, -6860.393104212084836 ], [ 1590136.000564140966162, -6860.478614974004813 ], [ 1590135.758499538060278, -6829.961485911792806 ], [ 1590045.486610400024801, -6829.704994322137281 ], [ 1590045.244604599429294, -6799.187966014133053 ], [ 1589985.063415630022064, -6799.016991770454297 ], [ 1589984.821452281903476, -6768.500048320173846 ], [ 1589954.730885470984504, -6768.414573595665388 ], [ 1589954.488948230165988, -6737.897699117246702 ], [ 1589894.307869951007888, -6737.726774462892536 ], [ 1589894.065975161967799, -6707.209984835116302 ], [ 1589863.975463694427162, -6707.124534904563006 ], [ 1589863.7335950138513, -6676.607814262102693 ], [ 1589833.643107440322638, -6676.522377887003131 ], [ 1589833.401264865417033, -6646.005726217112169 ], [ 1589803.310801187064499, -6645.920303398883334 ], [ 1589803.068984717829153, -6615.403720698021061 ], [ 1589772.978544929530472, -6615.318311429581627 ], [ 1589772.736754567362368, -6584.801797701288706 ], [ 1589742.646338666789234, -6584.716401977681926 ], [ 1589742.404574416112155, -6554.199957238954084 ], [ 1589652.133421033388004, -6553.94380373477361 ], [ 1589651.891715562203899, -6523.427459704933426 ], [ 1589441.259402931900695, -6522.829797899205914 ], [ 1589441.984205512795597, -6614.378655832685581 ], [ 1589472.074562261812389, -6614.464090709412631 ], [ 1589473.282843530410901, -6767.046661827861499 ], [ 1589503.373289522947744, -6767.132173757463534 ], [ 1589504.340155646204948, -6889.199249866590435 ], [ 1589474.249644292984158, -6889.11367443106974 ], [ 1589474.733103264356032, -6950.14749933895564 ], [ 1589444.642566776135936, -6950.061889809092463 ], [ 1589444.884294568561018, -6980.578866040161301 ], [ 1589384.703211567597464, -6980.407608272011203 ], [ 1589384.944916441105306, -7010.924605844264079 ], [ 1589324.763830956304446, -7010.753307016747385 ], [ 1589325.005512912292033, -7041.270325939389295 ], [ 1589264.824424946913496, -7041.098986061711912 ], [ 1589265.066083986312151, -7071.616026337575022 ], [ 1589144.703933281823993, -7071.273255158849679 ], [ 1589144.945536720799282, -7101.790285027540449 ], [ 1589024.583441430469975, -7101.447413126472384 ], [ 1589024.824989279266447, -7131.964432613482131 ], [ 1588934.553448038408533, -7131.707206608963133 ], [ 1588934.794956635683775, -7162.224231589532792 ], [ 1588874.613934199791402, -7162.0527042057156 ], [ 1588874.855419879080728, -7192.569750546587784 ], [ 1588604.041045408463106, -7191.797619191850572 ], [ 1588603.799706771504134, -7161.280715697693267 ], [ 1588513.528433438390493, -7161.023344260421254 ], [ 1588513.287153569515795, -7130.506541486481183 ], [ 1588392.925626740790904, -7130.163410392497099 ], [ 1588392.684421977959573, -7099.646724199144955 ], [ 1588332.503736492712051, -7099.475176402483157 ], [ 1588332.744908584048972, -7129.991830853143256 ], [ 1588242.473887911997736, -7129.734444051890932 ], [ 1588242.715020758332685, -7160.251104012398173 ], [ 1588152.444018952082843, -7159.993648604671762 ], [ 1588152.685112554579973, -7190.510314072900655 ], [ 1588062.414129615528509, -7190.252790069322145 ], [ 1588062.655183969531208, -7220.769461043148112 ], [ 1588002.474533708533272, -7220.597734962841969 ], [ 1588002.71556515363045, -7251.114427316089859 ], [ 1587942.534912385046482, -7250.942660170044292 ], [ 1587942.775920922402292, -7281.459373908379348 ], [ 1587912.685589511413127, -7281.373470963795626 ], [ 1587912.926591468276456, -7311.890221937674141 ], [ 1587822.655593475792557, -7311.632451512041371 ], [ 1587822.896556185558438, -7342.149207992933043 ], [ 1587762.715895893750712, -7341.977317659581786 ], [ 1587762.956835695775226, -7372.494095533350446 ], [ 1587732.866500517586246, -7372.408130983430055 ], [ 1587731.661980729084462, -7219.824852034896139 ], [ 1587701.571734756464139, -7219.738964472704538 ], [ 1587700.849188938271254, -7128.189681968068726 ], [ 1587670.758999498095363, -7128.103839658703691 ], [ 1587670.036590469768271, -7036.55508268336871 ], [ 1587639.946457553189248, -7036.469285611959094 ], [ 1587639.464932970469818, -6975.437078199807729 ], [ 1587609.374840252567083, -6975.351310515189653 ], [ 1587608.893387340009212, -6914.319347208846011 ], [ 1587578.803334821015596, -6914.233608920932966 ], [ 1587578.562639319105074, -6883.717722760671677 ], [ 1587548.472610667813569, -6883.631997999887972 ], [ 1587547.750631676521152, -6792.084705711804418 ], [ 1587517.660659540211782, -6791.999026169149147 ], [ 1587516.217062848852947, -6608.905970259172136 ], [ 1587546.30693701421842, -6608.991554621195974 ], [ 1587544.623070279369131, -6395.385293822338099 ], [ 1587514.533310397760943, -6395.299820469449514 ], [ 1587514.773817208129913, -6425.814825472082703 ], [ 1587454.594287388259545, -6425.643840011147404 ], [ 1587454.834771298570558, -6456.15886638612119 ], [ 1587394.655238953186199, -6455.987839831121164 ], [ 1587394.895699962507933, -6486.502887569938139 ], [ 1587364.805928754154593, -6486.41735489538587 ], [ 1587365.046383192529902, -6516.932439869745394 ], [ 1587304.866830722661689, -6516.76133579805537 ], [ 1587305.107262253528461, -6547.276442122803928 ], [ 1587244.927707257913426, -6547.105296963422006 ], [ 1587245.168115885462612, -6577.620424652723159 ], [ 1587184.988558357348666, -6577.449238391487597 ], [ 1587185.228944086702541, -6607.964387455253018 ], [ 1587125.049384025624022, -6607.793160096412976 ], [ 1587125.289746854454279, -6638.308330536060566 ], [ 1587065.110184259712696, -6638.137062073950801 ], [ 1587065.350524183129892, -6668.652253873900008 ], [ 1587005.170959061244503, -6668.480944334012747 ], [ 1587005.41127608390525, -6698.996157511260208 ], [ 1586945.231708419974893, -6698.824806851108406 ], [ 1586945.472002543741837, -6729.340041413442123 ], [ 1586885.292432349408045, -6729.168649667015416 ], [ 1586885.532703575212508, -6759.683905615851472 ], [ 1586825.353130840230733, -6759.512472760490709 ], [ 1586825.593379162950441, -6790.027750081668273 ], [ 1586795.50358775886707, -6789.94201427074313 ], [ 1586795.743829510640353, -6820.457328839501315 ], [ 1586765.654029308119789, -6820.371574825052448 ], [ 1586766.374764066655189, -6911.917789503744643 ], [ 1586796.464613241376355, -6912.003591078768295 ], [ 1586796.704893987393007, -6942.519118029762467 ], [ 1586826.794767011189833, -6942.604933106424141 ], [ 1586827.7560527571477, -7064.667635228870495 ], [ 1586797.666114432504401, -7064.581756741178651 ], [ 1586797.906443919055164, -7095.097549174571213 ], [ 1586767.816496796673164, -7095.011652474149741 ], [ 1586768.056819702964276, -7125.527482146625516 ], [ 1586737.966863783774897, -7125.44156725117773 ], [ 1586738.207180111669004, -7155.957434167694373 ], [ 1586708.117215395672247, -7155.871501073678701 ], [ 1586708.357525152852759, -7186.387405251938617 ], [ 1586648.177585656056181, -7186.215500317955048 ], [ 1586648.417872502934188, -7216.731425870680141 ], [ 1586618.327897727489471, -7216.645454051246816 ], [ 1586618.568177995271981, -7247.161416847303371 ], [ 1586558.388218370266259, -7246.989434439115939 ], [ 1586558.628475738689303, -7277.505418645044301 ], [ 1586468.358543782494962, -7277.24737986773016 ], [ 1586468.598761928500608, -7307.763369637320466 ], [ 1586408.418812282383442, -7307.59130035965336 ], [ 1586408.899212507065386, -7368.623375783333358 ], [ 1586409.13942724163644, -7399.139493157454126 ], [ 1586439.229447277961299, -7399.225576530563558 ], [ 1586439.709938642103225, -7460.258002316316379 ], [ 1586469.799998862436041, -7460.344115061346201 ], [ 1586471.241804877528921, -7643.442762233255053 ], [ 1586501.33197058364749, -7643.528967737869607 ], [ 1586502.053054185351357, -7735.079055957514356 ], [ 1586532.143276404822245, -7735.165306682381924 ], [ 1586532.383673435542732, -7765.682124849335196 ], [ 1586562.473919515497983, -7765.768389085045783 ], [ 1586562.714342618128285, -7796.285276213238831 ], [ 1586622.894890032941476, -7796.457829386559752 ], [ 1586623.135355546139181, -7826.974801348400433 ], [ 1586683.315965743968263, -7827.147376862763849 ], [ 1586683.556473668199033, -7857.66443366320982 ], [ 1586713.646806394681334, -7857.750733760719413 ], [ 1586713.887340404326096, -7888.267859549313471 ], [ 1586743.977696991059929, -7888.354173161914332 ], [ 1586744.21825707773678, -7918.871367917413409 ], [ 1586774.308637531939894, -7918.957695054311444 ], [ 1586774.549223707290366, -7949.474958807163603 ], [ 1586804.639628023607656, -7949.561299452780986 ], [ 1586804.880240277852863, -7980.07863217961949 ], [ 1586834.970668464899063, -7980.164986362278796 ], [ 1586835.692612736020237, -8071.717350879243895 ], [ 1586865.783097448758781, -8071.803750277907966 ], [ 1586866.26447505899705, -8132.838957329441655 ], [ 1586896.354999975766987, -8132.925386119854011 ], [ 1586897.077188540948555, -8224.478642761740048 ], [ 1586927.167769992724061, -8224.565116792233312 ], [ 1586928.130889960564673, -8346.636932961777347 ], [ 1586898.040243175346404, -8346.550395501843013 ], [ 1586898.521829019766301, -8407.586590708668155 ], [ 1586868.431157109560445, -8407.500019220953618 ], [ 1586868.912749302107841, -8468.536395269135028 ], [ 1586838.822052254108712, -8468.449789714693907 ], [ 1586839.062846649670973, -8498.968041600885044 ], [ 1586808.97214080253616, -8498.881417847876946 ], [ 1586809.212928616907448, -8529.399707017055334 ], [ 1586749.031506871804595, -8529.22642080969672 ], [ 1586749.27227177284658, -8559.744731414946727 ], [ 1586659.000146680977196, -8559.484737032347766 ], [ 1586659.240872337948531, -8590.003053218255445 ], [ 1586568.968766074161977, -8589.742990258922873 ], [ 1586569.209452476352453, -8620.261312007783999 ], [ 1586478.937365042744204, -8620.001180490839033 ], [ 1586478.696727640694007, -8589.482906306091536 ], [ 1586418.515406358987093, -8589.309505325963983 ], [ 1586418.274811371928081, -8558.791315990441944 ], [ 1586358.093552890699357, -8558.617937367644117 ], [ 1586357.853000327944756, -8528.099832904010327 ], [ 1586297.671804653247818, -8527.926476658367392 ], [ 1586297.431294498965144, -8497.408457030505815 ], [ 1586207.159606479108334, -8497.148452686846213 ], [ 1586207.400067639769986, -8527.666424749177168 ], [ 1585966.67576703382656, -8526.972850139689399 ], [ 1585966.435436510946602, -8496.455004880301203 ], [ 1585936.344949160469696, -8496.368313386843511 ], [ 1585936.82558728614822, -8557.404025330362856 ], [ 1585906.735074803233147, -8557.317299789297977 ], [ 1585908.177125197369605, -8740.425616011496459 ], [ 1585878.086522264638916, -8740.338793030203306 ], [ 1585878.326881785178557, -8770.857015887202579 ], [ 1585848.236270057270303, -8770.770174722922093 ], [ 1585848.476623004768044, -8801.288434904687165 ], [ 1585728.114186070859432, -8800.940983434735244 ], [ 1585728.354483445640653, -8831.459233360863436 ], [ 1585698.263876707293093, -8831.372348791937839 ], [ 1585698.504167499952018, -8861.890636016631106 ], [ 1585668.413551966426894, -8861.803733273214675 ], [ 1585668.894130137749016, -8922.840435485748458 ], [ 1585638.803489471087232, -8922.753498696141833 ], [ 1585639.043776849051937, -8953.271913683982348 ], [ 1585608.953127387212589, -8953.184958715633911 ], [ 1585609.19340818375349, -8983.703411005581074 ], [ 1585549.012099184561521, -8983.529462341342878 ], [ 1585549.252357073361054, -9014.047936102766471 ], [ 1585519.161697537172586, -9013.960942413958037 ], [ 1585519.401948845479637, -9044.479453480320444 ], [ 1585489.311280511319637, -9044.392441606398279 ], [ 1585489.551525230985135, -9074.910989969908769 ], [ 1585429.370178495300934, -9074.7369275143501 ], [ 1585429.610400310717523, -9105.255497359959918 ], [ 1585369.429051036247984, -9105.081393861320976 ], [ 1585369.66924993135035, -9135.599985146542167 ], [ 1585309.487898117396981, -9135.425840604824771 ], [ 1585309.728074103128165, -9165.944453362937566 ], [ 1585279.63739316095598, -9165.857361741762361 ], [ 1585280.117741718189791, -9226.894715050879313 ], [ 1585281.07855583075434, -9348.970059707335167 ], [ 1585311.16933475388214, -9349.057246412130553 ], [ 1585311.649832953466102, -9410.095269406569059 ], [ 1585341.740652068052441, -9410.182485469122184 ], [ 1585342.221221926854923, -9471.220752838451517 ], [ 1585372.312081235693768, -9471.307998257347208 ], [ 1585372.792722755577415, -9532.346510003693766 ], [ 1585402.883622261229903, -9532.433784786722754 ], [ 1585403.364335438469425, -9593.472540903710978 ], [ 1585433.455275141866878, -9593.559845053703611 ], [ 1585434.176467036362737, -9685.118425597200257 ], [ 1585464.267463272437453, -9685.20577495186626 ], [ 1585466.672233384335414, -9990.404658547475265 ], [ 1585496.763400496682152, -9990.492164056471665 ], [ 1585497.003947473596781, -10021.012360766890197 ], [ 1585466.912764026783407, -10020.924839415227325 ], [ 1585467.634414471918717, -10112.48570115691291 ], [ 1585437.543189551215619, -10112.398129916391554 ], [ 1585437.783742870669812, -10142.918507703971045 ], [ 1585407.692509152693674, -10142.830918292500428 ], [ 1585407.933055883040652, -10173.351333405551486 ], [ 1585377.841813360340893, -10173.263725804719797 ], [ 1585378.082353511825204, -10203.784178275111117 ], [ 1585347.991102189524099, -10203.696552499079189 ], [ 1585348.472179065691307, -10264.737585290107745 ], [ 1585318.38090261304751, -10264.649925506830186 ], [ 1585318.621439343085513, -10295.170505843045248 ], [ 1585288.530154090374708, -10295.082827878197349 ], [ 1585288.770684235496446, -10325.603445560422188 ], [ 1585258.679390178062022, -10325.515749406211398 ], [ 1585258.919913745019585, -10356.036404456395758 ], [ 1585228.828610884724185, -10355.948690117071237 ], [ 1585229.069127862574533, -10386.46938250547646 ], [ 1585198.977816205704585, -10386.381650001576418 ], [ 1585199.218326596543193, -10416.902379728200685 ], [ 1585169.127006138907745, -10416.814629051223164 ], [ 1585169.848546820925549, -10508.37708991162981 ], [ 1585199.939916286850348, -10508.464888136435547 ], [ 1585200.421024840325117, -10569.506826408856796 ], [ 1585230.512434518663213, -10569.594654009832084 ], [ 1585230.753019766416401, -10600.115718805360302 ], [ 1585290.935894410824403, -10600.291398719122299 ], [ 1585291.417159501230344, -10661.333751292902889 ], [ 1585321.508640804560855, -10661.421619450480648 ], [ 1585321.749304322525859, -10691.942891414391852 ], [ 1585381.932322222739458, -10692.118652450568334 ], [ 1585382.173028165008873, -10722.640009299109806 ], [ 1585442.356108895968646, -10722.815792732269983 ], [ 1585442.596857276745141, -10753.337234503682339 ], [ 1585562.963174567557871, -10753.688836860041192 ], [ 1585562.722360830986872, -10723.167331693884989 ], [ 1585713.180345401866361, -10723.606703087238202 ], [ 1585713.421240844763815, -10754.128287518422439 ], [ 1585743.512876722263172, -10754.216170677425907 ], [ 1585744.23567061452195, -10845.781290798860937 ], [ 1585774.327363055199385, -10845.869219175994658 ], [ 1585774.568330207606778, -10876.391048161933213 ], [ 1585744.476621418492869, -10876.303103907435798 ], [ 1585745.199532388709486, -10967.868862584020462 ], [ 1585715.107782114529982, -10967.780868449868649 ], [ 1585715.589738855836913, -11028.824941926899555 ], [ 1585685.497963438276201, -11028.736913767092119 ], [ 1585685.738940107170492, -11059.259014494460644 ], [ 1585655.647155889542773, -11059.170968153790454 ], [ 1585655.888125968864188, -11089.693106239205008 ], [ 1585595.704547485569492, -11089.516974916710751 ], [ 1585595.945494637591764, -11120.039134521755841 ], [ 1585565.853700360516086, -11119.951049508774304 ], [ 1585566.094640928786248, -11150.473246487445067 ], [ 1585505.911042323336005, -11150.297037813958013 ], [ 1585506.151959961745888, -11180.819256307300748 ], [ 1585476.060155632905662, -11180.731132646087644 ], [ 1585476.301066680811346, -11211.253388496059415 ], [ 1585446.209253547945991, -11211.16524665398174 ], [ 1585446.450158013496548, -11241.687539886785089 ], [ 1585416.358336081262678, -11241.599379873046928 ], [ 1585416.599233961896971, -11272.121710486557276 ], [ 1585386.507403228199109, -11272.033532290541189 ], [ 1585386.989195564528927, -11333.078321476148631 ], [ 1585356.897339691640809, -11332.990109274302085 ], [ 1585357.860976065276191, -11455.080262958168532 ], [ 1585327.769062362611294, -11454.991985030461365 ], [ 1585328.009979503927752, -11485.514640678879005 ], [ 1585358.101909547578543, -11485.602934450669636 ], [ 1585359.306723318994045, -11638.217090414609629 ], [ 1585389.398742631543428, -11638.305461133057179 ], [ 1585390.12179701263085, -11729.87464108929089 ], [ 1585420.213872896740213, -11729.963057032240613 ], [ 1585421.901455728337169, -11943.626451293854188 ], [ 1585391.809265421237797, -11943.53792439204517 ], [ 1585392.291487075388432, -12004.585055949934031 ], [ 1585362.199271622113883, -12004.496495024595788 ], [ 1585362.681499616941437, -12065.543807873495098 ], [ 1585332.58925901260227, -12065.455212919667247 ], [ 1585333.07149335811846, -12126.502707086485316 ], [ 1585302.979227599222213, -12126.414078102045096 ], [ 1585304.18490248802118, -12279.033666112407445 ], [ 1585334.277249971171841, -12279.122374327178477 ], [ 1585334.759620939847082, -12340.170614028396813 ], [ 1585364.852008674759418, -12340.25935165545161 ], [ 1585365.334451367845759, -12401.30783606154364 ], [ 1585395.426879343576729, -12401.396603073266306 ], [ 1585397.357171348063275, -12645.59279803233585 ], [ 1585427.449737671995535, -12645.681689554121476 ], [ 1585428.415183335775509, -12767.781128812599491 ], [ 1585458.507822615560144, -12767.87008144120955 ], [ 1585460.922283629188314, -13073.122567193653595 ], [ 1585430.829480830347165, -13073.033456032157119 ], [ 1585431.795473176985979, -13195.1358786929286 ], [ 1585461.888341395650059, -13195.225053275371465 ], [ 1585462.129880244378, -13225.750808003116617 ], [ 1585492.222772373817861, -13225.839996145969053 ], [ 1585492.705912068486214, -13286.891697154480426 ], [ 1585552.891784402774647, -13287.070129931511474 ], [ 1585553.133401604602113, -13317.596092071938983 ], [ 1585583.226365462644026, -13317.685320864868117 ], [ 1585583.468008783180267, -13348.21135214568676 ], [ 1585673.746994746150449, -13348.47907225696872 ], [ 1585673.988696904620156, -13379.005204413084357 ], [ 1585764.267799946013838, -13379.272951386727073 ], [ 1585764.509560939157382, -13409.799184394769327 ], [ 1585884.88186954963021, -13410.15621155989902 ], [ 1585885.123705740086734, -13440.682561295818232 ], [ 1585915.216818145243451, -13440.771828193855981 ], [ 1585915.458680456969887, -13471.298247065211399 ], [ 1585945.551816780585796, -13471.38752753144945 ], [ 1585945.79370523034595, -13501.914015584976369 ], [ 1585975.886865463573486, -13502.003309585425086 ], [ 1585976.128780032973737, -13532.529866779344957 ], [ 1586036.315155909629539, -13532.708479639342841 ], [ 1586036.557112964102998, -13563.235121841105865 ], [ 1586066.650328602641821, -13563.324440689326366 ], [ 1586066.892311783041805, -13593.851152043520415 ], [ 1586096.985551343532279, -13593.940484454276884 ], [ 1586097.227560658706352, -13624.467264978604362 ], [ 1586127.320824136026204, -13624.556610941273902 ], [ 1586127.56285958038643, -13655.083460627947716 ], [ 1586187.749441946623847, -13655.262177403179521 ], [ 1586187.991519876988605, -13685.789112094156735 ], [ 1586218.084838764043525, -13685.878482899641313 ], [ 1586218.326942825224251, -13716.405486748713884 ], [ 1586248.420285638654605, -13716.494871128061277 ], [ 1586248.904555801069364, -13777.549070479781221 ], [ 1586278.99793889769353, -13777.638484276369127 ], [ 1586279.724466503132135, -13869.220230647742937 ], [ 1586309.817906257463619, -13869.309689758054446 ], [ 1586310.302339570363984, -13930.364485577372761 ], [ 1586340.395819613011554, -13930.453974113423101 ], [ 1586340.638067290186882, -13960.981467847390377 ], [ 1586370.731571257812902, -13961.070969948808852 ], [ 1586370.973845076514408, -13991.598532867779795 ], [ 1586401.067372974939644, -13991.688048540230739 ], [ 1586401.30967292515561, -14022.215680622255604 ], [ 1586431.403224756475538, -14022.305209876360095 ], [ 1586431.645550836576149, -14052.832911120020071 ], [ 1586461.739126602653414, -14052.922453950115596 ], [ 1586461.981478827307001, -14083.450224387985145 ], [ 1586492.075078518595546, -14083.539780779907232 ], [ 1586492.317456882679835, -14114.067620392161189 ], [ 1586522.41108050593175, -14114.157190361487665 ], [ 1586522.653485006187111, -14144.685099148124209 ], [ 1586552.747132565826178, -14144.774682696981472 ], [ 1586552.989563206909224, -14175.302660663664938 ], [ 1586583.08323470223695, -14175.39225779771732 ], [ 1586583.810634365770966, -14266.976559190568878 ], [ 1586613.904362528352067, -14267.066201628431372 ], [ 1586614.874431053409353, -14389.179413405363448 ], [ 1586644.968232257524505, -14389.269117025110972 ], [ 1586646.423726502805948, -14572.440629566974167 ], [ 1586676.517633485607803, -14572.530426093593633 ], [ 1586677.245561687741429, -14664.116949877059596 ], [ 1586707.339525349671021, -14664.206791719527246 ], [ 1586707.824892443139106, -14725.264772637205169 ], [ 1586737.918896418064833, -14725.354643931610553 ], [ 1586738.404335353756323, -14786.412869901847444 ], [ 1586768.498379641445354, -14786.502770646775389 ], [ 1586768.741130147129297, -14817.03197950222966 ], [ 1586798.835198383079842, -14817.121893840849225 ], [ 1586799.077975032618269, -14847.651171889805482 ], [ 1586859.266166968503967, -14847.83102545730253 ], [ 1586859.508986146887764, -14878.360388601200611 ], [ 1586979.885526400525123, -14878.720131852916893 ], [ 1586980.128420842345804, -14909.24961179337879 ], [ 1587070.410954690072685, -14909.519442898801572 ], [ 1587070.653908031992614, -14940.049023795281755 ], [ 1587100.74811751418747, -14940.138978830713313 ], [ 1587100.991097010672092, -14970.66862893769212 ], [ 1587131.085330434842035, -14970.7585975391994 ], [ 1587131.32833608565852, -15001.28831686092235 ], [ 1587161.422593463677913, -15001.378299066034742 ], [ 1587161.908666857052594, -15062.43792948060036 ], [ 1587192.002964564599097, -15062.527941156064117 ], [ 1587192.4891098276712, -15123.587816679837488 ], [ 1587222.583447865210474, -15123.677857824939565 ], [ 1587222.826551544014364, -15154.207891479114551 ], [ 1587252.920913532376289, -15154.297946217910066 ], [ 1587253.407182989874855, -15215.358205310831181 ], [ 1587283.50158531521447, -15215.448289527765155 ], [ 1587284.231111991219223, -15307.039125902883825 ], [ 1587314.325571023859084, -15307.129255451953213 ], [ 1587315.298475721152499, -15429.251181031424494 ], [ 1587345.39300784887746, -15429.341371814069134 ], [ 1587346.122838224284351, -15520.933423837897863 ], [ 1587376.217427070019767, -15521.023659972504902 ], [ 1587376.704062330303714, -15582.085326527743746 ], [ 1587406.798691516974941, -15582.17559214332141 ], [ 1587407.285398667911068, -15643.237503874330287 ], [ 1587437.38006819691509, -15643.327798970878575 ], [ 1587437.623452826403081, -15673.858850743539733 ], [ 1587467.718146319501102, -15673.949159449359286 ], [ 1587468.20497770071961, -15735.011454859981313 ], [ 1587498.299711538245901, -15735.101793038982578 ], [ 1587498.543158286716789, -15765.633036667737542 ], [ 1587528.637916089035571, -15765.723388452468498 ], [ 1587528.881389005342498, -15796.254701326417489 ], [ 1587558.976170771755278, -15796.345066712630796 ], [ 1587559.219669854734093, -15826.876448826817068 ], [ 1587589.314475590595976, -15826.966827826550798 ], [ 1587589.558000838849694, -15857.498279176017604 ], [ 1587649.747667836491019, -15857.679062151422841 ], [ 1587649.991235637571663, -15888.210598625573766 ], [ 1587710.180965744890273, -15888.391404274836532 ], [ 1587710.424576097168028, -15918.923025872962171 ], [ 1587800.709277316462249, -15919.194265002235625 ], [ 1587800.952946606324986, -15949.725987608782816 ], [ 1588011.61762972548604, -15950.358910781282248 ], [ 1588011.373845739522949, -15919.827077006983018 ], [ 1588041.468814442399889, -15919.917469666263059 ], [ 1588041.225023860577494, -15889.385673390217562 ], [ 1588071.319983767345548, -15889.476047896250748 ], [ 1588071.076186592923477, -15858.944289114209823 ], [ 1588101.171137701254338, -15859.034645469826501 ], [ 1588100.927333933999762, -15828.502924184624135 ], [ 1588131.022276246221736, -15828.593262397615035 ], [ 1588130.778465877054259, -15798.061578581633512 ], [ 1588160.873399400385097, -15798.151898665451881 ], [ 1588160.629582433495671, -15767.620252331438678 ], [ 1588220.819439482409507, -15767.80085395281094 ], [ 1588220.575599531177431, -15737.269229214194638 ], [ 1588371.050293050240725, -15737.72061422173465 ], [ 1588371.294214929686859, -15768.252318375500181 ], [ 1588431.484178250189871, -15768.4328883115395 ], [ 1588431.728142692474648, -15798.964677597068658 ], [ 1588461.823152125813067, -15799.054975051642032 ], [ 1588462.067142745945603, -15829.586833591571121 ], [ 1588492.162176164332777, -15829.677144685156236 ], [ 1588492.406192959053442, -15860.209072466032012 ], [ 1588522.501250354573131, -15860.299397171011151 ], [ 1588523.233408656902611, -15951.895548402982968 ], [ 1588553.328522810712457, -15951.985918506661619 ], [ 1588554.304936528671533, -16074.114930924019063 ], [ 1588584.400123832048848, -16074.205362311549834 ], [ 1588585.620943256188184, -16226.867908227432054 ], [ 1588555.525674003176391, -16226.777397401385315 ], [ 1588556.258234011242166, -16318.375517866323207 ], [ 1588526.162923179799691, -16318.284957125926667 ], [ 1588526.895522153237835, -16409.883510381117958 ], [ 1588496.800169750582427, -16409.792899737698463 ], [ 1588498.021281958324835, -16562.458143474330427 ], [ 1588528.11671632155776, -16562.548833558386832 ], [ 1588529.338155339471996, -16715.215491495760944 ], [ 1588499.242639014031738, -16715.124721980268077 ], [ 1588499.975570783019066, -16806.725309825356817 ], [ 1588469.88001287728548, -16806.634490397638729 ], [ 1588470.368650248041376, -16867.701784189906903 ], [ 1588440.27306715445593, -16867.610930743612698 ], [ 1588441.494750017765909, -17020.280020283604244 ], [ 1588682.260283316718414, -17021.007420308647852 ], [ 1588682.504780431976542, -17051.541525519762217 ], [ 1588712.600522691616789, -17051.632456279516191 ], [ 1588712.845046006143093, -17082.166630808053014 ], [ 1588742.940812263870612, -17082.257575207528134 ], [ 1588743.185361769748852, -17112.791819018792012 ], [ 1588773.281152026960626, -17112.882777063648973 ], [ 1588773.525727730477229, -17143.417090183127584 ], [ 1588803.621541986009106, -17143.508061866999924 ], [ 1588803.866143881808966, -17174.042444279824849 ], [ 1588833.961982138454914, -17174.133429606248683 ], [ 1588834.451248116092756, -17235.202386432443745 ], [ 1588864.54712677304633, -17235.293401297905802 ], [ 1588865.770545185077935, -17387.966807540869922 ], [ 1588835.674584534950554, -17387.875713220604666 ], [ 1588836.408703977940604, -17479.480350292924413 ], [ 1588806.312701737042516, -17479.389206058309355 ], [ 1588807.046860177069902, -17570.994276238827297 ], [ 1588776.950816337252036, -17570.903082076409191 ], [ 1588778.419299402507022, -17754.114569491135626 ], [ 1588808.515441641677171, -17754.205859001296631 ], [ 1588809.005047196988016, -17815.276813996893907 ], [ 1588839.101229837629944, -17815.368133025556745 ], [ 1588839.346063718665391, -17845.903706562221487 ], [ 1588899.53848462854512, -17846.086369689670391 ], [ 1588899.783361113164574, -17876.622028437406698 ], [ 1588929.879599383100867, -17876.713372538313706 ], [ 1588930.124502067221329, -17907.249100598517543 ], [ 1588960.220764349680394, -17907.34045835118377 ], [ 1588960.465693238656968, -17937.876255742259673 ], [ 1588990.561979531077668, -17937.967627144560538 ], [ 1588991.051899527898058, -17999.039414033482899 ], [ 1588930.859268942615017, -17998.856605421588029 ], [ 1588931.104210837744176, -18029.39254723069098 ], [ 1588810.718975368421525, -18029.026839587641007 ], [ 1588810.96386145032011, -18059.562771256529231 ], [ 1588780.86755520477891, -18059.471322859419161 ], [ 1588782.826865527080372, -18303.760572962848528 ], [ 1588812.92330300505273, -18303.852148511999985 ], [ 1588813.41326141031459, -18364.925027237772156 ], [ 1588843.509739303030074, -18365.016632322418445 ], [ 1588843.999769730027765, -18426.089756625460723 ], [ 1588874.096288041910157, -18426.181391255518975 ], [ 1588874.586390489945188, -18487.254761133710417 ], [ 1588934.779515569563955, -18487.438087256203289 ], [ 1588935.024614309659228, -18517.974884164283139 ], [ 1588965.121204674243927, -18518.066559767317813 ], [ 1588965.61146438238211, -18579.140345712199633 ], [ 1588995.708095168694854, -18579.232050859933224 ], [ 1588995.953256137203425, -18609.769039913018787 ], [ 1589026.049910940462723, -18609.860758714636177 ], [ 1589026.295098122442141, -18640.397817119133833 ], [ 1589056.391776948934421, -18640.489549590212846 ], [ 1589057.127446533413604, -18732.101093187313381 ], [ 1589027.030718482332304, -18732.009313030324847 ], [ 1589027.275944882072508, -18762.546585254531237 ], [ 1588967.082478803349659, -18762.362986447398725 ], [ 1588967.5728953871876, -18823.437627696610434 ], [ 1588937.476140955928713, -18823.345793164851784 ], [ 1588937.966563937719911, -18884.420616452847753 ], [ 1588907.869784305570647, -18884.328747904637567 ], [ 1588908.605443100212142, -18975.941336140567728 ], [ 1588878.508621853310615, -18975.849417668094247 ], [ 1588878.753844647668302, -19006.387038100994687 ], [ 1588788.463377377251163, -19006.111221628445492 ], [ 1588788.708560757339001, -19036.648847859392845 ], [ 1588728.51492116227746, -19036.464927264769358 ], [ 1588729.005251700524241, -19097.540276547297253 ], [ 1588698.908410509582609, -19097.44828112320829 ], [ 1588699.153574078343809, -19127.986020086846111 ], [ 1588669.056724089896306, -19127.894006525799341 ], [ 1588669.547047830186784, -19188.969613068795297 ], [ 1588639.450172638287768, -19188.877565496961324 ], [ 1588639.695332802599296, -19219.415433077025227 ], [ 1588579.501572449458763, -19219.231299460028822 ], [ 1588579.746709604980424, -19249.769188736041542 ], [ 1588549.649824435124174, -19249.677102677425864 ], [ 1588549.894954987103119, -19280.215029528171726 ], [ 1588519.798061027191579, -19280.12292535879169 ], [ 1588520.533462280873209, -19371.736979084267659 ], [ 1588550.63040546933189, -19371.829130940266623 ], [ 1588550.875575238838792, -19402.367271688613982 ], [ 1588611.069517272757366, -19402.551600477807369 ], [ 1588611.314729666337371, -19433.089826494589943 ], [ 1588641.411728512728587, -19433.182003436282685 ], [ 1588641.656967117683962, -19463.720298808722873 ], [ 1588671.753989990334958, -19463.812489415631717 ], [ 1588672.489813879132271, -19555.427744131116924 ], [ 1588552.101571158505976, -19555.058777631693374 ], [ 1588552.346799755236134, -19585.597239253354928 ], [ 1588492.152691269526258, -19585.412710855620389 ], [ 1588492.397896855836734, -19615.951194189517992 ], [ 1588432.203786007594317, -19615.76662508717709 ], [ 1588432.448968578828499, -19646.305130119857495 ], [ 1588402.35190816805698, -19646.212826336981379 ], [ 1588402.597084131557494, -19676.751368955014186 ], [ 1588342.40295333089307, -19676.566722906725772 ], [ 1588342.648106285603717, -19707.105287241949554 ], [ 1588312.551035897340626, -19707.012944985035574 ], [ 1588312.796182240359485, -19737.551546900656831 ], [ 1588252.602031486108899, -19737.366823916334397 ], [ 1588252.847154820803553, -19767.905447555520368 ], [ 1588222.750074452022091, -19767.813066816070204 ], [ 1588222.995191186666489, -19798.351728073888808 ], [ 1588192.89810202200897, -19798.25932921164349 ], [ 1588193.143212142866105, -19828.798028038527264 ], [ 1588102.851941111730412, -19828.520770449766133 ], [ 1588102.606880218023434, -19797.982119293214055 ], [ 1588012.31572692329064, -19797.70488929050407 ], [ 1588012.070725051453337, -19767.166339264877024 ], [ 1587981.973705587675795, -19767.073940692956967 ], [ 1587982.463686313247308, -19828.151062435914355 ], [ 1587952.366641644388437, -19828.058629856750485 ], [ 1587954.326825382653624, -20072.369129330221767 ], [ 1587924.229657060466707, -20072.276567427932605 ], [ 1587924.474707734072581, -20102.815604701430857 ], [ 1587894.377530614379793, -20102.723024679886294 ], [ 1587894.622574676992372, -20133.26209954865044 ], [ 1587864.525388758163899, -20133.169501402178867 ], [ 1587865.260530554689467, -20224.78699939060607 ], [ 1587895.357765702763572, -20224.879645197495847 ], [ 1587896.093044961104169, -20316.497672349272761 ], [ 1587865.995760583551601, -20316.404978877006215 ], [ 1587867.22134004952386, -20469.102681470456446 ], [ 1587897.31870647915639, -20469.195454367076309 ], [ 1587897.80903971591033, -20530.274941724081145 ], [ 1587927.906446589855477, -20530.36774419372523 ], [ 1587928.887296372791752, -20652.5274245950568 ], [ 1587958.98477651248686, -20652.620288388206973 ], [ 1587959.23002988519147, -20683.160358160603209 ], [ 1588049.522565233055502, -20683.438983850377554 ], [ 1588049.767877649283037, -20713.979154798307718 ], [ 1588140.06053079594858, -20714.25780814636164 ], [ 1588140.305902260355651, -20744.798080281161674 ], [ 1588230.59867321071215, -20745.076761282540247 ], [ 1588230.844103730516508, -20775.617134616950352 ], [ 1588291.039355287794024, -20775.802942619677196 ], [ 1588291.28482845146209, -20806.343401270671166 ], [ 1588381.577812186209485, -20806.622144297296472 ], [ 1588381.823344399686903, -20837.162704124533775 ], [ 1588502.214161738753319, -20837.534393991387333 ], [ 1588501.968563860282302, -20806.99377059804101 ], [ 1588652.457174938870594, -20807.458253522978339 ], [ 1588652.70285490876995, -20837.998956398743758 ], [ 1588682.800616407068446, -20838.09186221429627 ], [ 1588683.537764434469864, -20929.714339665650186 ], [ 1588713.635582815622911, -20929.807290961336548 ], [ 1588715.110242283670232, -21113.053786386913998 ], [ 1588685.012325392337516, -21112.960739732152433 ], [ 1588685.503924203803763, -21174.043301312212861 ], [ 1588655.405982091324404, -21173.950220637460006 ], [ 1588655.897587314713746, -21235.032964561498375 ], [ 1588625.79961998318322, -21234.939849863214476 ], [ 1588626.0454208960291, -21265.481286241079943 ], [ 1588595.947444775141776, -21265.388153451862308 ], [ 1588597.9140739091672, -21509.721444472415897 ], [ 1588628.012181394966319, -21509.814704422173236 ], [ 1588629.241725630592555, -21662.524830865881086 ], [ 1588599.143536028219387, -21662.4314914259121 ], [ 1588599.635389572475106, -21723.515885035907559 ], [ 1588569.53717475454323, -21723.422511596483673 ], [ 1588570.02903470559977, -21784.507087601439707 ], [ 1588539.930794665357098, -21784.41368015052285 ], [ 1588540.176722936099395, -21814.956032575573772 ], [ 1588510.078474103240296, -21814.862607028058846 ], [ 1588510.324395765084773, -21845.404997108566022 ], [ 1588450.127888139802963, -21845.218107591899752 ], [ 1588450.865613469388336, -21936.845503784566972 ], [ 1588480.963912736391649, -21936.938997328161349 ], [ 1588481.209857230773196, -21967.481585730562074 ], [ 1588511.308180552907288, -21967.575092974773725 ], [ 1588511.554151285206899, -21998.117750825600524 ], [ 1588541.652498657582328, -21998.21127174706271 ], [ 1588542.144502407871187, -22059.296779901749687 ], [ 1588572.242890260647982, -22059.390330414647906 ], [ 1588572.734966118820012, -22120.476084595553402 ], [ 1588602.83339445060119, -22120.5696646963479 ], [ 1588603.325542421313003, -22181.655664912676002 ], [ 1588573.227081245044246, -22181.562053044406639 ], [ 1588573.719235621392727, -22242.648235705972183 ], [ 1588543.620749214664102, -22242.554589817002125 ], [ 1588543.866824702592567, -22273.097745598330221 ], [ 1588513.768329506507143, -22273.004081614886672 ], [ 1588514.014398382743821, -22303.547275067958253 ], [ 1588333.423488860018551, -22302.985149367887061 ], [ 1588333.177518538897857, -22272.442051300091407 ], [ 1588182.685385857475922, -22271.973631976212346 ], [ 1588182.931274062721059, -22302.516650582121656 ], [ 1588122.734441532753408, -22302.329235585722927 ], [ 1588122.488586180610582, -22271.786248775613785 ], [ 1588032.193443863885477, -22271.505157398791198 ], [ 1588031.947647591354325, -22240.96227182299117 ], [ 1587971.750957020092756, -22240.774898295247112 ], [ 1587971.996720455819741, -22271.317752104987449 ], [ 1587941.898370185634121, -22271.224046127466863 ], [ 1587943.373058271594346, -22454.482198407338728 ], [ 1587973.471507077105343, -22454.575999730481271 ], [ 1587973.717339193914086, -22485.119228496561846 ], [ 1588003.815812045941129, -22485.213043489871779 ], [ 1588004.061670400435105, -22515.756341726326355 ], [ 1588034.160167306661606, -22515.850170406803954 ], [ 1588034.651946291560307, -22576.936959339829627 ], [ 1588064.750483679817989, -22577.030817613867839 ], [ 1588065.734225115505978, -22699.205101948293304 ], [ 1588035.635622028959915, -22699.111180106730899 ], [ 1588035.881565497023985, -22729.654869239911932 ], [ 1587975.684349367162213, -22729.466987167725165 ], [ 1587975.930269797565416, -22760.010698090325604 ], [ 1587825.437280828133225, -22759.54087477955909 ], [ 1587825.191442526876926, -22728.997243334422819 ], [ 1587795.092884034849703, -22728.903287926772464 ], [ 1587795.338705922942609, -22759.446903510830452 ], [ 1587614.747416621306911, -22758.883029405013076 ], [ 1587614.993149773450568, -22789.426603217343654 ], [ 1587524.697558801621199, -22789.144588660492445 ], [ 1587524.943252498283982, -22819.688168385586323 ], [ 1587464.746197128435597, -22819.50011584380627 ], [ 1587465.237548254430294, -22880.587372456640878 ], [ 1587435.138999161543325, -22880.493311094382079 ], [ 1587435.384673020802438, -22911.037003897017712 ], [ 1587375.187564863590524, -22910.848842766445159 ], [ 1587375.433215685887262, -22941.392557359915372 ], [ 1587345.334656622260809, -22941.29845759372256 ], [ 1587345.825954847037792, -23002.386015749027138 ], [ 1587375.924546764465049, -23002.480147313850466 ], [ 1587376.661616951692849, -23094.111934096381447 ], [ 1587346.562975770328194, -23094.017754886717739 ], [ 1587347.054372110869735, -23155.105848921844881 ], [ 1587316.955705710221082, -23155.011635734674201 ], [ 1587317.201402168022469, -23185.555747237482137 ], [ 1587287.102726964978501, -23185.461515938135562 ], [ 1587287.348416815977544, -23216.005665154461894 ], [ 1587197.052387692499906, -23215.722910366286669 ], [ 1587197.298038079869002, -23246.267065505289793 ], [ 1587137.100690610473976, -23246.078519498387323 ], [ 1587137.346317962277681, -23276.622696460093721 ], [ 1587016.951648819958791, -23276.245514361256937 ], [ 1587016.706087159691378, -23245.701400945123169 ], [ 1586986.607455359771848, -23245.607115787934163 ], [ 1586986.361919934395701, -23215.063071857042814 ], [ 1586956.263312180992216, -23214.968800377810112 ], [ 1586956.017802985617891, -23184.424825918005808 ], [ 1586925.919219271279871, -23184.330568095487251 ], [ 1586925.673736309632659, -23153.786663116676209 ], [ 1586895.575176635757089, -23153.692418961494695 ], [ 1586895.329719904111698, -23123.148583449521539 ], [ 1586835.132656279951334, -23122.960120309122431 ], [ 1586835.623513868544251, -23184.04778138263282 ], [ 1586805.52496064407751, -23183.953514719294617 ], [ 1586806.2612713300623, -23275.585360603265144 ], [ 1586685.866937597282231, -23275.208081222110195 ], [ 1586686.112328426213935, -23305.752073509429465 ], [ 1586656.0137476217933, -23305.657732244002545 ], [ 1586656.995343316346407, -23427.83417374736382 ], [ 1586626.896704457467422, -23427.739766760325438 ], [ 1586627.142111474182457, -23458.283995233181486 ], [ 1586597.043463807553053, -23458.189570130423817 ], [ 1586597.288864218862727, -23488.733836332383362 ], [ 1586567.190207751002163, -23488.639393132318219 ], [ 1586567.435601545963436, -23519.183697045671579 ], [ 1586537.336936281761155, -23519.089235763174656 ], [ 1586537.582323465961963, -23549.63357740066931 ], [ 1586507.483649398200214, -23549.539098015196942 ], [ 1586507.729029968613759, -23580.083477372591005 ], [ 1586477.630347098456696, -23579.988979886980815 ], [ 1586478.121104812249541, -23641.077867629603134 ], [ 1586448.022396726766601, -23640.983336181358027 ], [ 1586448.758557587396353, -23732.617022157861356 ], [ 1586478.85731494310312, -23732.711601252362016 ], [ 1586479.348170740297064, -23793.801025045464485 ], [ 1586509.446968555450439, -23793.895633671214455 ], [ 1586509.692427590722218, -23824.440441857659607 ], [ 1586539.791249454719946, -23824.535064168445388 ], [ 1586540.282229795819148, -23885.624873130327614 ], [ 1586570.381092134863138, -23885.719525012726081 ], [ 1586570.626613439060748, -23916.264525781789416 ], [ 1586600.725499822758138, -23916.359191325856955 ], [ 1586601.216604710556567, -23977.449385472806171 ], [ 1586631.315531568368897, -23977.544080584233598 ], [ 1586631.806708547752351, -24038.63452095284083 ], [ 1586601.707748832646757, -24038.53979406119106 ], [ 1586601.953335615806282, -24069.08507878951059 ], [ 1586571.854367105057463, -24068.990333814010228 ], [ 1586572.345537242246792, -24130.081032339559897 ], [ 1586542.246543511515483, -24129.986253403549199 ], [ 1586542.737720035016537, -24191.077134620056313 ], [ 1586512.638701072195545, -24190.982321695209976 ], [ 1586514.603668182389811, -24435.347864375875361 ], [ 1586544.702818552497774, -24435.442804363541654 ], [ 1586544.948500016704202, -24465.988754391117254 ], [ 1586605.146856486331671, -24466.178659507379052 ], [ 1586605.39258061721921, -24496.724694932261627 ], [ 1586665.591000454267487, -24496.914623007753107 ], [ 1586665.836767245084047, -24527.4607438150706 ], [ 1586726.035250447690487, -24527.650694841293443 ], [ 1586727.018547183601186, -24649.835841508891463 ], [ 1586696.919236056972295, -24649.74080356549166 ], [ 1586697.165068345377222, -24680.28720843120027 ], [ 1586727.264395904028788, -24680.382262266837643 ], [ 1586728.493786687031388, -24833.115170555021905 ], [ 1586698.394376976648346, -24833.020037282993144 ], [ 1586699.132079917239025, -24924.660378259548452 ], [ 1586729.231538917403668, -24924.755559183497098 ], [ 1586729.477475955616683, -24955.302462681451289 ], [ 1586729.969379472313449, -25016.396430591637909 ], [ 1586760.068895397940651, -25016.491656973765203 ], [ 1586760.560871032299474, -25077.585871231654892 ], [ 1586730.461322248447686, -25077.4906130827585 ], [ 1586730.707308358512819, -25108.03778480634719 ], [ 1586700.60775076947175, -25107.94250856085273 ], [ 1586700.853730261791497, -25138.48971803832319 ], [ 1586670.7541638687253, -25138.394423704728979 ], [ 1586671.000136746559292, -25168.941670954496658 ], [ 1586640.900561553658918, -25168.84635853704458 ], [ 1586641.146527806529775, -25199.393643527244421 ], [ 1586580.947367465589195, -25199.20298036701206 ], [ 1586581.193310667295009, -25229.750287237267912 ], [ 1586520.994147980818525, -25229.559583492817183 ], [ 1586521.240068138344213, -25260.106912253755581 ], [ 1586310.543124068528414, -25259.439268684240233 ], [ 1586310.788939025253057, -25289.986539918587368 ], [ 1586220.490313860820606, -25289.700326317099098 ], [ 1586220.736089339945465, -25320.247603554849775 ], [ 1586190.63654644228518, -25320.152178729029401 ], [ 1586190.882315300405025, -25350.6994937348245 ], [ 1586160.782763603841886, -25350.604050830814231 ], [ 1586161.028525842586532, -25381.15140360253281 ], [ 1586130.928965346887708, -25381.055942620336282 ], [ 1586131.174720970448107, -25411.603333177092281 ], [ 1586101.075151671422645, -25411.507854109629989 ], [ 1586101.320900673279539, -25442.055282428060309 ], [ 1586071.221322576748207, -25441.959785292321612 ], [ 1586071.467064961325377, -25472.507251385879499 ], [ 1586011.267898785416037, -25472.31621873383483 ], [ 1586011.513618123251945, -25502.86370672727935 ], [ 1585800.816661786986515, -25502.194912004208163 ], [ 1585801.062275927513838, -25532.74234249372239 ], [ 1585740.863181330729276, -25532.551206718824687 ], [ 1585741.108772422419861, -25563.098659099017823 ], [ 1585680.909675468690693, -25562.907482753354998 ], [ 1585681.155243513640016, -25593.454957035559346 ], [ 1585500.55803711200133, -25592.88127990542489 ], [ 1585500.312567637301981, -25562.333900886700576 ], [ 1585410.014116654871032, -25562.047080215001188 ], [ 1585409.768706265604123, -25531.499802473073942 ], [ 1585289.370944062713534, -25531.11740756531799 ], [ 1585289.125609191367403, -25500.570247003044642 ], [ 1585259.026204126654193, -25500.474658637958782 ], [ 1585259.27152256667614, -25531.021803322870255 ], [ 1585138.873912815004587, -25530.639364310849487 ], [ 1585139.119175366591662, -25561.186499169951276 ], [ 1584838.125520193949342, -25560.230088431231707 ], [ 1584837.88042188831605, -25529.683112302587688 ], [ 1584777.681815137155354, -25529.491835407359758 ], [ 1584777.436759487260133, -25498.944944686641975 ], [ 1584717.238216054160148, -25498.753690688328788 ], [ 1584716.993203049292788, -25468.2068853564233 ], [ 1584626.695494303479791, -25467.920035409813863 ], [ 1584626.450540365884081, -25437.373331338418211 ], [ 1584506.053767693694681, -25436.990897267631226 ], [ 1584505.808889246778563, -25406.444310329858126 ], [ 1584385.412304105469957, -25406.06190434221935 ], [ 1584385.657116867834702, -25436.608427806648251 ], [ 1584265.260587880853564, -25436.225922940600867 ], [ 1584265.505344766424969, -25466.772436601873778 ], [ 1584145.108871916076168, -25466.389832834051049 ], [ 1584145.353572928346694, -25496.936336692175246 ], [ 1584085.155349347740412, -25496.744989807524689 ], [ 1584085.400027314666659, -25527.291515564120346 ], [ 1584025.20180135127157, -25527.100128100915754 ], [ 1584025.446456285426393, -25557.646675797052012 ], [ 1583995.347338300431147, -25557.550962871624506 ], [ 1583994.858071070397273, -25496.457952868870052 ], [ 1583964.758993536233902, -25496.362269462653785 ], [ 1583964.514391038566828, -25465.815860806400451 ], [ 1583934.415337532293051, -25465.720191041320504 ], [ 1583933.926194771425799, -25404.627566423321696 ], [ 1583903.827181709464639, -25404.531926168241625 ], [ 1583903.582641445798799, -25373.985710200122412 ], [ 1583873.483652414055541, -25373.890083593261807 ], [ 1583873.239138362463564, -25343.343937133751751 ], [ 1583843.140173358377069, -25343.248324176525784 ], [ 1583842.895685522584245, -25312.702247232002264 ], [ 1583782.69781117560342, -25312.511046389085095 ], [ 1583782.453365973662585, -25281.965054826996493 ], [ 1583752.354456627275795, -25281.869466931391798 ], [ 1583752.110037629492581, -25251.323544853137719 ], [ 1583661.813404497923329, -25251.036815471681621 ], [ 1583661.569044548086822, -25220.49099463906532 ], [ 1583601.371359994867817, -25220.299862337476952 ], [ 1583601.615687113255262, -25250.845651442978124 ], [ 1583451.121526779839769, -25250.367702531442774 ], [ 1583450.63304647244513, -25189.276336546176026 ], [ 1583420.534270053263754, -25189.180771822942916 ], [ 1583420.045861757127568, -25128.089652147846209 ], [ 1583389.947125766193494, -25127.99411690629131 ], [ 1583389.458789468044415, -25066.903243497468793 ], [ 1583359.360093912575394, -25066.80773777228751 ], [ 1583358.871829619631171, -25005.717110650974064 ], [ 1583328.773174490081146, -25005.62163441172379 ], [ 1583328.529073440469801, -24975.076417157601099 ], [ 1583298.430442320648581, -24974.980954529746668 ], [ 1583298.186367479152977, -24944.435806780697021 ], [ 1583268.087760380702093, -24944.340357803888764 ], [ 1583267.843711743829772, -24913.795279547164682 ], [ 1583237.745128655806184, -24913.699844199458312 ], [ 1583237.501106227282435, -24883.154835444973287 ], [ 1583207.402547148987651, -24883.0594137214066 ], [ 1583207.158550917403772, -24852.514474449337285 ], [ 1583177.060015854192898, -24852.419066357699194 ], [ 1583176.816045825602487, -24821.874196573000518 ], [ 1583146.717534774215892, -24821.778802119668399 ], [ 1583146.22965691331774, -24760.689255160501489 ], [ 1583116.131186282262206, -24760.593890187432407 ], [ 1583115.643380405148491, -24699.504589459837007 ], [ 1583055.446527571417391, -24699.313916246490408 ], [ 1583055.202672137180343, -24668.769378036853595 ], [ 1582995.005882517900318, -24668.578727612079092 ], [ 1582994.762069693533704, -24638.034274750887562 ], [ 1582934.565343281952664, -24637.843647109017184 ], [ 1582934.321573061868548, -24607.299279579987342 ], [ 1582874.124909864272922, -24607.108674740855349 ], [ 1582873.881182240787894, -24576.564392533364298 ], [ 1582633.094964583637193, -24575.802010727478773 ], [ 1582542.800258299568668, -24575.516080720568425 ], [ 1582542.556720926426351, -24544.972026509967691 ], [ 1582512.458517089718953, -24544.876727879527607 ], [ 1582392.065777693409473, -24544.495511049291963 ], [ 1582392.309233045903966, -24575.0394860118613 ], [ 1582332.11287610209547, -24574.84883248483311 ], [ 1582332.356308437651023, -24605.39282938056931 ], [ 1582272.159949058666825, -24605.202135213377915 ], [ 1582272.403358370997012, -24635.746154030242906 ], [ 1582212.206996561959386, -24635.555419231386622 ], [ 1582212.450382858281955, -24666.099459989916795 ], [ 1582182.352196935331449, -24666.004073378964677 ], [ 1582182.595576609950513, -24696.54815190129375 ], [ 1582122.399194744415581, -24696.357340305898106 ], [ 1582122.642551400000229, -24726.901440762812854 ], [ 1582092.544355447636917, -24726.806015752881649 ], [ 1582092.787705486640334, -24757.350153990588296 ], [ 1582032.591303562512621, -24757.159265586618858 ], [ 1582032.834630580153316, -24787.703425766696455 ], [ 1582002.736424603965133, -24787.607962357789802 ], [ 1582002.97974500246346, -24818.152160312285559 ], [ 1581972.881530217127874, -24818.05667883510614 ], [ 1581973.124843995319679, -24848.600914568978624 ], [ 1581943.026620398508385, -24848.50541500511099 ], [ 1581943.513244509231299, -24909.594015679143922 ], [ 1581913.414995697792619, -24909.498482188759226 ], [ 1581913.658306027296931, -24940.042847126795095 ], [ 1581883.560048405779526, -24939.947295558220503 ], [ 1581884.046665616100654, -25001.03615466111296 ], [ 1581853.948382778093219, -25000.940569155398407 ], [ 1581854.435006322572008, -25062.029611107864184 ], [ 1581824.336698271334171, -25061.93399168200267 ], [ 1581825.309997165342793, -25184.112655863471446 ], [ 1581795.211631087353453, -25184.016970805223536 ], [ 1581794.968308089999482, -25153.472240146089462 ], [ 1581764.869966011028737, -25153.376568713396409 ], [ 1581764.626669205492362, -25122.831907543757552 ], [ 1581734.528351122047752, -25122.736249718211184 ], [ 1581734.285080504603684, -25092.191658042313065 ], [ 1581704.186786407139152, -25092.096013806210976 ], [ 1581703.943541982211173, -25061.551491618392902 ], [ 1581673.84527188190259, -25061.455861000766163 ], [ 1581673.602053635986522, -25030.911408276951988 ], [ 1581643.503807532833889, -25030.815791276385426 ], [ 1581643.017433193745092, -24969.727078424824867 ], [ 1581612.919227486010641, -24969.631490879030025 ], [ 1581612.676071393769234, -24939.087230749868468 ], [ 1581552.479715542634949, -24938.896080615806568 ], [ 1581552.23660203628242, -24908.351905810312019 ], [ 1581492.040309342555702, -24908.160778406047029 ], [ 1581491.797238417668268, -24877.616688912887184 ], [ 1581401.502905492903665, -24877.330028552154545 ], [ 1581401.259893550071865, -24846.786040218950802 ], [ 1581250.769572418415919, -24846.308307370432885 ], [ 1581251.012502370402217, -24876.852216508003039 ], [ 1581190.81639422243461, -24876.66107599510724 ], [ 1581191.059301160275936, -24907.205007096294139 ], [ 1581130.863190557109192, -24907.013825934736815 ], [ 1581131.106074477313086, -24937.557778988211794 ], [ 1581101.008014150895178, -24937.462169189180713 ], [ 1581102.465424646157771, -25120.726918721578841 ], [ 1581132.563583358889446, -25120.822623529875273 ], [ 1581133.292469842592254, -25212.455769912488904 ], [ 1581163.39068534062244, -25212.551520004064514 ], [ 1581163.876691368175671, -25273.640584136122925 ], [ 1581193.974947254406288, -25273.736363669722778 ], [ 1581194.217981343157589, -25304.280992046533356 ], [ 1581164.119709055637941, -25304.185196669561265 ], [ 1581164.362736521055922, -25334.729862840616988 ], [ 1581074.067915983730927, -25334.442415772111417 ], [ 1581074.310904030455276, -25364.987088066955039 ], [ 1581014.114362142980099, -25364.795413820527756 ], [ 1581014.35732717323117, -25395.340108094565949 ], [ 1580924.062522039050236, -25395.052532399011398 ], [ 1580924.305447647580877, -25425.597232800373604 ], [ 1580864.108916026772931, -25425.405472808954073 ], [ 1580864.351818616734818, -25455.950195173223619 ], [ 1580804.155284538632259, -25455.758394536685955 ], [ 1580804.398164110956714, -25486.303138883693464 ], [ 1580774.299892054172233, -25486.207219379037269 ], [ 1580774.785647733369842, -25547.296837325357046 ], [ 1580744.687350463820621, -25547.200883905512455 ], [ 1580745.173112464370206, -25608.290684781426535 ], [ 1580715.074789979029447, -25608.194697442850156 ], [ 1580716.289284135680646, -25760.920059380743623 ], [ 1580565.797375497873873, -25760.439693198844907 ], [ 1580565.554539101663977, -25729.894592668348196 ], [ 1580505.357861556112766, -25729.702462219251174 ], [ 1580505.11506774276495, -25699.157447026580485 ], [ 1580444.918453323422, -25698.965339260546898 ], [ 1580444.675702085485682, -25668.420409388709231 ], [ 1580384.479150805389509, -25668.228324339725077 ], [ 1580384.236442144494504, -25637.68347979579994 ], [ 1580324.039953995496035, -25637.491417453245958 ], [ 1580323.797287911409512, -25606.946658236523945 ], [ 1580263.60086288722232, -25606.75461858907147 ], [ 1580263.358239371329546, -25576.209944679019827 ], [ 1580173.063707896741107, -25575.921915892959078 ], [ 1580172.821143347071484, -25545.377343125161133 ], [ 1580052.428606435656548, -25544.993336657094915 ], [ 1580052.186117248609662, -25514.448880877054762 ], [ 1579901.695698631927371, -25513.968901420372276 ], [ 1579901.453301192261279, -25483.424578433219722 ], [ 1579750.963154029101133, -25482.944621997372451 ], [ 1579750.720848333789036, -25452.400431797446799 ], [ 1579479.839208328630775, -25451.536511046229862 ], [ 1579480.081366483587772, -25482.08055877969673 ], [ 1579329.591749659506604, -25481.600444933326798 ], [ 1579329.833835633005947, -25512.144467195172183 ], [ 1579239.540107259294018, -25511.85632441668713 ], [ 1579239.782153831562027, -25542.400352854008815 ], [ 1579179.586339998757467, -25542.208214757265523 ], [ 1579179.828363562002778, -25572.752265192902996 ], [ 1579119.63254724140279, -25572.560086444664194 ], [ 1579119.87454779446125, -25603.104158885696961 ], [ 1579059.67872898443602, -25602.911939485260518 ], [ 1579059.920706527773291, -25633.456033926733653 ], [ 1579029.822792089777067, -25633.359905021006853 ], [ 1579030.064763009781018, -25663.904037286465609 ], [ 1578969.868924079695717, -25663.711741098693892 ], [ 1578970.110871983459219, -25694.25589535326435 ], [ 1578940.012947485549375, -25694.15972805493584 ], [ 1578940.254888771800324, -25724.703920147650933 ], [ 1578880.059029715135694, -25724.511547161222552 ], [ 1578880.300947991432622, -25755.055761262876331 ], [ 1578820.105086440453306, -25754.8633476185787 ], [ 1578820.346981707494706, -25785.407583736960078 ], [ 1578730.053196994122118, -25785.118898905297101 ], [ 1578730.295052862958983, -25815.663141218981764 ], [ 1578640.001287127379328, -25815.374388671654742 ], [ 1578640.243103593587875, -25845.918637177805067 ], [ 1578580.047264841618016, -25845.726092557644733 ], [ 1578579.80548115610145, -25815.181875708502048 ], [ 1578519.609705460257828, -25814.989353721124644 ], [ 1578519.367964315228164, -25784.4452221517422 ], [ 1578459.172251676442102, -25784.252722792902205 ], [ 1578458.930553072597831, -25753.708676503280003 ], [ 1578428.832724491832778, -25753.612439257307415 ], [ 1578428.349389364942908, -25692.524539292549889 ], [ 1578398.2516011337284, -25692.428331443989009 ], [ 1578397.526720843743533, -25600.796931310200307 ], [ 1578367.428989343810827, -25600.700768663478812 ], [ 1578367.187398498179391, -25570.157091729004605 ], [ 1578366.945817424217239, -25539.613468461891898 ], [ 1578336.84812625660561, -25539.517335175762128 ], [ 1578336.606571326032281, -25508.973781347867771 ], [ 1578306.508904106216505, -25508.877661610113137 ], [ 1578306.2673753304407, -25478.334177258257114 ], [ 1578215.974468227941543, -25478.045851965845941 ], [ 1578216.215947847580537, -25508.58928887325601 ], [ 1578156.02068150206469, -25508.397029086161638 ], [ 1578156.262138116871938, -25538.940487998970639 ], [ 1577975.676422319607809, -25538.363559512112261 ], [ 1577975.435064010554925, -25507.820195490316109 ], [ 1577885.142357375007123, -25507.531748186069308 ], [ 1577884.901057973038405, -25476.988485232177482 ], [ 1577854.803520596353337, -25476.892347404904285 ], [ 1577855.044803617754951, -25507.435594550119276 ], [ 1577764.752187729347497, -25507.147120102392364 ], [ 1577764.993431360693648, -25537.690373442910641 ], [ 1577704.79835914960131, -25537.498014218705066 ], [ 1577704.557148277526721, -25506.954792489170359 ], [ 1577644.362139076460153, -25506.762455841097108 ], [ 1577644.120970728108659, -25476.219319376450585 ], [ 1577614.023493848973885, -25476.123163466741971 ], [ 1577612.335703398101032, -25262.322820880606741 ], [ 1577642.433065615594387, -25262.418866124615306 ], [ 1577641.950894856126979, -25201.333505082329793 ], [ 1577672.04823187366128, -25201.429516433807294 ], [ 1577670.84289387287572, -25048.716973341466655 ], [ 1577640.745638753287494, -25048.621041043290461 ], [ 1577640.504616813268512, -25018.0787091358834 ], [ 1577610.407385628437623, -25017.98279037687098 ], [ 1577610.166389823425561, -24987.44052789593843 ], [ 1577580.069182575214654, -24987.344622683176567 ], [ 1577579.828212907537818, -24956.802429643583309 ], [ 1577549.731029589660466, -24956.706537955826207 ], [ 1577549.490086060483009, -24926.164414361115632 ], [ 1577489.295774854719639, -24925.972655812129233 ], [ 1577489.054873836226761, -24895.430617453985178 ], [ 1577458.957745948107913, -24895.334750604084547 ], [ 1577458.716871062526479, -24864.792781668871612 ], [ 1577398.522670698817819, -24864.601072733996261 ], [ 1577398.281838324386626, -24834.05918904738428 ], [ 1577368.184765856014565, -24833.963347002769297 ], [ 1577367.943959617288783, -24803.42153274759039 ], [ 1577307.749870084924623, -24803.229873429652798 ], [ 1577307.509106347570196, -24772.688144393334369 ], [ 1577277.412089291261509, -24772.592327140551788 ], [ 1577277.171351686585695, -24742.050667539198912 ], [ 1577216.977372982073575, -24741.859057833960833 ], [ 1577216.736677882261574, -24711.317483461385564 ], [ 1577156.542762131430209, -24711.125896257930435 ], [ 1577156.302109537413344, -24680.584407126876613 ], [ 1577096.108256741659716, -24680.392842434412159 ], [ 1577095.867646652739495, -24649.851438537090871 ], [ 1576794.898999460507184, -24648.89363667440557 ], [ 1576795.139445830369368, -24679.434882544432185 ], [ 1576644.655323476297781, -24678.95581724710064 ], [ 1576614.558521647239104, -24678.859997345964075 ], [ 1576614.798879548208788, -24709.40120203765764 ], [ 1576554.605265790829435, -24709.209523805959179 ], [ 1576554.845600704429671, -24739.750750517214328 ], [ 1576464.555187572957948, -24739.463168707792647 ], [ 1576464.795483122579753, -24770.004401628510095 ], [ 1576224.021249189041555, -24769.237290149550972 ], [ 1576223.781084592221305, -24738.696183612573805 ], [ 1576193.684355676406994, -24738.600300225345563 ], [ 1576193.444217197131366, -24708.059263103506964 ], [ 1576163.347512196516618, -24707.963393237037963 ], [ 1576163.107399844331667, -24677.422425555832888 ], [ 1576133.010718746110797, -24677.326569183918764 ], [ 1576132.770632504485548, -24646.785670890239999 ], [ 1576102.673975322628394, -24646.689828048289201 ], [ 1576102.433915201108903, -24616.148999183205888 ], [ 1576072.337281932123005, -24616.053169858470937 ], [ 1576072.0972479225602, -24585.512410391533194 ], [ 1576042.000638559926301, -24585.416594573391194 ], [ 1576041.520632520318031, -24524.335268083352275 ], [ 1576011.424063428072259, -24524.239481554988743 ], [ 1576011.184091400820762, -24493.698914532589697 ], [ 1575981.08754622284323, -24493.60314153631407 ], [ 1575980.847600301029161, -24463.062643902147101 ], [ 1575920.654565301490948, -24462.871122650441976 ], [ 1575920.414661860326305, -24432.330710219561297 ], [ 1575860.221689750207588, -24432.139211408033589 ], [ 1575859.981828782940283, -24401.598884166982316 ], [ 1575829.885370403295383, -24401.503147131639707 ], [ 1575829.405710436403751, -24340.422685054421891 ], [ 1575799.309292325749993, -24340.326977324439213 ], [ 1575798.829704074887559, -24279.24676127060593 ], [ 1575768.733326226007193, -24279.151082824737387 ], [ 1575768.493563080905005, -24248.611070993887552 ], [ 1575738.397209137678146, -24248.515406066653668 ], [ 1575737.917744809994474, -24187.435574797800655 ], [ 1575677.725124981021509, -24187.244301228591212 ], [ 1575677.485440159449354, -24156.704497583687044 ], [ 1575557.100356397684664, -24156.321986162616668 ], [ 1575556.860746764577925, -24125.782299268954375 ], [ 1575496.66828282456845, -24125.591061402221385 ], [ 1575496.428715655114502, -24095.051459690599586 ], [ 1575466.332511348184198, -24094.955853109244345 ], [ 1575466.092970287892967, -24064.416320803560666 ], [ 1575405.90061699715443, -24064.225132344166923 ], [ 1575405.661118395393714, -24033.68568519503242 ], [ 1575345.468827965203673, -24033.494519156694878 ], [ 1575345.229371820576489, -24002.955157176147623 ], [ 1575254.941041756654158, -24002.668438292505016 ], [ 1575254.701644430868328, -23972.12917727364038 ], [ 1575194.509494767291471, -23971.938051452016225 ], [ 1575194.27013990143314, -23941.398875608818344 ], [ 1574953.501973366364837, -23940.634406824530743 ], [ 1574953.262759095290676, -23910.095410858946707 ], [ 1574983.358737200964242, -23910.190961719406914 ], [ 1574982.162730161566287, -23757.496706823974819 ], [ 1575012.258634008234367, -23757.592176428184757 ], [ 1575011.780266652116552, -23696.514818008970906 ], [ 1575041.876145327696577, -23696.610253775175806 ], [ 1575041.636959895724431, -23666.071639135428995 ], [ 1575101.828707112930715, -23666.262472176804295 ], [ 1575101.589498718036339, -23635.723879571487487 ], [ 1575161.781243341276422, -23635.914671846658166 ], [ 1575160.824376295087859, -23513.76071092501661 ], [ 1575190.920194481965154, -23513.856040476734051 ], [ 1575190.680985710350797, -23483.317668404768483 ], [ 1575160.585183882387355, -23483.222354648984037 ], [ 1575160.106828265124932, -23422.145802805134736 ], [ 1575190.202597383409739, -23422.241084984638292 ], [ 1575189.963417834136635, -23391.702873659131001 ], [ 1575220.059178126044571, -23391.798137752655748 ], [ 1575219.819991956464946, -23361.259964201566618 ], [ 1575249.91574342828244, -23361.355210224697657 ], [ 1575248.241598438238725, -23147.589384887869528 ], [ 1575218.145961449015886, -23147.494249385279545 ], [ 1575216.950517501216382, -22994.806060108410747 ], [ 1575186.854969802778214, -22994.711001233823481 ], [ 1575186.376893087523058, -22933.636132037994685 ], [ 1575156.281385617796332, -22933.541102429822786 ], [ 1575155.564392633968964, -22841.929247715113888 ], [ 1575125.468941741157323, -22841.834263147331512 ], [ 1575124.274229909526184, -22689.148988697441382 ], [ 1575154.369599047349766, -22689.243894329469185 ], [ 1575153.65283972537145, -22597.633324947695655 ], [ 1575183.748167334357277, -22597.728180914629775 ], [ 1575183.509250684408471, -22567.191415780398529 ], [ 1575213.604569473071024, -22567.286253667731216 ], [ 1575213.365646204678342, -22536.749526285966567 ], [ 1575273.556273652473465, -22536.939163570303208 ], [ 1575273.317327422555536, -22506.402458171982289 ], [ 1575303.412636084714904, -22506.497257576778793 ], [ 1575303.17368323658593, -22475.960589926678949 ], [ 1575333.268983069807291, -22476.055371227088472 ], [ 1575332.552133901277557, -22384.445642233902618 ], [ 1575362.647392213111743, -22384.540373877007369 ], [ 1575362.408445615088567, -22354.003888858380378 ], [ 1575392.503695098916069, -22354.09860240488706 ], [ 1575392.264741881750524, -22323.562155125979189 ], [ 1575422.359982543392107, -22323.656850585801294 ], [ 1575422.121022715000436, -22293.120441072813264 ], [ 1575452.216254554688931, -22293.215118445241387 ], [ 1575451.977288109017536, -22262.678746676934679 ], [ 1575482.072511119302362, -22262.773405944972183 ], [ 1575481.833538066595793, -22232.237071948253288 ], [ 1575542.023973960895091, -22232.426351989051909 ], [ 1575541.784977939911187, -22201.890039941787109 ], [ 1575632.070639176294208, -22202.1738953701024 ], [ 1575631.831603846047074, -22171.637589504684001 ], [ 1575692.022049598861486, -22171.826783357209933 ], [ 1575691.782991302898154, -22141.290499452574295 ], [ 1575751.973434458719566, -22141.479652501366218 ], [ 1575752.212525447597727, -22172.015967961040587 ], [ 1575812.403031409252435, -22172.205143367162236 ], [ 1575812.642164839664474, -22202.741543952226493 ], [ 1575842.737445455975831, -22202.836143972956052 ], [ 1575842.976604982512072, -22233.372613908722997 ], [ 1575903.167221505427733, -22233.561838634377636 ], [ 1575903.406423470936716, -22264.098393680666049 ], [ 1575963.59710281691514, -22264.287640791266313 ], [ 1575963.836347221396863, -22294.824280953744164 ], [ 1576024.027089385082945, -22295.013550434417994 ], [ 1576024.266376233892515, -22325.550275713787414 ], [ 1576054.361774964490905, -22325.644922798699554 ], [ 1576055.797798730898649, -22508.866493760513549 ], [ 1576085.893303113989532, -22508.961233287776849 ], [ 1576086.611495561664924, -22600.572789053840097 ], [ 1576116.707056536106393, -22600.667573656191962 ], [ 1576116.946489856345579, -22631.204881810179359 ], [ 1576147.042074718046933, -22631.299679902836942 ], [ 1576147.521003294736147, -22692.374488460613065 ], [ 1576177.616628405638039, -22692.469315859339986 ], [ 1576178.095628655981272, -22753.544370210362104 ], [ 1576208.191294010030106, -22753.639226891078579 ], [ 1576208.430825108196586, -22784.17685020317731 ], [ 1576389.005073578096926, -22784.746036817734421 ], [ 1576389.244712558574975, -22815.283808446030889 ], [ 1576479.53198759467341, -22815.56841817096938 ], [ 1576479.771685398882255, -22846.106290752453788 ], [ 1576539.9632724809926, -22846.296050678847678 ], [ 1576540.203012748621404, -22876.834008426085347 ], [ 1576570.298833957873285, -22876.928900751918263 ], [ 1576570.538600326515734, -22907.4669278456131 ], [ 1576630.730298065580428, -22907.656737198463816 ], [ 1576630.970106902299449, -22938.194849450832407 ], [ 1576661.065983436303213, -22938.289766482812411 ], [ 1576661.305818380089477, -22968.827948107122211 ], [ 1576721.497626795200631, -22969.017806911218941 ], [ 1576721.737504202174023, -22999.556073680752888 ], [ 1576842.121276939520612, -22999.935826995668322 ], [ 1576841.881334082689136, -22969.397497019748698 ], [ 1576871.97727975808084, -22969.492413833628234 ], [ 1576871.737330292118713, -22938.954121633549221 ], [ 1576901.833267142064869, -22939.049020351536456 ], [ 1576901.593311054399237, -22908.510765891885967 ], [ 1576961.78517464757897, -22908.700524845327891 ], [ 1576962.025163458427414, -22939.238810895429197 ], [ 1576992.121122929034755, -22939.333702739742876 ], [ 1576992.601162512321025, -23000.410467123732815 ], [ 1577022.69716224540025, -23000.505388271987613 ], [ 1577022.937213027151302, -23031.043866627835087 ], [ 1577083.129267850425094, -23031.233733681478043 ], [ 1577083.369361101649702, -23061.772297188206721 ], [ 1577113.465416192309931, -23061.867243092176068 ], [ 1577113.705535552930087, -23092.405875968728651 ], [ 1577143.801614546217024, -23092.500835377170006 ], [ 1577144.041760026011616, -23123.039537639830087 ], [ 1577174.137862930307165, -23123.134510569736449 ], [ 1577174.378034518798813, -23153.673282188763551 ], [ 1577294.762587021570653, -23154.053214252555335 ], [ 1577294.52234996878542, -23123.514379411561094 ], [ 1577445.003128523239866, -23123.989164072369022 ], [ 1577444.762819388881326, -23093.45030376329305 ], [ 1577504.955150895752013, -23093.640170021011727 ], [ 1577504.714818787295371, -23063.101331692552776 ], [ 1577564.907147741410881, -23063.291157204599585 ], [ 1577564.666792653268203, -23032.752340836213989 ], [ 1577624.859119055094197, -23032.942125585595932 ], [ 1577624.618740988895297, -23002.403331186495052 ], [ 1577684.81106484355405, -23002.593075186665374 ], [ 1577684.570663790917024, -22972.054302725686284 ], [ 1577744.76298510376364, -22972.244005997887143 ], [ 1577744.522561064222828, -22941.705255473618308 ], [ 1577834.811050538904965, -22941.989745842154662 ], [ 1577834.570587151451036, -22911.45100146007826 ], [ 1577894.762918470660225, -22911.640618677130988 ], [ 1577894.522432108409703, -22881.101896264339302 ], [ 1577954.714760877890512, -22881.29147271731199 ], [ 1577954.474251535953954, -22850.752772257510514 ], [ 1578014.666577761527151, -22850.942307955607248 ], [ 1578014.426045433385298, -22820.403629428270506 ], [ 1578044.522203498752788, -22820.49837804560957 ], [ 1578044.281664564507082, -22789.959737289857003 ], [ 1578074.377813811181113, -22790.054467815556563 ], [ 1578073.656206408981234, -22698.438819440274528 ], [ 1578043.560106257442385, -22698.344136328571039 ], [ 1578043.079116157256067, -22637.267336825592793 ], [ 1578073.175183570478112, -22637.361988305070554 ], [ 1578072.934686779975891, -22606.823653076353366 ], [ 1578103.03074537566863, -22606.918286464897392 ], [ 1578102.54974832595326, -22545.841745062920381 ], [ 1578132.645781733095646, -22545.93634454901985 ], [ 1578132.164790963521227, -22484.859985744526057 ], [ 1578102.068790284218267, -22484.765417867285578 ], [ 1578101.347426380496472, -22393.151328746658692 ], [ 1578071.251482347026467, -22393.056806016022165 ], [ 1578070.770654568914324, -22331.981045967757382 ], [ 1578040.674750811653212, -22331.886552566556929 ], [ 1578040.434367911424488, -22301.348768657415349 ], [ 1578010.338488070759922, -22301.254288797506888 ], [ 1578009.857784263323992, -22240.178913263724098 ], [ 1577979.761944690486416, -22240.084462716960843 ], [ 1577979.521623773733154, -22209.546871065413143 ], [ 1577949.425808114698157, -22209.452434050737793 ], [ 1577949.185513313626871, -22178.914911753436172 ], [ 1577919.089721557684243, -22178.820488254561496 ], [ 1577918.609193939948454, -22117.745635909755947 ], [ 1577888.513442454859614, -22117.651241734649375 ], [ 1577888.273209633072838, -22087.113911680069577 ], [ 1577858.177482056198642, -22087.019531025722245 ], [ 1577857.697078384691849, -22025.945063145121821 ], [ 1577797.505711304489523, -22025.756358184709825 ], [ 1577797.265556821599603, -21995.219236178698338 ], [ 1577767.169900955399498, -21995.12489607174939 ], [ 1577766.929772578645498, -21964.58784339165868 ], [ 1577736.834140615537763, -21964.493516795551841 ], [ 1577736.594038350973278, -21933.956533467578993 ], [ 1577706.498430287465453, -21933.862220378774509 ], [ 1577706.258354130899534, -21903.32530638451135 ], [ 1577676.162769975606352, -21903.231006829915714 ], [ 1577675.922719926806167, -21872.694162171486823 ], [ 1577645.827159662730992, -21872.599876102951384 ], [ 1577645.587135719833896, -21842.063100781058893 ], [ 1577615.491599361179397, -21841.9688282403622 ], [ 1577615.251601531170309, -21811.43212226776086 ], [ 1577585.156089064432308, -21811.337863225158799 ], [ 1577584.676155365537852, -21750.264643478069047 ], [ 1577554.580683163134381, -21750.170413764193654 ], [ 1577553.860904782311991, -21658.561033000947646 ], [ 1577523.765489188022912, -21658.466848385527555 ], [ 1577523.045847602654248, -21566.857996780676331 ], [ 1577492.950488620670512, -21566.763857282126992 ], [ 1577492.230983819114044, -21475.155534799552697 ], [ 1577462.135681443614885, -21475.061440405836038 ], [ 1577460.936783461598679, -21322.382052330656734 ], [ 1577491.032004056498408, -21322.476067706480535 ], [ 1577490.792237339075655, -21291.940334841714503 ], [ 1577520.887449112953618, -21292.034332116691075 ], [ 1577520.407912202645093, -21230.962995325069642 ], [ 1577460.217561611905694, -21230.77506168862601 ], [ 1577459.97784048365429, -21200.239505168683536 ], [ 1577429.882692843908444, -21200.145550699286105 ], [ 1577429.642997816437855, -21169.610063498890668 ], [ 1577339.357649166835472, -21169.328233695734525 ], [ 1577339.118012946797535, -21138.792847411703406 ], [ 1577309.022928152699023, -21138.698915347078582 ], [ 1577309.262548017781228, -21169.2342858280972 ], [ 1577188.882218756712973, -21168.858471352999914 ], [ 1577188.642664302140474, -21138.323164062789147 ], [ 1576917.787511241389439, -21137.477588966390613 ], [ 1576917.548113693483174, -21106.942477357511962 ], [ 1576706.883530783699825, -21106.284789360212017 ], [ 1576706.644257429754362, -21075.749841841512534 ], [ 1576676.549363480415195, -21075.65589299313433 ], [ 1576676.310116215376183, -21045.121014774864307 ], [ 1576646.215246135601774, -21045.027079400508228 ], [ 1576645.736813527066261, -20983.957515080644953 ], [ 1576615.641983674606308, -20983.863608988278429 ], [ 1576614.924456840846688, -20892.259711168670037 ], [ 1576584.829683562042192, -20892.165850157056411 ], [ 1576584.590543776284903, -20861.631340351428662 ], [ 1576554.495794362854213, -20861.537492801802728 ], [ 1576554.017576697282493, -20800.468665271113423 ], [ 1576523.922867510700598, -20800.37484702330039 ], [ 1576522.488546285545453, -20617.169743127073161 ], [ 1576552.583157391753048, -20617.263466617707309 ], [ 1576551.866079187951982, -20525.661589463612472 ], [ 1576521.771517115877941, -20525.567913343777036 ], [ 1576521.293546349043027, -20464.500294267349091 ], [ 1576491.199024497065693, -20464.406647436586354 ], [ 1576490.482190401293337, -20372.805667364220426 ], [ 1576460.387725103646517, -20372.712065595802414 ], [ 1576459.671027653152123, -20281.111614256253233 ], [ 1576429.576618908438832, -20281.018057547342323 ], [ 1576428.860058107180521, -20189.418134934945556 ], [ 1576398.765705910976976, -20189.324623279175285 ], [ 1576398.288080067140982, -20128.258307186872116 ], [ 1576368.193768071243539, -20128.164824782645155 ], [ 1576367.954986097756773, -20097.63176276084414 ], [ 1576337.860697967233136, -20097.538293841964332 ], [ 1576337.383195892907679, -20036.472361778378399 ], [ 1576307.288947965716943, -20036.378922120955394 ], [ 1576307.050227869302034, -20005.846052089080331 ], [ 1576276.956003803526983, -20005.752625913468364 ], [ 1576276.478625489398837, -19944.687077843896986 ], [ 1576246.384441616246477, -19944.59368090778662 ], [ 1576246.145783404819667, -19914.061002888502117 ], [ 1576216.051623391453177, -19913.967619432078209 ], [ 1576215.812991249142215, -19883.435010666482412 ], [ 1576185.718855088576674, -19883.341640657879907 ], [ 1576185.003066076664254, -19791.744182560596528 ], [ 1576154.908986454131082, -19791.650857609380182 ], [ 1576153.954802685417235, -19669.521725130336563 ], [ 1576123.860795938642696, -19669.428461026775039 ], [ 1576123.38379511795938, -19608.364247152938333 ], [ 1576153.477769190212712, -19608.457479688717285 ], [ 1576153.239267033757642, -19577.92543713719715 ], [ 1576183.33323228941299, -19578.018651570710063 ], [ 1576183.094723531743512, -19547.48664671430015 ], [ 1576213.188679955201223, -19547.579843017934763 ], [ 1576212.950164589798078, -19517.047875833974103 ], [ 1576243.044112200615928, -19517.141054041010648 ], [ 1576242.805590228410438, -19486.609124526668893 ], [ 1576302.993475310737267, -19486.795442381728208 ], [ 1576302.754930395400152, -19456.263534750280087 ], [ 1576332.848867873894051, -19456.356674405386002 ], [ 1576332.610316350357607, -19425.824804441428569 ], [ 1576452.986076065339148, -19426.197276679555216 ], [ 1576453.224692943040282, -19456.729209807410371 ], [ 1576573.600638279225677, -19457.101708060283272 ], [ 1576573.361956047127023, -19426.569711773488962 ], [ 1576603.455944837071002, -19426.662814747505763 ], [ 1576603.21725599700585, -19396.130856120413227 ], [ 1576633.311235959874466, -19396.223940966672671 ], [ 1576633.072540517663583, -19365.69202001557278 ], [ 1576663.166511660441756, -19365.785086755320663 ], [ 1576661.495801680488512, -19152.063026193962287 ], [ 1576631.401944901095703, -19151.970069974748185 ], [ 1576629.970385350752622, -18968.781911607093207 ], [ 1576660.064144101226702, -18968.874773067007482 ], [ 1576659.109900346957147, -18846.750339861642715 ], [ 1576689.203601266257465, -18846.843135826537036 ], [ 1576688.726505101425573, -18785.781208281186991 ], [ 1576718.820180864073336, -18785.873970345764974 ], [ 1576718.581631041830406, -18755.343070932638511 ], [ 1576748.675297985784709, -18755.435814886455773 ], [ 1576748.198194864438847, -18694.374144800556678 ], [ 1576778.291836648713797, -18694.466854839891312 ], [ 1576777.814739775611088, -18633.405366901817615 ], [ 1576807.908356402302161, -18633.498043028797838 ], [ 1576807.431265788618475, -18572.43673726050838 ], [ 1576837.524857257725671, -18572.529379473002336 ], [ 1576837.286310209427029, -18541.998790939560422 ], [ 1576867.37989285774529, -18542.091415043418237 ], [ 1576867.14133920497261, -18511.560864138522447 ], [ 1576957.422083232551813, -18511.838675097558735 ], [ 1576957.183490307535976, -18481.308130263336352 ], [ 1577017.370657897787169, -18481.493294363226596 ], [ 1577017.132042035227641, -18450.96277137436482 ], [ 1577107.412800775840878, -18451.240452685960918 ], [ 1577107.174145630095154, -18420.70993573024316 ], [ 1577167.361323033925146, -18420.895013398268929 ], [ 1577167.122644950635731, -18390.364518290745764 ], [ 1577257.403418416855857, -18390.642069961981178 ], [ 1577257.642145507503301, -18421.172612443842809 ], [ 1577287.73576803971082, -18421.265140831030294 ], [ 1577287.974521205294877, -18451.795752551006444 ], [ 1577348.161821485031396, -18451.980833908313798 ], [ 1577348.40061706234701, -18482.511530652420333 ], [ 1577408.5879800922703, -18482.696634314655967 ], [ 1577408.349151840666309, -18452.165905983642006 ], [ 1577438.442828296450898, -18452.258438543041848 ], [ 1577438.203993440140039, -18421.727747833494504 ], [ 1577468.297661075368524, -18421.820262269389787 ], [ 1577467.819987885653973, -18360.75900954177996 ], [ 1577497.913630367256701, -18360.851490067441773 ], [ 1577497.435963442083448, -18299.790419467128231 ], [ 1577527.529580764938146, -18299.882866071937315 ], [ 1577526.813104369211942, -18208.291613460885856 ], [ 1577496.719536062795669, -18208.199214253079845 ], [ 1577496.241966476431116, -18147.138677880557225 ], [ 1577526.335502108093351, -18147.23104549083655 ], [ 1577526.57429837458767, -18177.761302777784294 ], [ 1577707.135768073378131, -18178.315554416687519 ], [ 1577706.896873785415664, -18147.785202365481382 ], [ 1577736.990462050773203, -18147.877553718139097 ], [ 1577736.751561152748764, -18117.347239271402941 ], [ 1577766.845140597317368, -18117.439572496303299 ], [ 1577766.606233099941164, -18086.90929567528292 ], [ 1577796.69980372255668, -18087.001610777384485 ], [ 1577796.221985259326175, -18025.941185804171255 ], [ 1577826.315530728083104, -18026.033466988956206 ], [ 1577826.076619762927294, -17995.503318834638776 ], [ 1577856.170156408566982, -17995.595581883881096 ], [ 1577855.692331004654989, -17934.53541421574846 ], [ 1577885.785842493874952, -17934.627643342719239 ], [ 1577885.546928058378398, -17904.097623839526932 ], [ 1577945.733940918929875, -17904.282043521710875 ], [ 1577945.495003543328494, -17873.752045833429293 ], [ 1578035.775530226761475, -17874.028610559544177 ], [ 1578035.53655357263051, -17843.498618881745642 ], [ 1578095.723576286109164, -17843.68295214835598 ], [ 1578095.48457668395713, -17813.15298226210507 ], [ 1578065.391077905194834, -17813.060832587809273 ], [ 1578064.913140589371324, -17752.001084660067136 ], [ 1578034.819682009285316, -17751.908964272013691 ], [ 1578034.580744290957227, -17721.379186217778624 ], [ 1578004.487309563905001, -17721.287079293830175 ], [ 1578004.009496007347479, -17660.227715008881205 ], [ 1577973.916101476876065, -17660.135637370465702 ], [ 1577973.677225640509278, -17629.606051146121899 ], [ 1577943.583854960277677, -17629.513986968271638 ], [ 1577943.106165166711435, -17568.455006339569081 ], [ 1577913.012834678404033, -17568.362971435919462 ], [ 1577912.296421990729868, -17476.774948380843853 ], [ 1577882.203148027183488, -17476.682958550158219 ], [ 1577881.486871946370229, -17385.095463494293654 ], [ 1577911.580096899997443, -17385.18740591239839 ], [ 1577910.62513305596076, -17263.071430215681175 ], [ 1577880.531973431352526, -17262.979550968553667 ], [ 1577880.293273132992908, -17232.450706319537858 ], [ 1577850.20013736281544, -17232.358840552806214 ], [ 1577849.961463132873178, -17201.830065102250956 ], [ 1577819.868351208046079, -17201.738212801043119 ], [ 1577819.629703046521172, -17171.209506541861629 ], [ 1577789.53661497309804, -17171.117667716091091 ], [ 1577789.297992874402553, -17140.58903064333208 ], [ 1577759.204928644234315, -17140.497205273171858 ], [ 1577758.966332608135417, -17109.96863738400134 ], [ 1577728.87329222378321, -17109.876825477946113 ], [ 1577728.6347222533077, -17079.348326780153002 ], [ 1577698.541705717332661, -17079.2565283481199 ], [ 1577698.064627628074959, -17018.199722698158439 ], [ 1577667.971651268424466, -17018.10795352758214 ], [ 1577667.494644759455696, -16957.05139299745133 ], [ 1577637.401708578458056, -16956.959653096822876 ], [ 1577636.686320789158344, -16865.375260087996139 ], [ 1577606.593441102653742, -16865.283565219266166 ], [ 1577606.116597215645015, -16804.227601701983076 ], [ 1577666.302298768656328, -16804.41092589769687 ], [ 1577666.063858762849122, -16773.882992628678039 ], [ 1577696.156704478198662, -16773.97463543534468 ], [ 1577695.918257869780064, -16743.446739738930773 ], [ 1577756.103939172811806, -16743.62998675784911 ], [ 1577755.865469634765759, -16713.102112845899683 ], [ 1577785.958305223379284, -16713.193717051068234 ], [ 1577785.719829083187506, -16682.665880718097469 ], [ 1577815.812655851710588, -16682.7574667955123 ], [ 1577815.574173114029691, -16652.229668045769358 ], [ 1577785.481362669263035, -16652.13809775649861 ], [ 1577784.527594331186265, -16530.027499686111696 ], [ 1577754.434856719104573, -16529.935990257949015 ], [ 1577753.958063579630107, -16468.88104303009095 ], [ 1577784.050768534652889, -16468.97252086781009 ], [ 1577783.573981660418212, -16407.917755547732668 ], [ 1577813.666661464609206, -16408.009199453972542 ], [ 1577813.428266293369234, -16377.481881047269781 ], [ 1577873.613615777576342, -16377.664730252588924 ], [ 1577873.375197679037228, -16347.137433631763997 ], [ 1577903.467867358354852, -16347.228838927303514 ], [ 1577903.229442659299821, -16316.701579862090512 ], [ 1577993.507447782205418, -16316.975734379169808 ], [ 1577993.268983826041222, -16286.448481288327457 ], [ 1578053.454325468977913, -16286.63120768376757 ], [ 1578053.215838580857962, -16256.10397635047957 ], [ 1578113.401177613064647, -16256.286661815431216 ], [ 1578113.162667802302167, -16225.759452260941543 ], [ 1578173.348004219122231, -16225.94209677132676 ], [ 1578173.109471476171166, -16195.414908975102662 ], [ 1578233.294805285986513, -16195.597512560663745 ], [ 1578233.05624961736612, -16165.070346532615076 ], [ 1578293.241580814821646, -16165.252909174940214 ], [ 1578293.003002218203619, -16134.725764912236627 ], [ 1578353.188330802833661, -16134.908286597164988 ], [ 1578352.949729275656864, -16104.381164087060824 ], [ 1578383.042388510424644, -16104.472405640104625 ], [ 1578382.803780382033437, -16073.945320684195394 ], [ 1578352.711137483362108, -16073.854094955406254 ], [ 1578352.472555411979556, -16043.32707914272396 ], [ 1578322.379936351440847, -16043.235866868837547 ], [ 1578321.902834069216624, -15982.18202694802676 ], [ 1578291.8102551845368, -15982.090843949048576 ], [ 1578291.571734965313226, -15951.564019811889011 ], [ 1578261.479179909452796, -15951.472850246569578 ], [ 1578261.240685757715255, -15920.946095288749348 ], [ 1578231.148154542315751, -15920.854939193202881 ], [ 1578230.909686442697421, -15890.328253369401864 ], [ 1578170.724679210456088, -15890.145965778947357 ], [ 1578170.247837508330122, -15829.092817386694151 ], [ 1578140.155377809656784, -15829.001701674264041 ], [ 1578139.916987881995738, -15798.475223307756096 ], [ 1578109.824552019126713, -15798.384121055893047 ], [ 1578109.347834000829607, -15737.331355962287489 ], [ 1578079.255438300315291, -15737.240282965505685 ], [ 1578078.540483213262632, -15645.66158282043034 ], [ 1578048.448143998393789, -15645.570554875370362 ], [ 1578046.780370201449841, -15431.888898798393711 ], [ 1578016.688152765855193, -15431.797979085240513 ], [ 1578015.735418461728841, -15309.695412276236311 ], [ 1577985.643273820634931, -15309.604553388075146 ], [ 1577985.166997673222795, -15248.55362158697244 ], [ 1577955.074893190991133, -15248.462791969473983 ], [ 1577954.598688582889736, -15187.412105065144715 ], [ 1577924.506624254630879, -15187.321304706974843 ], [ 1577924.268552858615294, -15156.796057042296525 ], [ 1577864.084479342214763, -15156.61448083029245 ], [ 1577863.846450319280848, -15126.089318097689102 ], [ 1577743.47845860524103, -15125.726200682909621 ], [ 1577743.240504594286904, -15095.201154466456501 ], [ 1577713.148541745264083, -15095.110385047973978 ], [ 1577712.910613769898191, -15064.585407926595508 ], [ 1577682.818674736190587, -15064.494651931858243 ], [ 1577682.104998125927523, -14972.920087950054949 ], [ 1577652.013115558540449, -14972.829377002082765 ], [ 1577651.775259121553972, -14942.304644787391226 ], [ 1577621.683400371111929, -14942.213947275909959 ], [ 1577621.207749289926142, -14881.164674356348769 ], [ 1577591.11593068134971, -14881.074006095701407 ], [ 1577590.878136043203995, -14850.549465415617306 ], [ 1577560.78634124994278, -14850.458810582254955 ], [ 1577560.548572655301541, -14819.934339019904655 ], [ 1577530.456801672466099, -14819.84369761736707 ], [ 1577529.981326281325892, -14758.794946022318982 ], [ 1577499.88959544361569, -14758.704333880528793 ], [ 1577499.651888638036326, -14728.180053826587027 ], [ 1577469.560181610984728, -14728.089455109957271 ], [ 1577468.847168491920456, -14636.516982277358693 ], [ 1577438.755517907440662, -14636.426428564300295 ], [ 1577437.805035104276612, -14514.330607677369699 ], [ 1577407.713457281235605, -14514.240114777972849 ], [ 1577407.238306822022423, -14453.192555754860223 ], [ 1577377.146769122220576, -14453.102092070892468 ], [ 1577376.671690176939592, -14392.054777877989181 ], [ 1577346.580192600842565, -14391.964343417237615 ], [ 1577346.342684018425643, -14361.440782060826677 ], [ 1577316.251210246467963, -14361.35036101957121 ], [ 1577316.013727703131735, -14330.82686877523156 ], [ 1577285.922277742763981, -14330.73646117683893 ], [ 1577285.684821224538609, -14300.213038007745126 ], [ 1577255.593395070172846, -14300.122643833097754 ], [ 1577255.355964583111927, -14269.59928975553521 ], [ 1577225.264562236843631, -14269.508909018088161 ], [ 1577225.02715777978301, -14238.985624028518941 ], [ 1577194.935779234860092, -14238.895256713398339 ], [ 1577194.698400809662417, -14208.372040811113038 ], [ 1577164.607046076096594, -14208.281686938857092 ], [ 1577164.132350994972512, -14147.235446603750461 ], [ 1577134.041036366950721, -14147.14512192213806 ], [ 1577133.803719721734524, -14116.622097503477562 ], [ 1577103.712428902741522, -14116.531786264020411 ], [ 1577103.23785736807622, -14055.485928859341584 ], [ 1577073.146606662077829, -14055.395646830354963 ], [ 1577072.90935178170912, -14024.872813861329632 ], [ 1577042.818124871933833, -14024.782545241925618 ], [ 1577042.580896017374471, -13994.259781354519873 ], [ 1577012.48969290824607, -13994.169526163110277 ], [ 1577012.015296960249543, -13933.124189825895883 ], [ 1576981.924133962253109, -13933.033963844954997 ], [ 1576981.449809496058151, -13871.988872252270085 ], [ 1576951.358686605934054, -13871.898675481799728 ], [ 1576950.410219474928454, -13749.809194865923928 ], [ 1576920.319169303635135, -13749.719058865215629 ], [ 1576919.845026639988646, -13688.674669845564495 ], [ 1576889.754016568884254, -13688.584563038331908 ], [ 1576889.042924348497763, -13597.018426490096317 ], [ 1576919.133885495597497, -13597.108485932194526 ], [ 1576917.948844522004947, -13444.499245013914333 ], [ 1576887.857964904746041, -13444.409264484909727 ], [ 1576887.384049113141373, -13383.365972612973565 ], [ 1576857.293209597002715, -13383.276021291607321 ], [ 1576857.056282572681084, -13352.754471049653148 ], [ 1576796.874658603686839, -13352.57459286168887 ], [ 1576795.927178072975948, -13230.489050880278228 ], [ 1576735.745714467950165, -13230.309289460552463 ], [ 1576735.508901221677661, -13199.788068699763244 ], [ 1576705.418196945218369, -13199.698200213035307 ], [ 1576705.181409713579342, -13169.177048511204703 ], [ 1576675.090729226591066, -13169.087193436891539 ], [ 1576674.853968007257208, -13138.566110781275711 ], [ 1576644.763311303220689, -13138.476269111588408 ], [ 1576644.289850601460785, -13077.434295164308423 ], [ 1576614.199233982944861, -13077.344482677475753 ], [ 1576613.252494298620149, -12955.261237049338888 ], [ 1576583.161950371460989, -12955.171485323768138 ], [ 1576582.688671385403723, -12894.130213637954512 ], [ 1576552.598167535848916, -12894.040491086740076 ], [ 1576552.36155890673399, -12863.519950905627411 ], [ 1576522.271078833378851, -12863.430241760455829 ], [ 1576523.217506404267624, -12985.512658909796301 ], [ 1576493.126968616852537, -12985.42288428448046 ], [ 1576494.310140014393255, -13138.027025192386645 ], [ 1576464.219528191024438, -13137.937169263377655 ], [ 1576464.929498636629432, -13229.500245658100539 ], [ 1576434.838845400139689, -13229.410340043463293 ], [ 1576435.075505332788453, -13259.931456270833223 ], [ 1576404.984843273181468, -13259.841532502947302 ], [ 1576405.221496612299234, -13290.362686221489639 ], [ 1576375.130825731204823, -13290.272744291860363 ], [ 1576375.367472478188574, -13320.793935497325947 ], [ 1576315.186120561556891, -13320.61401299195677 ], [ 1576315.422744408017024, -13351.135225894080577 ], [ 1576255.241389806149527, -13350.955262330051482 ], [ 1576255.477990762097761, -13381.476496957158815 ], [ 1576165.20596605935134, -13381.206486477592989 ], [ 1576165.442527822917327, -13411.727727054285424 ], [ 1575954.80795118981041, -13411.097509067642022 ], [ 1575955.044408543501049, -13441.618692445599663 ], [ 1575924.953768358798698, -13441.528636046981774 ], [ 1575925.190219129668549, -13472.049856952227856 ], [ 1575895.099570121150464, -13471.959782398236712 ], [ 1575895.336014296859503, -13502.481040801028939 ], [ 1575865.245356461498886, -13502.390948081043462 ], [ 1575865.718241341179237, -13563.433593187941369 ], [ 1575805.536882907850668, -13563.253337528411066 ], [ 1575805.300468215951696, -13532.732019892469907 ], [ 1575745.119172284379601, -13532.551786267369607 ], [ 1575744.410084245493636, -13440.988247654533552 ], [ 1575714.319496394367889, -13440.898174602454674 ], [ 1575713.610544594470412, -13349.335162757413855 ], [ 1575683.520013116532937, -13349.245134652257548 ], [ 1575683.283731560688466, -13318.724253024953214 ], [ 1575593.012230872642249, -13318.454201754397218 ], [ 1575592.776007913751528, -13287.933420714187378 ], [ 1575562.685538931749761, -13287.843414641334675 ], [ 1575561.26850273529999, -13104.719941623483464 ], [ 1575531.178139004623517, -13104.6300277968312 ], [ 1575530.942016561515629, -13074.109651154982203 ], [ 1575500.851676602615044, -13074.019750727999053 ], [ 1575500.379493416054174, -13012.979188768602398 ], [ 1575470.289193518925458, -13012.889317498980745 ], [ 1575470.0531327764038, -12982.369132186388015 ], [ 1575500.143416383769363, -12982.45898769973428 ], [ 1575499.435243484564126, -12890.898703989862042 ], [ 1575469.34500876115635, -12890.808895800581013 ], [ 1575468.872974593658, -12829.769004477506314 ], [ 1575438.782779936213046, -12829.67922545620786 ], [ 1575438.546793697169051, -12799.15937544902954 ], [ 1575378.366459369659424, -12798.979841763482909 ], [ 1575378.602413022657856, -12829.499660234740077 ], [ 1575348.512240769108757, -12829.409874042357842 ], [ 1575348.748187823919579, -12859.929729982835852 ], [ 1575318.658006750512868, -12859.839925635789768 ], [ 1575318.893947214120999, -12890.359819068147772 ], [ 1575288.803757318528369, -12890.26999657280976 ], [ 1575289.275634763529524, -12951.309911661657679 ], [ 1575259.185419749002904, -12951.220055243340539 ], [ 1575260.8371823632624, -13164.861325392097569 ], [ 1575230.746860758168623, -13164.771356194358304 ], [ 1575231.454855662304908, -13256.33265218359702 ], [ 1575171.274137106491253, -13256.152612052459517 ], [ 1575171.51012222096324, -13286.673119036411663 ], [ 1575141.41975786164403, -13286.583079645310136 ], [ 1575141.655736376764253, -13317.103624114768536 ], [ 1575111.565363188972697, -13317.013566560506661 ], [ 1575112.037316750502214, -13378.054783812778624 ], [ 1575081.946918443776667, -13377.964692338367968 ], [ 1575083.126890648854896, -13530.568588873506087 ], [ 1575053.036418340401724, -13530.478416181087596 ], [ 1575053.744469201657921, -13622.041346100002556 ], [ 1575023.653955475660041, -13621.951123715582071 ], [ 1575024.126005295431241, -13682.993311823882323 ], [ 1574994.035466448869556, -13682.903055523564035 ], [ 1574994.507522497093305, -13743.945425251440611 ], [ 1574964.416958531364799, -13743.855135038764274 ], [ 1574964.889020789880306, -13804.897686335234539 ], [ 1574934.79843170219101, -13804.807362199579075 ], [ 1574935.034461091272533, -13835.328702013695874 ], [ 1574874.85327274305746, -13835.148015079988909 ], [ 1574875.089279242558405, -13865.669376650952472 ], [ 1574844.998679976677522, -13865.5790138323664 ], [ 1574845.234679874964058, -13896.100412897334536 ], [ 1574815.144071792485192, -13896.010031958781838 ], [ 1574815.380065100966021, -13926.531468561659494 ], [ 1574785.289448188152164, -13926.441069454987883 ], [ 1574785.761431317543611, -13987.484070976928706 ], [ 1574755.670789283933118, -13987.393637960733031 ], [ 1574756.142778628738597, -14048.436821107914511 ], [ 1574726.052111471071839, -14048.346354169449114 ], [ 1574726.524107032688335, -14109.389718951077157 ], [ 1574696.43341475725174, -14109.299218113706957 ], [ 1574696.905416529392824, -14170.342764524117229 ], [ 1574666.814699126873165, -14170.252229765184893 ], [ 1574667.050698274048045, -14200.774067150789051 ], [ 1574636.959972054697573, -14200.683514269056104 ], [ 1574637.195964600658044, -14231.205389167784233 ], [ 1574607.105229552835226, -14231.114818127847684 ], [ 1574607.577211155788973, -14292.158696292473905 ], [ 1574487.214215317275375, -14291.796262250887594 ], [ 1574487.450155488448218, -14322.31821822812708 ], [ 1574427.268669798737392, -14322.136955393325479 ], [ 1574426.560976180480793, -14230.57134195688559 ], [ 1574456.651666399557143, -14230.661927274553818 ], [ 1574456.179886565543711, -14169.618419936537975 ], [ 1574426.089228936471045, -14169.5278661462944 ], [ 1574425.617520497413352, -14108.484603515276831 ], [ 1574395.526902931276709, -14108.394078875315245 ], [ 1574395.291079551912844, -14077.872543255236451 ], [ 1574365.200485755223781, -14077.782032008568422 ], [ 1574364.964688372565433, -14047.260565444617896 ], [ 1574334.874118334846571, -14047.170067566463331 ], [ 1574334.402585262665525, -13986.127325840752746 ], [ 1574304.31205528206192, -13986.036857107921605 ], [ 1574303.840593591099605, -13924.994360050262912 ], [ 1574273.750103662488982, -13924.903920459215442 ], [ 1574273.278713353909552, -13863.86166806748588 ], [ 1574243.188263482647017, -13863.771257621761833 ], [ 1574242.716944551561028, -13802.729249891710424 ], [ 1574212.626534725073725, -13802.638868571482817 ], [ 1574212.155287177069113, -13741.597105513023052 ], [ 1574182.064917403506115, -13741.506753321125871 ], [ 1574181.829324465245008, -13710.985967467146111 ], [ 1574151.738978452049196, -13710.895628671376471 ], [ 1574151.267854248173535, -13649.854248312498385 ], [ 1574121.177548284176737, -13649.763938659220003 ], [ 1574120.942017015535384, -13619.243344150074336 ], [ 1574090.851734803058207, -13619.153047855394107 ], [ 1574090.380733941681683, -13558.11205020176385 ], [ 1574060.290491777006537, -13558.021783047450299 ], [ 1574059.584112070500851, -13466.460733391044414 ], [ 1574089.674305369146168, -13466.550953271569597 ], [ 1574089.203401467064396, -13405.510488345940757 ], [ 1574119.293569650501013, -13405.600674317649464 ], [ 1574118.587237643776461, -13314.040329158227905 ], [ 1574088.497118331724778, -13313.950190478009972 ], [ 1574088.261710009770468, -13283.430197721836521 ], [ 1574058.17161444411613, -13283.340072399509154 ], [ 1574057.70085946470499, -13222.30027820792202 ], [ 1574027.610803937772289, -13222.210182011798679 ], [ 1574027.140120308613405, -13161.170632392668267 ], [ 1573997.050104817841202, -13161.080565318501613 ], [ 1573996.57949253753759, -13100.041260252706707 ], [ 1573966.489517083624378, -13099.95122231465939 ], [ 1573966.018976153805852, -13038.912161812824706 ], [ 1573935.929040734190494, -13038.822152998149249 ], [ 1573935.458571151830256, -12977.783337046110319 ], [ 1573905.368675753008574, -12977.69335733427215 ], [ 1573904.898277522297576, -12916.654785940529109 ], [ 1573844.718574250582606, -12916.474882370874184 ], [ 1573844.483422239078209, -12885.955708063749626 ], [ 1573814.393598079681396, -12885.865768451072654 ], [ 1573814.15847204416059, -12855.346663147676736 ], [ 1573753.97887866361998, -12855.166808243255218 ], [ 1573753.743794889887795, -12824.647787711191995 ], [ 1573723.654025673400611, -12824.55787242936276 ], [ 1573722.713852623710409, -12702.482385820540003 ], [ 1573692.624155991245061, -12702.392531154102471 ], [ 1573692.154160175938159, -12641.355138846234695 ], [ 1573662.064503565197811, -12641.265313291838538 ], [ 1573661.594579076394439, -12580.228165482076292 ], [ 1573631.504962479230016, -12580.138369023436098 ], [ 1573631.035109318559989, -12519.101465708945398 ], [ 1573600.945532740326598, -12519.011698361640811 ], [ 1573600.475750897545367, -12457.975039519762504 ], [ 1573570.386214335914701, -12457.885301284499292 ], [ 1573570.151354229310527, -12427.367067480743572 ], [ 1573569.916503810323775, -12396.848886908152053 ], [ 1573539.827007263200358, -12396.759177779267702 ], [ 1573539.122562978882343, -12305.205002756247268 ], [ 1573509.03312272275798, -12305.115338482226434 ], [ 1573508.798343612346798, -12274.597402353922007 ], [ 1573478.708927090046927, -12274.507751439208732 ], [ 1573478.474173952592537, -12243.989884312506547 ], [ 1573448.384781162487343, -12243.900246752142266 ], [ 1573447.915336499921978, -12182.864703682122126 ], [ 1573417.825983713148162, -12182.775095214681642 ], [ 1573417.356610362650827, -12121.739796586824014 ], [ 1573387.267297579208389, -12121.650217208765753 ], [ 1573386.797995534026995, -12060.615163020947875 ], [ 1573356.708722756244242, -12060.525612737936171 ], [ 1573356.474102533655241, -12030.00818121766315 ], [ 1573326.384853485273197, -12029.918644293959005 ], [ 1573326.150259228423238, -11999.401281756876415 ], [ 1573296.061033900594339, -11999.31175816344512 ], [ 1573295.357358080102131, -11907.760037179681603 ], [ 1573265.268189028836787, -11907.670558429077573 ], [ 1573263.157831027172506, -11633.018411141114484 ], [ 1573293.246853600256145, -11633.107748124171849 ], [ 1573292.543526431079954, -11541.557943003421315 ], [ 1573322.632507632253692, -11541.647230334838241 ], [ 1573322.163638725411147, -11480.61426147480779 ], [ 1573352.252594826277345, -11480.70351489740824 ], [ 1573352.018158629536629, -11450.18709454475902 ], [ 1573382.107105901930481, -11450.276329802782129 ], [ 1573381.872663113055751, -11419.759946899528586 ], [ 1573351.783732112497091, -11419.670727388576779 ], [ 1573351.549315276788548, -11389.154413433108857 ], [ 1573201.104853320401162, -11388.708358455918642 ], [ 1573200.870527528459206, -11358.192176459182519 ], [ 1573140.692827405873686, -11358.013769077295365 ], [ 1573140.458543844753876, -11327.497671790284585 ], [ 1573080.280906031606719, -11327.319286234640458 ], [ 1573080.046664697350934, -11296.803273655941666 ], [ 1573019.869089202024043, -11296.624909944950559 ], [ 1573019.634890091139823, -11266.108982070314596 ], [ 1572989.546129776164889, -11266.019812329966953 ], [ 1572869.191162937553599, -11265.663109248744149 ], [ 1572869.425280708121136, -11296.178958427677571 ], [ 1572688.892956069437787, -11295.643736844258456 ], [ 1572689.126985900802538, -11326.159544734393421 ], [ 1572628.949571341276169, -11325.981086717294602 ], [ 1572629.183578316122293, -11356.496916329580927 ], [ 1572569.006160975899547, -11356.318417149728702 ], [ 1572569.240145093528554, -11386.834268477083242 ], [ 1572539.151431314880028, -11386.744999518430632 ], [ 1572539.385408846661448, -11417.260888321379753 ], [ 1572509.296686235815287, -11417.171601193191236 ], [ 1572509.764637792948633, -11478.203506907088013 ], [ 1572479.675890088547021, -11478.114185884245671 ], [ 1572480.14384782826528, -11539.146272955009408 ], [ 1572450.055075021693483, -11539.056918019101431 ], [ 1572450.289052141830325, -11569.573025628309551 ], [ 1572390.111496314639226, -11569.394277029659861 ], [ 1572390.345450580120087, -11599.910406373055594 ], [ 1572330.167891973862424, -11599.731616627941548 ], [ 1572330.401823374675587, -11630.24776767932417 ], [ 1572149.869228487135842, -11629.711245992390104 ], [ 1572150.103071960620582, -11660.227355814458861 ], [ 1572120.014315906446427, -11660.137911313275254 ], [ 1572120.248152791056782, -11690.654058609521599 ], [ 1572029.981880468316376, -11690.385663440447388 ], [ 1572030.215678228298202, -11720.901816723810043 ], [ 1572000.126919392729178, -11720.812331086077393 ], [ 1572000.36071056034416, -11751.328521844325223 ], [ 1571970.271942894440144, -11751.239018044137993 ], [ 1571970.038167993770912, -11720.72284301738182 ], [ 1571879.771958411904052, -11720.454364302720933 ], [ 1571879.538241989677772, -11689.938289715768406 ], [ 1571819.360838651657104, -11689.759323294432761 ], [ 1571819.5945225416217, -11720.275366404945089 ], [ 1571789.505815761629492, -11720.185863832628456 ], [ 1571789.739493068540469, -11750.701944435022597 ], [ 1571759.650777449831367, -11750.612423687507544 ], [ 1571759.884448169264942, -11781.128541773283359 ], [ 1571699.707006713375449, -11780.949461557085669 ], [ 1571699.940654570236802, -11811.465601362178859 ], [ 1571669.851928732125089, -11811.376041891371642 ], [ 1571670.085570001741871, -11841.892219194010977 ], [ 1571639.996835333062336, -11841.802641567830506 ], [ 1571640.46411436307244, -11902.835124344130236 ], [ 1571610.375354596180841, -11902.745512813382447 ], [ 1571611.543640168849379, -12055.327572457914357 ], [ 1571581.454806510591879, -12055.237879842281473 ], [ 1571581.688476378330961, -12085.754435687156729 ], [ 1571611.777326305629686, -12085.84414404277959 ], [ 1571612.011022126069292, -12116.360768874386849 ], [ 1571642.099895757157356, -12116.450490554618227 ], [ 1571642.567348952870816, -12177.483931350232524 ], [ 1571672.656262558186427, -12177.573682094354808 ], [ 1571673.123786996584386, -12238.607367279022583 ], [ 1571673.591350141447037, -12299.641265380554614 ], [ 1571643.502371466951445, -12299.55145169629759 ], [ 1571643.969940782524645, -12360.585531255246678 ], [ 1571613.880937007488683, -12360.495683672796076 ], [ 1571616.453081218991429, -12696.186754529351674 ], [ 1571586.363905916921794, -12696.096731424906466 ], [ 1571586.597779007162899, -12726.614405214844737 ], [ 1571556.508594875456765, -12726.52436395573568 ], [ 1571556.742461376590654, -12757.042075258799741 ], [ 1571526.653268411289901, -12756.952015845734422 ], [ 1571526.887128317262977, -12787.469764652716549 ], [ 1571496.797926517669111, -12787.379687080028816 ], [ 1571497.031779830344021, -12817.897473393762994 ], [ 1571436.853366017341614, -12817.717279560501993 ], [ 1571437.087196465115994, -12848.235087644537998 ], [ 1571376.908779870253056, -12848.054852693136127 ], [ 1571377.142587451962754, -12878.572682539685047 ], [ 1571316.964168070582673, -12878.392406457396646 ], [ 1571317.197952795540914, -12908.910258104695458 ], [ 1571257.019530622288585, -12908.729940881608854 ], [ 1571257.253292480250821, -12939.247814292835756 ], [ 1571227.16407628217712, -12939.157636325662679 ], [ 1571227.397831551730633, -12969.675547267717775 ], [ 1571167.219388923840597, -12969.495152610081277 ], [ 1571167.686863407492638, -13030.531071288614839 ], [ 1571197.776113542728126, -13030.621301291650525 ], [ 1571198.243659276282415, -13091.657464458374307 ], [ 1571228.332949383417144, -13091.747723503349334 ], [ 1571229.268222060985863, -13213.820751853963884 ], [ 1571199.1788668660447, -13213.730429852568705 ], [ 1571200.114229292841628, -13335.804247378737273 ], [ 1571170.024816452991217, -13335.713860035280959 ], [ 1571170.960268639493734, -13457.788466817022709 ], [ 1571140.870798154501244, -13457.698014127963688 ], [ 1571141.572440100600943, -13549.254481309380935 ], [ 1571111.482928236946464, -13549.163978999838946 ], [ 1571112.184608463430777, -13640.72087837881736 ], [ 1571082.09505522204563, -13640.630326457290721 ], [ 1571082.562857890268788, -13701.668494274792465 ], [ 1571112.652443679282442, -13701.759077675593289 ], [ 1571113.588230251800269, -13823.836115534531928 ], [ 1571143.677888582460582, -13823.926759472829872 ], [ 1571144.613895125687122, -13946.004712722531622 ], [ 1571054.344747168710455, -13945.732584849587511 ], [ 1571054.57872418127954, -13976.252159161218515 ], [ 1570964.309594378806651, -13975.979962412007808 ], [ 1570964.543532250216231, -14006.499542812014624 ], [ 1570904.364117044722661, -14006.318034814190469 ], [ 1570904.598032036563382, -14036.837637000786344 ], [ 1570814.328916214639321, -14036.565309741648889 ], [ 1570814.562792065553367, -14067.084918010956244 ], [ 1570664.11433313624002, -14066.630912396285567 ], [ 1570663.880538650788367, -14036.111382785857131 ], [ 1570633.790885453810915, -14036.020590158892446 ], [ 1570633.557116918032989, -14005.501129556441811 ], [ 1570453.019451597705483, -14004.956417594425147 ], [ 1570452.785790369613096, -13974.437104655997246 ], [ 1570422.696221785852686, -13974.346326616210717 ], [ 1570422.462586504174396, -13943.827082692132535 ], [ 1570392.373041627928615, -13943.736317967041032 ], [ 1570392.139432293595746, -13913.217143058725924 ], [ 1570362.049911125330254, -13913.126391651869199 ], [ 1570361.582754022208974, -13852.088233122009115 ], [ 1570331.493272830964997, -13851.997510763465471 ], [ 1570331.026186961680651, -13790.959596789776697 ], [ 1570300.936745746992528, -13790.868903472462989 ], [ 1570300.469731114571914, -13729.831234061315627 ], [ 1570270.380329875042662, -13729.740569791607413 ], [ 1570270.146853334736079, -13699.221830710652284 ], [ 1570240.05747579713352, -13699.131179756346683 ], [ 1570239.590584283694625, -13638.093892889703056 ], [ 1570209.501246713101864, -13638.003270963174145 ], [ 1570209.034426427446306, -13576.966228630750265 ], [ 1570178.945128825493157, -13576.875635748283457 ], [ 1570178.711749461945146, -13546.357210218729961 ], [ 1570148.622475559357554, -13546.266630640337098 ], [ 1570148.155778376152739, -13485.229970811345993 ], [ 1570118.066544440807775, -13485.139420276307646 ], [ 1570117.833226629765704, -13454.62118600519716 ], [ 1570057.654813576955348, -13454.440109097438835 ], [ 1570057.888098860625178, -13484.958311933180084 ], [ 1569937.531296874629334, -13484.596066215608516 ], [ 1569937.298076655482873, -13454.077926282468979 ], [ 1569907.20891100098379, -13453.987374527350767 ], [ 1569906.975716709159315, -13423.469303572446734 ], [ 1569876.886574753094465, -13423.378765129897147 ], [ 1569876.653406403027475, -13392.860763169515849 ], [ 1569846.564288141671568, -13392.770238033162968 ], [ 1569846.331145726144314, -13362.252305069427166 ], [ 1569816.242051151348278, -13362.161793215196667 ], [ 1569815.775827855104581, -13301.126118498723372 ], [ 1569785.68677323916927, -13301.035635682184875 ], [ 1569785.453692358918488, -13270.517893936528708 ], [ 1569755.364661434432492, -13270.427424416981012 ], [ 1569754.665525601711124, -13178.874565919382803 ], [ 1569724.576550895581022, -13178.78414114352563 ], [ 1569723.877550864126533, -13087.231809097904261 ], [ 1569693.788632364710793, -13087.141429056533525 ], [ 1569693.322713208151981, -13026.106838739569866 ], [ 1569633.144963536644354, -13025.926134276465746 ], [ 1569632.912050982937217, -12995.408950438692045 ], [ 1569512.556705779861659, -12995.047575281800164 ], [ 1569512.323867937317118, -12964.530507581332131 ], [ 1569452.146272400394082, -12964.349836877630878 ], [ 1569450.982390755321831, -12811.765454248310562 ], [ 1569420.893685418879613, -12811.67519385437663 ], [ 1569420.428232938051224, -12750.641844953737746 ], [ 1569390.339567536488175, -12750.551613562796774 ], [ 1569390.572272688150406, -12781.068245676662627 ], [ 1569270.217620274750516, -12780.707232954504434 ], [ 1569270.450270060217008, -12811.223855438709506 ], [ 1569150.095671354327351, -12810.862740936991031 ], [ 1569150.328265775693581, -12841.379353792950496 ], [ 1569120.239618392428383, -12841.289053369247995 ], [ 1569120.00704023311846, -12810.772456245491412 ], [ 1569059.829800239531323, -12810.591879542700553 ], [ 1569060.062345889629796, -12841.108445239586217 ], [ 1568999.885103065520525, -12840.927827380417511 ], [ 1569000.117625867715105, -12871.444414895049704 ], [ 1568970.028999327449128, -12871.354086599923903 ], [ 1568970.26151553587988, -12901.870711642548486 ], [ 1568910.084252206142992, -12901.690016333959647 ], [ 1568910.316745563177392, -12932.206663183002092 ], [ 1568880.228108767420053, -12932.11629615820857 ], [ 1568880.460595529759303, -12962.632980535952811 ], [ 1568850.371949897846207, -12962.542595363576766 ], [ 1568850.604430070379749, -12993.059317287019439 ], [ 1568820.515775602543727, -12992.968913969185451 ], [ 1568821.213225320912898, -13084.519352067967702 ], [ 1568791.124529502587393, -13084.428899172138699 ], [ 1568791.357015807647258, -13114.945802651425765 ], [ 1568793.217254146700725, -13359.082947690618312 ], [ 1568763.128419435117394, -13358.992350926264407 ], [ 1568764.058705487987027, -13481.062138755029082 ], [ 1568733.969813166419044, -13480.971476718008489 ], [ 1568734.434981659287587, -13542.006658773774689 ], [ 1568704.346064240438864, -13541.915962873963508 ], [ 1568704.578646722249687, -13572.433618082246539 ], [ 1568674.489720464684069, -13572.34290402989609 ], [ 1568674.954881905345246, -13633.378342820709804 ], [ 1568644.865930548403412, -13633.287594905570586 ], [ 1568645.331098128343001, -13694.323215339329181 ], [ 1568615.242121673654765, -13694.232433563525774 ], [ 1568615.474703703075647, -13724.750307978860292 ], [ 1568585.385718415025622, -13724.659508068927607 ], [ 1568585.618293846258894, -13755.177420033500312 ], [ 1568525.440313010243699, -13754.995781499546865 ], [ 1568525.20777009264566, -13724.477900949808827 ], [ 1568495.118807064369321, -13724.387093759032723 ], [ 1568494.886290076421574, -13693.869282213021506 ], [ 1568464.797350726090372, -13693.778488300826211 ], [ 1568464.564859656151384, -13663.26074573304868 ], [ 1568434.475943984696642, -13663.169965107224925 ], [ 1568434.243478834861889, -13632.652291519807477 ], [ 1568404.154586838558316, -13632.56152416902296 ], [ 1568403.457298133755103, -13541.008870138346538 ], [ 1568373.368462327169254, -13540.918147496555321 ], [ 1568372.671309348195791, -13449.366019975919698 ], [ 1568342.582529729697853, -13449.275342044540594 ], [ 1568341.88551246910356, -13357.723741002788302 ], [ 1568311.796789033571258, -13357.633107766947433 ], [ 1568311.099907485069707, -13266.082033184960892 ], [ 1568281.011240231338888, -13265.991444646782838 ], [ 1568280.54673334537074, -13204.957692633719489 ], [ 1568250.458106013014913, -13204.867133080124404 ], [ 1568250.225883312290534, -13174.350352655723327 ], [ 1568220.137279652990401, -13174.259806380001464 ], [ 1568219.905082861660048, -13143.74309491330132 ], [ 1568159.727930294815451, -13143.562026478142798 ], [ 1568159.495775670045987, -13113.045399686472592 ], [ 1568129.407226764829829, -13112.954877534828483 ], [ 1568129.175098051549867, -13082.438319701564978 ], [ 1568068.998054973781109, -13082.25729946570209 ], [ 1568068.765968427294865, -13051.74082631030069 ], [ 1568008.588987506693229, -13051.559827746312294 ], [ 1568008.356943121179938, -13021.043439255319754 ], [ 1567948.180024354485795, -13020.862462356830292 ], [ 1567947.948022124823183, -12990.34615851820854 ], [ 1567917.859590114792809, -12990.255682127815817 ], [ 1567917.627613791963086, -12959.739447241227026 ], [ 1567887.539205441717058, -12959.648984113839106 ], [ 1567887.307255025487393, -12929.13281817007919 ], [ 1567857.218870335724205, -12929.04236831277376 ], [ 1567856.986945832381025, -12898.526271339458617 ], [ 1567796.810231178998947, -12898.345395695816478 ], [ 1567796.578348826384172, -12867.829383366373804 ], [ 1567766.490018864395097, -12867.738957588533594 ], [ 1567766.026315631577745, -12806.707124096041298 ], [ 1567735.938025573967025, -12806.616727277998507 ], [ 1567735.706204688642174, -12776.100906090869103 ], [ 1567705.617938290117308, -12776.010522544327614 ], [ 1567705.386143301380798, -12745.494770292238172 ], [ 1567675.29790056636557, -12745.404400017196167 ], [ 1567675.066131485393271, -12714.888716717141506 ], [ 1567644.97791239945218, -12714.798359695188992 ], [ 1567644.746169221587479, -12684.282745343627539 ], [ 1567524.393431938486174, -12683.921355609470993 ], [ 1567524.6251101330854, -12714.436907161812996 ], [ 1567494.536928078392521, -12714.346537902207274 ], [ 1567494.768599672941491, -12744.862126972629994 ], [ 1567464.680408785119653, -12744.771739583853559 ], [ 1567465.375432758592069, -12836.318779137034653 ], [ 1567405.198975718347356, -12836.137902798729556 ], [ 1567405.430637190351263, -12866.653657728911639 ], [ 1567375.342403526417911, -12866.563200170850905 ], [ 1567375.110758306225762, -12836.047460958707234 ], [ 1567314.934345698915422, -12835.866569941170383 ], [ 1567314.702742625726387, -12805.35091537502376 ], [ 1567284.614563678856939, -12805.260481904217158 ], [ 1567284.382986495271325, -12774.744896254700507 ], [ 1567254.29483119933866, -12774.654476039107976 ], [ 1567254.063279920257628, -12744.138959351539597 ], [ 1567223.975148274330422, -12744.048552394699072 ], [ 1567223.743622889509425, -12713.533104634381743 ], [ 1567193.655514893587679, -12713.442710920717218 ], [ 1567193.424015407683328, -12682.927332106059112 ], [ 1567133.247854116605595, -12682.746568748991194 ], [ 1567133.016396771417931, -12652.231274566876891 ], [ 1567102.928343471139669, -12652.14090491285242 ], [ 1567102.69691201695241, -12621.625679657279761 ], [ 1567042.520860126242042, -12621.4449644223223 ], [ 1567042.289470806717873, -12590.929823792919706 ], [ 1566982.113481006585062, -12590.749130147694814 ], [ 1566981.882133829640225, -12560.234074165706261 ], [ 1566891.618253364693373, -12559.963062407347024 ], [ 1566891.386964564910159, -12529.448106748322971 ], [ 1566861.299035453703254, -12529.35778029004905 ], [ 1566861.067772543523461, -12498.842893561815799 ], [ 1566830.979867073474452, -12498.752580343885711 ], [ 1566830.51740268105641, -12437.722997960336215 ], [ 1566800.429537091171369, -12437.632713686623902 ], [ 1566800.198335611959919, -12407.118018039805975 ], [ 1566770.110493668355048, -12407.027747024847486 ], [ 1566769.879318069666624, -12376.513120280496878 ], [ 1566739.791499763028696, -12376.422862497383903 ], [ 1566739.560350056039169, -12345.908304688071439 ], [ 1566709.472555383574218, -12345.818060143885305 ], [ 1566709.010317399399355, -12284.789135599594374 ], [ 1566678.922562605701387, -12284.698919992546507 ], [ 1566678.460395680973306, -12223.670239717637742 ], [ 1566648.372680766740814, -12223.580053061183207 ], [ 1566648.141628014389426, -12193.065808449919132 ], [ 1566618.053936735726893, -12192.975635027432872 ], [ 1566617.822909860871732, -12162.461459312264196 ], [ 1566587.735242220573127, -12162.371299142158023 ], [ 1566587.504241234622896, -12131.857192354238578 ], [ 1566497.241331388009712, -12131.586744136819107 ], [ 1566497.010388761758804, -12101.072737654163575 ], [ 1566466.922783171525225, -12100.98259901997335 ], [ 1566466.691866430919617, -12070.46866145819331 ], [ 1566195.903895002556965, -12069.657444405505885 ], [ 1566195.442382697947323, -12008.630011378252675 ], [ 1566165.354899749858305, -12008.539895228144815 ], [ 1566164.893458478618413, -11947.512706419998722 ], [ 1566134.80601539532654, -11947.422619192157072 ], [ 1566134.344645163277164, -11886.395674606659668 ], [ 1566104.257241940125823, -11886.305616310291953 ], [ 1566104.026587519794703, -11855.792239521428201 ], [ 1566073.93920792080462, -11855.702194445575515 ], [ 1566073.708579377504066, -11825.188886557762089 ], [ 1566043.621223401278257, -11825.098854713754918 ], [ 1566043.3906207352411, -11794.585615730531572 ], [ 1566013.30328837572597, -11794.49559709217101 ], [ 1566013.072711580898613, -11763.982426998667506 ], [ 1565982.985402844846249, -11763.892421592860046 ], [ 1565982.754851926583797, -11733.379320401822042 ], [ 1565922.580289090750739, -11733.199333591779578 ], [ 1565922.349780268967152, -11702.686316955392613 ], [ 1565892.26252616615966, -11702.596335541953522 ], [ 1565892.032043215818703, -11672.083387805909297 ], [ 1565861.944812734145671, -11671.993419620772329 ], [ 1565861.714355658506975, -11641.480540780114097 ], [ 1565831.627148791216314, -11641.39058580487108 ], [ 1565831.396717585623264, -11610.877775858181849 ], [ 1565801.309534335276112, -11610.787834100623513 ], [ 1565801.079129001358524, -11580.275093046484471 ], [ 1565770.991969375638291, -11580.185164531392729 ], [ 1565770.531220076140016, -11519.159873365741078 ], [ 1565740.444100286113098, -11519.069973725474483 ], [ 1565739.52278227894567, -11397.020092541060876 ], [ 1565709.435734794707969, -11396.930253194701436 ], [ 1565708.054144289111719, -11213.857121334553085 ], [ 1565647.880266205174848, -11213.677623453448177 ], [ 1565647.650067301932722, -11183.165652332536411 ], [ 1565587.476251204265282, -11182.986175927864679 ], [ 1565587.706417647888884, -11213.498115661559495 ], [ 1565437.271925459150225, -11213.049302960595014 ], [ 1565437.502020411193371, -11243.561217469799885 ], [ 1565287.0676316304598, -11243.112264521612815 ], [ 1565287.297655087662861, -11273.62415380420498 ], [ 1565227.123918793397024, -11273.444523953747193 ], [ 1565227.353919439716265, -11303.956435073911052 ], [ 1565167.180180208524689, -11303.776763941739773 ], [ 1565167.41015804046765, -11334.28869689664316 ], [ 1565137.323283270001411, -11334.198841930672643 ], [ 1565137.553254503756762, -11364.710812373918088 ], [ 1565107.466370890848339, -11364.620939266736968 ], [ 1565107.926309822592884, -11425.645008391520605 ], [ 1565077.839401139179245, -11425.555101456955526 ], [ 1565078.759329703636467, -11547.6038152832989 ], [ 1565108.846303290687501, -11547.693784957600656 ], [ 1565109.076325742527843, -11578.206112085681525 ], [ 1565139.163322932319716, -11578.296094956423985 ], [ 1565139.853496780851856, -11669.833442583645592 ], [ 1565169.940550030674785, -11669.923470021758476 ], [ 1565171.091113625792786, -11822.486858526914148 ], [ 1565141.003979238681495, -11822.39675267563689 ], [ 1565141.694384341826662, -11913.935377195766705 ], [ 1565111.607208653120324, -11913.845221826682973 ], [ 1565112.067494446411729, -11974.871206184256152 ], [ 1565081.980293684639037, -11974.781016984958114 ], [ 1565082.440585567383096, -12035.80718282260932 ], [ 1565052.353359731845558, -12035.71695979238757 ], [ 1565052.583503899397328, -12066.230106853017787 ], [ 1564992.409041919512674, -12066.049622011214524 ], [ 1564992.639163266867399, -12096.562790924288493 ], [ 1564932.464698359370232, -12096.382264841131473 ], [ 1564932.694796886527911, -12126.8954556052322 ], [ 1564752.171481985133141, -12126.353724043809052 ], [ 1564752.401492780540138, -12156.866873946817577 ], [ 1564692.227081073913723, -12156.686245621702255 ], [ 1564692.45706905098632, -12187.199417380692466 ], [ 1564632.282654417213053, -12187.018747831927612 ], [ 1564632.512619572691619, -12217.531941446193741 ], [ 1564572.338202006882057, -12217.351230648288038 ], [ 1564572.568144344259053, -12247.864446129160569 ], [ 1564542.480930404504761, -12247.774071350502709 ], [ 1564542.251004293560982, -12217.260871546599446 ], [ 1564512.163813966792077, -12217.170509986333855 ], [ 1564511.933913717279211, -12186.657379084897912 ], [ 1564481.846746992552653, -12186.567030718239039 ], [ 1564481.616872601211071, -12156.053968705813531 ], [ 1564451.529729481087998, -12155.963633541969102 ], [ 1564451.299880952108651, -12125.450640429176929 ], [ 1564421.212761437054724, -12125.360318468852711 ], [ 1564420.982938756933436, -12094.847394223830634 ], [ 1564330.72167316172272, -12094.576460555026642 ], [ 1564330.491908796597272, -12064.063636561450039 ], [ 1564270.317801067139953, -12063.883033085523493 ], [ 1564270.088078780798241, -12033.370293657926595 ], [ 1564209.91403300804086, -12033.189711631524915 ], [ 1564209.68435279885307, -12002.677056758577237 ], [ 1564119.423388130031526, -12002.406212172823871 ], [ 1564119.193766223499551, -11971.893657542825167 ], [ 1564028.932916597928852, -11971.622837672424794 ], [ 1564028.703352987999097, -11941.11038326554808 ], [ 1563968.529522560304031, -11940.929855660649991 ], [ 1563968.300001024967059, -11910.417485809839491 ], [ 1563878.039359345333651, -11910.146722816689362 ], [ 1563877.809896101243794, -11879.634453183334699 ], [ 1563787.549369439017028, -11879.363714890667325 ], [ 1563787.319964486407116, -11848.851545478308253 ], [ 1563757.233153230510652, -11848.761310090761981 ], [ 1563756.774404641706496, -11787.737162207962683 ], [ 1563726.68763319728896, -11787.646955683203487 ], [ 1563725.770316425012425, -11665.599361021297227 ], [ 1563755.857022993033752, -11665.689504866510106 ], [ 1563755.398389935260639, -11604.66599540502466 ], [ 1563785.485071433475241, -11604.756105424978159 ], [ 1563785.255753123899922, -11574.244414808425063 ], [ 1563815.34242577617988, -11574.334506673005308 ], [ 1563814.883785606594756, -11513.31125370934933 ], [ 1563754.710512538673356, -11513.131130157256848 ], [ 1563754.481239333515987, -11482.619614812732834 ], [ 1563724.394630072871223, -11482.529564982593001 ], [ 1563724.165382704697549, -11452.018118484595107 ], [ 1563694.078797029564157, -11451.92808183390116 ], [ 1563693.849575504194945, -11421.41670419800721 ], [ 1563663.763013415504247, -11421.326680735253831 ], [ 1563663.304631679318845, -11360.30411638413716 ], [ 1563633.218109394423664, -11360.214121780631103 ], [ 1563632.988949180347845, -11329.702935061868629 ], [ 1563602.902450477937236, -11329.612953626476155 ], [ 1563602.673316105036065, -11299.10183576061354 ], [ 1563572.586840986972675, -11299.011867521659951 ], [ 1563572.128633542219177, -11237.989822673074741 ], [ 1563542.042198217008263, -11237.899883269999918 ], [ 1563541.813125150511041, -11207.388956300024802 ], [ 1563511.726713412208483, -11207.299030086309358 ], [ 1563511.268628573045135, -11146.277367025251806 ], [ 1563481.182256628060713, -11146.187469653785229 ], [ 1563480.953244859818369, -11115.676733566953772 ], [ 1563450.866896493826061, -11115.586849374933081 ], [ 1563450.637910559307784, -11085.076182128959772 ], [ 1563420.551585773006082, -11084.986311117800142 ], [ 1563420.322625679429621, -11054.475712728974031 ], [ 1563390.236324465367943, -11054.385854878848477 ], [ 1563390.007390208076686, -11023.875325342212818 ], [ 1563329.834842307958752, -11023.695633523862853 ], [ 1563329.605950096622109, -10993.185188483812453 ], [ 1563179.174790264340118, -10992.735993681622858 ], [ 1563178.945988732157275, -10962.225680137904419 ], [ 1563088.687429817626253, -10961.956180347666304 ], [ 1563088.458686533616856, -10931.44596696404551 ], [ 1563028.286383148049936, -10931.266319291029504 ], [ 1563028.057681914884597, -10900.756190425945533 ], [ 1562997.971557477954775, -10900.666378521891602 ], [ 1562997.742882067337632, -10870.156318477840614 ], [ 1562967.656781195197254, -10870.066519734818939 ], [ 1562966.970861317124218, -10778.536705640291984 ], [ 1562936.884816429112107, -10778.446951377543883 ], [ 1562936.65621192054823, -10747.937135358575688 ], [ 1562786.226178929908201, -10747.488404961870401 ], [ 1562786.454702403862029, -10777.998142693009868 ], [ 1562696.196722284657881, -10777.728827524755616 ], [ 1562696.653700830880553, -10838.748368509666761 ], [ 1562666.567689754767343, -10838.658560465548362 ], [ 1562666.79617725033313, -10869.168395069007602 ], [ 1562606.624144763220102, -10868.988740188084194 ], [ 1562606.852609460707754, -10899.498596645400539 ], [ 1562607.081083774100989, -10930.008506267318808 ], [ 1562637.167128753848374, -10930.098366272946805 ], [ 1562637.395628893282264, -10960.608344731475881 ], [ 1562667.481697446433827, -10960.698217922214099 ], [ 1562667.938758994219825, -11021.718365679927956 ], [ 1562698.024867316475138, -11021.808267674679882 ], [ 1562698.253428724361584, -11052.318436982361163 ], [ 1562668.167304194532335, -11052.228519325512025 ], [ 1562668.395859017968178, -11082.738726162606326 ], [ 1562638.309725636616349, -11082.6487903532161 ], [ 1562638.53827386116609, -11113.159034685731967 ], [ 1562548.27986924466677, -11112.889165317998049 ], [ 1562548.508378466358408, -11143.399415869182121 ], [ 1562518.422242100350559, -11143.309438758960823 ], [ 1562518.193749085767195, -11112.799203862792638 ], [ 1562337.677182646933943, -11112.259382747299242 ], [ 1562337.905578414909542, -11142.769523693541487 ], [ 1562307.819493548246101, -11142.679529107028429 ], [ 1562308.047882725251839, -11173.18970757984971 ], [ 1562277.961789013817906, -11173.099694857084614 ], [ 1562278.418563793879002, -11234.120180014817379 ], [ 1562248.332445019623265, -11234.030133465375911 ], [ 1562248.789225854212418, -11295.050800048662495 ], [ 1562218.703082024818286, -11294.960719706536111 ], [ 1562219.616694265278056, -11417.002628483875014 ], [ 1562249.702902925899252, -11417.092771447481937 ], [ 1562249.931346240686253, -11447.603397282862716 ], [ 1562219.845121369464323, -11447.513238653617009 ], [ 1562220.302004418103024, -11508.534618528681676 ], [ 1562190.215754483360797, -11508.444426086214662 ], [ 1562190.444194231182337, -11538.955180167677099 ], [ 1562310.789302948396653, -11539.315997607171084 ], [ 1562311.017817151034251, -11569.826867515079357 ], [ 1562371.190448079491034, -11570.007292587690245 ], [ 1562371.419004314113408, -11600.518246992891363 ], [ 1562401.505347026977688, -11600.608471440053108 ], [ 1562401.733929093461484, -11631.119494707358172 ], [ 1562431.820295376703143, -11631.209732326882659 ], [ 1562432.048903275746852, -11661.720824442836602 ], [ 1562552.394506855867803, -11662.081812633750815 ], [ 1562552.165834113257006, -11631.57065787648753 ], [ 1562612.338647644268349, -11631.751105707930037 ], [ 1562612.567352810641751, -11662.262291780183659 ], [ 1562702.826676959637552, -11662.532991828244121 ], [ 1562703.055440379772335, -11693.044278074048634 ], [ 1562733.141912699211389, -11693.134522104142889 ], [ 1562734.74363953131251, -11906.715125064594758 ], [ 1562704.657053716247901, -11906.624771396984215 ], [ 1562705.572473007487133, -12028.671938051247707 ], [ 1562675.485829699318856, -12028.581519257550099 ], [ 1562676.401338079944253, -12150.629474588857192 ], [ 1562706.488046249840409, -12150.719956035192808 ], [ 1562707.174827217357233, -12242.256528234920552 ], [ 1562677.08807040238753, -12242.165999812204973 ], [ 1562677.545940061332658, -12303.190616024157862 ], [ 1562647.459158182376996, -12303.100053798134468 ], [ 1562647.917033899342641, -12364.124851551769098 ], [ 1562617.83022695267573, -12364.034255514648976 ], [ 1562618.288108728593215, -12425.059234817757897 ], [ 1562588.201276713516563, -12424.968604975912967 ], [ 1562588.430215825326741, -12455.48115880574187 ], [ 1562558.343374957330525, -12455.390510804276346 ], [ 1562559.946104631060734, -12668.979768169127055 ], [ 1562529.859157607192174, -12668.889008053865837 ], [ 1562530.546137454221025, -12760.428012626642158 ], [ 1562500.459149147151038, -12760.337203048809897 ], [ 1562500.688145451946184, -12790.850295351581735 ], [ 1562470.601148297311738, -12790.759467638910792 ], [ 1562471.05913735087961, -12851.785780643489488 ], [ 1562440.972115123411641, -12851.694919120431223 ], [ 1562441.201107869623229, -12882.208139819405915 ], [ 1562411.114076794823632, -12882.117260159386205 ], [ 1562411.343062942149118, -12912.630518418220163 ], [ 1562260.90793697652407, -12912.176004584838665 ], [ 1562261.136851653922349, -12942.68923776788688 ], [ 1562170.875815813429654, -12942.416452692988969 ], [ 1562171.104691464221105, -12972.929692137904567 ], [ 1561990.58272134535946, -12972.383960991684944 ], [ 1561991.040306914364919, -13033.410411711265624 ], [ 1561960.953305237926543, -13033.319416511587406 ], [ 1561961.182096238480881, -13063.832706071956636 ], [ 1561931.095085706561804, -13063.741692722573134 ], [ 1561931.32387011218816, -13094.255019864045607 ], [ 1561901.236850733170286, -13094.163988387614154 ], [ 1561901.465628542238846, -13124.677353108772877 ], [ 1561811.204565928317606, -13124.404196775314631 ], [ 1561811.433304710779339, -13154.917567768961817 ], [ 1561781.346282352227718, -13154.826495035598782 ], [ 1561781.117559784092009, -13124.313139693427729 ], [ 1561690.856585538946092, -13124.039953562471055 ], [ 1561690.627921236678958, -13093.526698428549935 ], [ 1561660.540960762416944, -13093.435647061864074 ], [ 1561660.312322301324457, -13062.922460831825447 ], [ 1561630.225385402329266, -13062.831422638209915 ], [ 1561629.996772769605741, -13032.318305280188724 ], [ 1561599.909859453095123, -13032.227280272390999 ], [ 1561599.452695477986708, -12971.201236594570219 ], [ 1561569.365821947343647, -12971.110240397865709 ], [ 1561568.680196765810251, -12879.571621097255047 ], [ 1561538.593379233963788, -12879.480669365244466 ], [ 1561538.136376298964024, -12818.455220641071719 ], [ 1561508.049598552053794, -12818.364297723694108 ], [ 1561507.821127721108496, -12787.851668850622445 ], [ 1561477.734373548068106, -12787.760759102069642 ], [ 1561477.277493167901412, -12726.735692365822615 ], [ 1561447.190778776304796, -12726.644811429070614 ], [ 1561446.962369220098481, -12696.132373543236099 ], [ 1561386.788994933944196, -12695.950635503482772 ], [ 1561387.017372066387907, -12726.463042082825268 ], [ 1561326.843994783004746, -12726.281262763481209 ], [ 1561327.072349115740508, -12756.79369127740938 ], [ 1561116.465646913507953, -12756.157275636289341 ], [ 1561026.205742026912048, -12755.884488687008343 ], [ 1561025.749367194948718, -12694.85999792054281 ], [ 1560995.662779362173751, -12694.769095250310784 ], [ 1560995.434622573899105, -12664.256945347950023 ], [ 1560875.088409622665495, -12663.893372313275904 ], [ 1560875.316501574823633, -12694.405459616815278 ], [ 1560815.143406802322716, -12694.223626826964392 ], [ 1560815.371475952910259, -12724.735736062255455 ], [ 1560785.284923385130242, -12724.644800270632913 ], [ 1560785.512985948706046, -12755.156947108269378 ], [ 1560755.426424530800432, -12755.065993182517559 ], [ 1560755.654480489436537, -12785.578177574350775 ], [ 1560635.308243515668437, -12785.214274331985507 ], [ 1560635.536244254559278, -12815.726449368905378 ], [ 1560515.190060093300417, -12815.362443609832553 ], [ 1560515.418005620595068, -12845.874609301752571 ], [ 1560455.244925235398114, -12845.692560152891019 ], [ 1560455.472847959026694, -12876.204747779394893 ], [ 1560365.213233890710399, -12875.931608384058563 ], [ 1560365.441117611713707, -12906.443802324827629 ], [ 1560335.354578085942194, -12906.352735224521894 ], [ 1560335.810341938398778, -12967.377251482437714 ], [ 1560365.896913879550993, -12967.468349873655825 ], [ 1560366.124826427083462, -12997.98070349304362 ], [ 1560426.298024772666395, -12998.162924057538476 ], [ 1560426.525979349389672, -13028.675362203253826 ], [ 1560456.612605756847188, -13028.76648438502707 ], [ 1560457.980632311897352, -13211.842325057998096 ], [ 1560427.89390865387395, -13211.751109002774683 ], [ 1560428.349961989326403, -13272.776783855120811 ], [ 1560458.436718065058812, -13272.868031194884679 ], [ 1560458.664775356184691, -13303.380964111489448 ], [ 1560488.751554992515594, -13303.472224600956906 ], [ 1560488.979638112476096, -13333.985226424276334 ], [ 1560519.066441316157579, -13334.076500076902448 ], [ 1560519.294550253311172, -13364.589570770114733 ], [ 1560549.381377018755302, -13364.680857569612272 ], [ 1560549.837656162912026, -13425.707190008419275 ], [ 1560579.92452270234935, -13425.798505602724617 ], [ 1560580.152692905860022, -13456.31176733911343 ], [ 1560610.239583014743403, -13456.403096093743443 ], [ 1560610.695984688820317, -13517.429810605450257 ], [ 1560640.78291457076557, -13517.521168152763494 ], [ 1560641.239387127570808, -13578.548126950139704 ], [ 1560671.326356794219464, -13578.639513309253744 ], [ 1560671.782900231191888, -13639.666716397256096 ], [ 1560701.869909680914134, -13639.758131563214192 ], [ 1560702.783176796510816, -13761.813239385332054 ], [ 1560672.69610249903053, -13761.721761640377736 ], [ 1560672.924427104881033, -13792.235656087839743 ], [ 1560642.837343947961926, -13792.144160194593496 ], [ 1560643.065661955391988, -13822.658092250067057 ], [ 1560582.891485295491293, -13822.475061723996987 ], [ 1560583.119780494831502, -13852.989015748044039 ], [ 1560522.945600839331746, -13852.805943971414308 ], [ 1560523.173873226623982, -13883.319919964744258 ], [ 1560432.912610281025991, -13883.045246685114762 ], [ 1560433.140843648463488, -13913.55922900828773 ], [ 1560403.053754497086629, -13913.46765061959195 ], [ 1560403.28198126447387, -13943.981670545112138 ], [ 1560373.1948832643684, -13943.890074039991305 ], [ 1560373.651333218673244, -14004.918242396992355 ], [ 1560343.564210146199912, -14004.826612094935626 ], [ 1560344.020666138501838, -14065.854962230130695 ], [ 1560313.93351799226366, -14065.763298138930622 ], [ 1560314.389980019303039, -14126.791830045945972 ], [ 1560284.302806805819273, -14126.70013218330314 ], [ 1560284.531036026775837, -14157.214462390853441 ], [ 1560254.443853965261951, -14157.12274641744807 ], [ 1560254.672076587099582, -14187.637114238676077 ], [ 1560224.584885664051399, -14187.545380119105175 ], [ 1560224.813101690262556, -14218.059785577375806 ], [ 1560194.725901910802349, -14217.96803332296804 ], [ 1560194.954111336730421, -14248.482476401997701 ], [ 1560164.866902704583481, -14248.39070602762331 ], [ 1560165.095105529297143, -14278.905186724579835 ], [ 1560135.007888044463471, -14278.813398230238818 ], [ 1560135.236084269825369, -14309.327916552199895 ], [ 1560105.14885792392306, -14309.236109910276355 ], [ 1560106.289902213262394, -14461.809422445348901 ], [ 1560136.37720963312313, -14461.901307309955882 ], [ 1560136.605463549494743, -14492.416145287272229 ], [ 1560166.69279453647323, -14492.508043306537729 ], [ 1560167.149363647447899, -14553.537910386488875 ], [ 1560197.236734422156587, -14553.629837210475671 ], [ 1560197.693374424008653, -14614.659948695767525 ], [ 1560227.78078499250114, -14614.75190433226453 ], [ 1560229.1510330948513, -14797.843611481988773 ], [ 1560199.063525236444548, -14797.751561991160997 ], [ 1560199.291917360620573, -14828.267017367970766 ], [ 1560169.204400642774999, -14828.174949740889133 ], [ 1560169.43278617085889, -14858.690442771738162 ], [ 1560139.345260589150712, -14858.598356997783412 ], [ 1560139.573639520909637, -14889.113887677713137 ], [ 1560109.486105090240017, -14889.021783795829833 ], [ 1560109.942859359784052, -14950.052973716883571 ], [ 1560079.855299853952602, -14949.960836060725342 ], [ 1560080.312060156837106, -15010.992207858402253 ], [ 1560050.224475577939302, -15010.900036430093678 ], [ 1560050.45285393926315, -15041.415786634312099 ], [ 1560020.365260501159355, -15041.323597072583652 ], [ 1560020.593632266158238, -15071.83938493155074 ], [ 1559990.506029974203557, -15071.747177257642761 ], [ 1559990.734395128674805, -15102.26300273949164 ], [ 1559960.646783981239423, -15102.170776939954521 ], [ 1559960.875142538687214, -15132.686640087880733 ], [ 1559930.787522534606978, -15132.594396158463496 ], [ 1559931.015874493867159, -15163.110296966093301 ], [ 1559900.928245630348101, -15163.01803490608836 ], [ 1559901.384945965139195, -15224.049965132817306 ], [ 1559871.297292026458308, -15223.957669304909359 ], [ 1559873.581208506599069, -15529.120362091140123 ], [ 1559783.317804316757247, -15528.842990428518533 ], [ 1559783.089418045477942, -15498.32652819084251 ], [ 1559722.913884497946128, -15498.141632645154459 ], [ 1559722.68554028053768, -15467.625255009572356 ], [ 1559662.510068609844893, -15467.440380824187741 ], [ 1559662.281766444910318, -15436.924087782201241 ], [ 1559572.018662785645574, -15436.646804808915476 ], [ 1559571.790418880060315, -15406.130611978012894 ], [ 1559511.61508567025885, -15405.945775538015369 ], [ 1559511.386883819708601, -15375.429667316286213 ], [ 1559451.211612472310662, -15375.244852215348146 ], [ 1559450.983452672837302, -15344.728828589340992 ], [ 1559330.633063127286732, -15344.359231139927942 ], [ 1559330.404977797297761, -15313.843323358069028 ], [ 1559360.49254793045111, -15313.935710801953974 ], [ 1559358.212061226600781, -15008.779408078624328 ], [ 1559328.124653228092939, -15008.68717701778769 ], [ 1559327.668703666888177, -14947.656587288312949 ], [ 1559297.581335448194295, -14947.564385012370622 ], [ 1559297.12545675993897, -14886.534039726473566 ], [ 1559267.038128319429234, -14886.44186624179747 ], [ 1559266.810219601262361, -14855.926789155844745 ], [ 1559236.722914728568867, -14855.834628827953566 ], [ 1559235.127936313860118, -14642.230690780914301 ], [ 1559205.040752265835181, -14642.138637412446769 ], [ 1559204.585163067094982, -14581.109451659234765 ], [ 1559174.498018785612658, -14581.017427058666726 ], [ 1559173.587020534323528, -14458.959757410790189 ], [ 1559143.499948444776237, -14458.867792878239925 ], [ 1559142.589168779319152, -14336.811038186342557 ], [ 1559112.502168875187635, -14336.719133712604162 ], [ 1559111.819233638467267, -14245.17717394956162 ], [ 1559081.732289698207751, -14245.085313864039563 ], [ 1559080.821908731013536, -14123.03017583230212 ], [ 1559050.735036965692416, -14122.938375796386026 ], [ 1559049.824874546611682, -14000.884152548554994 ], [ 1559019.738074949476868, -14000.792412547376443 ], [ 1559018.600669101346284, -13848.225910020950323 ], [ 1558988.513957874616608, -13848.134245693945559 ], [ 1558987.831678253831342, -13756.595030174285057 ], [ 1558957.745022985618562, -13756.503410246827116 ], [ 1558957.062878423836082, -13664.964720899435633 ], [ 1558926.976279110647738, -13664.873145384271993 ], [ 1558926.294269604608417, -13573.334982191448944 ], [ 1558896.207726234104484, -13573.243451048923816 ], [ 1558895.753133657388389, -13512.218306429182121 ], [ 1558865.666630039224401, -13512.126804069424907 ], [ 1558865.212108283769339, -13451.101903707029123 ], [ 1558835.125644408399239, -13451.0104300868461 ], [ 1558834.443982406053692, -13359.473525764682563 ], [ 1558804.357574470108375, -13359.382096533427102 ], [ 1558803.676047502551228, -13267.845718291478988 ], [ 1558773.589695507660508, -13267.754333449147452 ], [ 1558772.908303558593616, -13176.218481232890554 ], [ 1558742.82200750336051, -13176.127140782316928 ], [ 1558742.367826614296064, -13115.103536749888008 ], [ 1558712.281570293009281, -13115.012225046679305 ], [ 1558711.82746020774357, -13053.988865209988944 ], [ 1558681.741243625292554, -13053.897582274677916 ], [ 1558681.287204336374998, -12992.874466606819624 ], [ 1558651.201027483213693, -12992.783212409665794 ], [ 1558650.747059, -12931.76034094604438 ], [ 1558620.660921875853091, -12931.669115494129073 ], [ 1558619.980089736171067, -12840.135254370361508 ], [ 1558589.894008545670658, -12840.044073314453271 ], [ 1558589.213311402592808, -12748.510738114408014 ], [ 1558559.12728612893261, -12748.419601421224797 ], [ 1558558.673568418016657, -12687.397675314394291 ], [ 1558528.587582870852202, -12687.306567362202259 ], [ 1558528.133935945807025, -12626.284885395878518 ], [ 1558498.047990124672651, -12626.193806194587523 ], [ 1558497.367640314158052, -12534.661729279592691 ], [ 1558467.281750401016325, -12534.570694424033718 ], [ 1558466.374816471710801, -12412.528732735599988 ], [ 1558436.288998665753752, -12412.43775787512277 ], [ 1558435.382283065468073, -12290.396710075539886 ], [ 1558465.468036105856299, -12290.487622435623052 ], [ 1558465.014703508000821, -12229.467386543736211 ], [ 1558495.100431489758193, -12229.558265112549634 ], [ 1558494.647104893811047, -12168.538210780756344 ], [ 1558524.732807832304388, -12168.629055600078573 ], [ 1558524.506142741069198, -12138.119092623786855 ], [ 1558554.591836817096919, -12138.209919292694394 ], [ 1558554.365165130002424, -12107.699993884758442 ], [ 1558584.450850347522646, -12107.790802408208037 ], [ 1558584.224172066664323, -12077.280914580667741 ], [ 1558614.309848427772522, -12077.371704967863479 ], [ 1558614.083163554547355, -12046.861854716471498 ], [ 1558612.949883142253384, -11894.313401457471628 ], [ 1558582.864303924608976, -11894.222704828302085 ], [ 1558582.411091320449486, -11833.203727171188802 ], [ 1558552.32555182161741, -11833.113059302128022 ], [ 1558551.872409977950156, -11772.09432566018404 ], [ 1558521.786910181632265, -11772.003686507330713 ], [ 1558521.107317959191278, -11680.476031885944394 ], [ 1558491.021874055732042, -11680.385437077404276 ], [ 1558490.795378698967397, -11649.876340891078144 ], [ 1558460.70995831862092, -11649.785759211707045 ], [ 1558460.483488741097972, -11619.276731825169918 ], [ 1558370.227320127887651, -11619.005018483721869 ], [ 1558370.000908708199859, -11588.496091168060957 ], [ 1558309.830198647454381, -11588.314967579915901 ], [ 1558309.603829191299155, -11557.806124684362658 ], [ 1558279.518501337151974, -11557.715574727857529 ], [ 1558279.29215766582638, -11527.206800654754261 ], [ 1558249.20685332454741, -11527.11626379909103 ], [ 1558248.980535429669544, -11496.607558529318339 ], [ 1558218.895254604751244, -11496.51703477733281 ], [ 1558218.668962485622615, -11466.008398305932133 ], [ 1558188.583705168683082, -11465.917887649125987 ], [ 1558188.131182087352499, -11404.900805513700107 ], [ 1558158.045964465942234, -11404.810323574516588 ], [ 1558157.367300335550681, -11313.285146088279362 ], [ 1558127.282138596754521, -11313.194708499073386 ], [ 1558127.055952586932108, -11282.686437976783054 ], [ 1558126.829776166239753, -11252.178220626175971 ], [ 1558096.74465411901474, -11252.087811757424788 ], [ 1558096.066230968106538, -11160.563525658253639 ], [ 1558065.981164789758623, -11160.473161114696268 ], [ 1558065.755059106973931, -11129.965187728274032 ], [ 1558035.670016427990049, -11129.874836260778466 ], [ 1558035.21786619676277, -11068.859080231577536 ], [ 1558005.132863213540986, -11068.768757495157843 ], [ 1558004.906818661373109, -11038.260974849546983 ] ] ], [ [ [ 1596655.260467202169821, 5751.77588802896571 ], [ 1596625.174912703456357, 5751.854300315121691 ], [ 1596624.933315142290667, 5782.353004686210625 ], [ 1596655.018853334244341, 5782.274608312825876 ], [ 1596655.260467202169821, 5751.77588802896571 ] ] ] ] } }
]
}
