{
    "type": "FeatureCollection",
    "name": "finalcat_info_riv_v1-0",
    "crs": {
        "type": "name",
        "properties": {
            "name": "urn:ogc:def:crs:OGC:1.3:CRS84"
        }
    },
    "features": [
        {
            "type": "Feature",
            "properties": {
                "SubId": 23000187,
                "DowSubId": 23000210,
                "RivSlope": 0.008348935338524,
                "RivLength": 10329.77705424,
                "BasSlope": 22.099031370855453,
                "BasAspect": 177.0669276854258,
                "BasArea": 20152800.0,
                "BkfWidth": 11.6153784394,
                "BkfDepth": 0.359736317602,
                "Lake_Cat": 0.0,
                "HyLakeId": 0,
                "LakeVol": 0.0,
                "LakeDepth": 0.0,
                "LakeArea": 0.0,
                "Laketype": 0.0,
                "Has_POI": 0,
                "MeanElev": 1478.6664013686682,
                "FloodP_n": 0.1,
                "Q_Mean": 2.271242150141952,
                "Ch_n": 0.064201449967639,
                "DrainArea": 44789400.0,
                "Strahler": 2.0,
                "Seg_ID": 101.0,
                "Seg_order": 2.0,
                "Max_DEM": 1191.0,
                "Min_DEM": 1140.0,
                "Obs_NM": "<NA>",
                "SRC_obs": "<NA>",
                "centroid_x": -74.29292767715559,
                "centroid_y": 46.787907335139884,
                "DA_Chn_L": 15715.5844123,
                "DA_Slope": 15.4050548178,
                "DA_Chn_Slp": 0.00941740352235,
                "outletLat": 46.75637952,
                "outletLng": -74.31982653,
                "k": 0.0653543025255,
                "c": 0.969084024429,
                "SSDA_NM": "02_02",
                "SDA_NM": "02N",
                "rvhName": "sub23000187"
            },
            "geometry": {
                "type": "MultiLineString",
                "coordinates": [
                    [
                        [
                            -74.29386461207667,
                            46.80884859236033
                        ],
                        [
                            -74.2934949598993,
                            46.80876219356409
                        ],
                        [
                            -74.29361874365843,
                            46.808504182679656
                        ],
                        [
                            -74.2928794470026,
                            46.80833138157977
                        ],
                        [
                            -74.29263358853285,
                            46.80798696885325
                        ],
                        [
                            -74.29226394541668,
                            46.807900565107765
                        ],
                        [
                            -74.29263530610457,
                            46.8071265341528
                        ],
                        [
                            -74.29226566976828,
                            46.80704013019305
                        ],
                        [
                            -74.29263702361322,
                            46.80626609725315
                        ],
                        [
                            -74.2923911777529,
                            46.80592168179451
                        ],
                        [
                            -74.29251496008699,
                            46.80566367015289
                        ],
                        [
                            -74.29214533550406,
                            46.80557726535544
                        ],
                        [
                            -74.29264045844148,
                            46.80454521685605
                        ],
                        [
                            -74.29190122780753,
                            46.80437240620929
                        ],
                        [
                            -74.29202500874777,
                            46.804114394010426
                        ],
                        [
                            -74.29165539727961,
                            46.80402798693354
                        ],
                        [
                            -74.29202673734439,
                            46.8032539494225
                        ],
                        [
                            -74.29178091175788,
                            46.80290952932293
                        ],
                        [
                            -74.29190468949874,
                            46.80265151615748
                        ],
                        [
                            -74.29153508978234,
                            46.80256510824295
                        ],
                        [
                            -74.29165886796663,
                            46.8023070951297
                        ],
                        [
                            -74.29215224089434,
                            46.80213548875557
                        ],
                        [
                            -74.29239978684193,
                            46.80161945992572
                        ],
                        [
                            -74.29166060321462,
                            46.80144664592825
                        ],
                        [
                            -74.29178437775623,
                            46.801188631796165
                        ],
                        [
                            -74.2914147897909,
                            46.801102223044
                        ],
                        [
                            -74.29153856477589,
                            46.800844208964044
                        ],
                        [
                            -74.2907993965418,
                            46.80067138795281
                        ],
                        [
                            -74.29104694964707,
                            46.80015536035858
                        ],
                        [
                            -74.29154030217703,
                            46.799983756024865
                        ],
                        [
                            -74.29166407351957,
                            46.79972574092605
                        ],
                        [
                            -74.29129449730455,
                            46.799639331336245
                        ],
                        [
                            -74.29191334261532,
                            46.798349252532425
                        ],
                        [
                            -74.29154377678803,
                            46.798262843546624
                        ],
                        [
                            -74.29179130898986,
                            46.7977468103442
                        ],
                        [
                            -74.29154551399792,
                            46.797402384007334
                        ],
                        [
                            -74.29191680341744,
                            46.79662833168219
                        ],
                        [
                            -74.29154725114407,
                            46.79654192226784
                        ],
                        [
                            -74.29191853372328,
                            46.79576786795671
                        ],
                        [
                            -74.29154898822645,
                            46.795681458328026
                        ],
                        [
                            -74.29216777431702,
                            46.79439136271404
                        ],
                        [
                            -74.29192199414445,
                            46.79404693390429
                        ],
                        [
                            -74.29216949993625,
                            46.793530893263444
                        ],
                        [
                            -74.29179997160142,
                            46.79344448402426
                        ],
                        [
                            -74.29155419909125,
                            46.79310005330565
                        ],
                        [
                            -74.29081515283868,
                            46.792927228437776
                        ],
                        [
                            -74.29069139476611,
                            46.793185247657476
                        ],
                        [
                            -74.29032187187745,
                            46.79309883265215
                        ],
                        [
                            -74.2904456317547,
                            46.79284081384152
                        ],
                        [
                            -74.29007611203225,
                            46.79275439780376
                        ],
                        [
                            -74.29019987235259,
                            46.79249637904512
                        ],
                        [
                            -74.28983035579634,
                            46.79240996197497
                        ],
                        [
                            -74.28995411655973,
                            46.792151943268244
                        ],
                        [
                            -74.28958460316962,
                            46.792065525165754
                        ],
                        [
                            -74.28970836437604,
                            46.791807506511105
                        ],
                        [
                            -74.28896934528959,
                            46.7916346667997
                        ],
                        [
                            -74.2890931087435,
                            46.79137664860608
                        ],
                        [
                            -74.28946261580145,
                            46.79146306877341
                        ],
                        [
                            -74.28995764878405,
                            46.79043099079161
                        ],
                        [
                            -74.289588148944,
                            46.7903445722606
                        ],
                        [
                            -74.28983566087544,
                            46.789828531945226
                        ],
                        [
                            -74.28909667249731,
                            46.78965569219507
                        ],
                        [
                            -74.28946794101009,
                            46.78888163149804
                        ]
                    ],
                    [
                        [
                            -74.31970302327665,
                            46.75663760860479
                        ],
                        [
                            -74.3198265255245,
                            46.75637952403237
                        ],
                        [
                            -74.31933373469958,
                            46.75655129565754
                        ]
                    ],
                    [
                        [
                            -74.28946794101009,
                            46.78888163149804
                        ],
                        [
                            -74.28959169445824,
                            46.78862361055144
                        ],
                        [
                            -74.28922220952859,
                            46.788537190150464
                        ],
                        [
                            -74.28934596341968,
                            46.788279169255766
                        ],
                        [
                            -74.28971544654502,
                            46.78836558924775
                        ],
                        [
                            -74.28983919727048,
                            46.78810756758684
                        ],
                        [
                            -74.29082565414646,
                            46.78776435639927
                        ],
                        [
                            -74.2915646191004,
                            46.78793718383924
                        ],
                        [
                            -74.29168835852488,
                            46.78767915947097
                        ],
                        [
                            -74.29218157749831,
                            46.78750754548544
                        ],
                        [
                            -74.29230531239614,
                            46.78724951999403
                        ],
                        [
                            -74.2919358332903,
                            46.78716310966315
                        ],
                        [
                            -74.29218330261115,
                            46.786647058426915
                        ],
                        [
                            -74.29329173318624,
                            46.78690628264143
                        ],
                        [
                            -74.29427813954176,
                            46.786563034823274
                        ],
                        [
                            -74.29452557993133,
                            46.78604697664067
                        ],
                        [
                            -74.29489505501654,
                            46.78613337731081
                        ],
                        [
                            -74.29526619998103,
                            46.785359286132085
                        ],
                        [
                            -74.29489673030872,
                            46.78527288668872
                        ],
                        [
                            -74.2950204443794,
                            46.785014855990596
                        ],
                        [
                            -74.29551362315303,
                            46.784843223560905
                        ],
                        [
                            -74.29526786843822,
                            46.78449879352302
                        ],
                        [
                            -74.2955152870538,
                            46.783982729627176
                        ],
                        [
                            -74.29625420971688,
                            46.78415552298351
                        ],
                        [
                            -74.2963779133751,
                            46.78389748968224
                        ],
                        [
                            -74.29711683787264,
                            46.78407027645535
                        ],
                        [
                            -74.2972405365617,
                            46.7838122419792
                        ],
                        [
                            -74.29760999904725,
                            46.78389863279482
                        ],
                        [
                            -74.2977336945714,
                            46.78364059755279
                        ],
                        [
                            -74.29822684897262,
                            46.78346895051021
                        ],
                        [
                            -74.29785738873494,
                            46.78338256195364
                        ],
                        [
                            -74.29798108153784,
                            46.78312452599751
                        ],
                        [
                            -74.2983505399713,
                            46.78321091414522
                        ],
                        [
                            -74.29810477298018,
                            46.78286648968427
                        ],
                        [
                            -74.29822846306196,
                            46.78260845301399
                        ],
                        [
                            -74.29798270012287,
                            46.782264027624066
                        ],
                        [
                            -74.2982300770921,
                            46.78174795331591
                        ],
                        [
                            -74.2989689745566,
                            46.78192072696436
                        ],
                        [
                            -74.2990926573922,
                            46.78166268845704
                        ],
                        [
                            -74.29946210636098,
                            46.78174907271045
                        ],
                        [
                            -74.29958578603197,
                            46.78149103343728
                        ],
                        [
                            -74.30032468444242,
                            46.781663796802505
                        ],
                        [
                            -74.30044835914465,
                            46.78140575635465
                        ],
                        [
                            -74.30081780858626,
                            46.781492135466436
                        ],
                        [
                            -74.30057203248656,
                            46.78114771554977
                        ],
                        [
                            -74.3011903787915,
                            46.7798575061699
                        ],
                        [
                            -74.30192925738508,
                            46.780030258047
                        ],
                        [
                            -74.30217657916893,
                            46.77951417016076
                        ],
                        [
                            -74.30254601689775,
                            46.77960054311984
                        ],
                        [
                            -74.30291698396015,
                            46.778826407386596
                        ],
                        [
                            -74.30254755164363,
                            46.7787400356537
                        ],
                        [
                            -74.30316581190006,
                            46.77744980433461
                        ],
                        [
                            -74.30390465985268,
                            46.77762254227205
                        ],
                        [
                            -74.30439772842813,
                            46.77745086051797
                        ],
                        [
                            -74.30550600922412,
                            46.77770995106451
                        ],
                        [
                            -74.30538237207715,
                            46.777968000851466
                        ],
                        [
                            -74.30722954295511,
                            46.778399791645924
                        ],
                        [
                            -74.3074767978476,
                            46.77788368762852
                        ],
                        [
                            -74.30710736456074,
                            46.777797333169566
                        ],
                        [
                            -74.30723099177149,
                            46.77753928103403
                        ],
                        [
                            -74.30686156164856,
                            46.777452925542384
                        ],
                        [
                            -74.30698518930369,
                            46.77719487345848
                        ],
                        [
                            -74.30673939044415,
                            46.77685046490189
                        ],
                        [
                            -74.30636996664897,
                            46.77676410734492
                        ],
                        [
                            -74.30649359519278,
                            46.7765060553643
                        ],
                        [
                            -74.30686301718387,
                            46.776592412512684
                        ],
                        [
                            -74.30748113048706,
                            46.7753021452115
                        ],
                        [
                            -74.3071117175161,
                            46.775215790106195
                        ],
                        [
                            -74.30760619090117,
                            46.77418357147362
                        ],
                        [
                            -74.30723678650558,
                            46.774097216561415
                        ],
                        [
                            -74.30736040325684,
                            46.77383916141937
                        ],
                        [
                            -74.3077298058485,
                            46.77392551592298
                        ],
                        [
                            -74.30797703166462,
                            46.773409403750684
                        ],
                        [
                            -74.30760763268071,
                            46.77332305006422
                        ],
                        [
                            -74.30773124535338,
                            46.77306499385111
                        ],
                        [
                            -74.30810064253345,
                            46.773151347129044
                        ],
                        [
                            -74.3084714669832,
                            46.772377175122095
                        ],
                        [
                            -74.30884086011118,
                            46.772463525733066
                        ],
                        [
                            -74.30896446373846,
                            46.77220546727488
                        ],
                        [
                            -74.30871867648602,
                            46.771861058665735
                        ],
                        [
                            -74.30834928832503,
                            46.77177470743055
                        ],
                        [
                            -74.30847289284117,
                            46.77151664907541
                        ],
                        [
                            -74.30884227919839,
                            46.77160299990201
                        ],
                        [
                            -74.30896588055143,
                            46.7713449407813
                        ],
                        [
                            -74.3087200977954,
                            46.77100053129405
                        ],
                        [
                            -74.30909089503203,
                            46.77022635194444
                        ],
                        [
                            -74.30884511721669,
                            46.76988194163048
                        ],
                        [
                            -74.3092144913924,
                            46.76996829144723
                        ],
                        [
                            -74.3094616800355,
                            46.76945216938175
                        ],
                        [
                            -74.30995464244225,
                            46.76928045496348
                        ],
                        [
                            -74.31007823156226,
                            46.769022392629736
                        ],
                        [
                            -74.31044760124172,
                            46.76910873793017
                        ],
                        [
                            -74.31094055643392,
                            46.76893701828168
                        ],
                        [
                            -74.31167929898096,
                            46.76910970085982
                        ],
                        [
                            -74.31180287816818,
                            46.76885163617819
                        ],
                        [
                            -74.31217224967656,
                            46.76893797489703
                        ],
                        [
                            -74.31254297367319,
                            46.76816377748485
                        ],
                        [
                            -74.3129123411295,
                            46.76825011353716
                        ],
                        [
                            -74.31303591127349,
                            46.76799204661078
                        ],
                        [
                            -74.31229718132707,
                            46.76781937388173
                        ],
                        [
                            -74.31242075371942,
                            46.76756130741511
                        ],
                        [
                            -74.31279011620956,
                            46.76764764409182
                        ],
                        [
                            -74.31291368543938,
                            46.767389576859806
                        ],
                        [
                            -74.31254432475286,
                            46.76730324059154
                        ],
                        [
                            -74.31266789442742,
                            46.76704517341101
                        ],
                        [
                            -74.31316081982246,
                            46.76687344132484
                        ],
                        [
                            -74.3127914627431,
                            46.76678710587343
                        ],
                        [
                            -74.31328572241766,
                            46.765754832153256
                        ],
                        [
                            -74.31303993723641,
                            46.76541042798018
                        ],
                        [
                            -74.31340928393935,
                            46.76549676283071
                        ],
                        [
                            -74.31353284410233,
                            46.76523869315119
                        ],
                        [
                            -74.31328705981053,
                            46.76489428908084
                        ],
                        [
                            -74.31341061905954,
                            46.76463621909573
                        ],
                        [
                            -74.31304127912566,
                            46.764549884029186
                        ],
                        [
                            -74.3132883971544,
                            46.764033743804646
                        ],
                        [
                            -74.31365773348149,
                            46.76412007805445
                        ],
                        [
                            -74.31341195413077,
                            46.763775673156886
                        ],
                        [
                            -74.31304262096567,
                            46.7636893378744
                        ],
                        [
                            -74.3135355097485,
                            46.76351760215209
                        ],
                        [
                            -74.31365906400764,
                            46.763259530790314
                        ],
                        [
                            -74.3132897344492,
                            46.76317319632448
                        ],
                        [
                            -74.3135368424983,
                            46.76265705334657
                        ],
                        [
                            -74.31279819467035,
                            46.76248438172534
                        ]
                    ],
                    [
                        [
                            -74.31279819467035,
                            46.76248438172534
                        ],
                        [
                            -74.31292175026353,
                            46.76222631051755
                        ],
                        [
                            -74.31255243019064,
                            46.76213997295375
                        ],
                        [
                            -74.31279954090769,
                            46.76162383028382
                        ],
                        [
                            -74.31206091205033,
                            46.761451152466556
                        ],
                        [
                            -74.3121844689773,
                            46.76119308141271
                        ],
                        [
                            -74.31144584916042,
                            46.761020398648206
                        ],
                        [
                            -74.31156940833499,
                            46.76076232805409
                        ],
                        [
                            -74.31120010226746,
                            46.76067598491869
                        ],
                        [
                            -74.31157077704896,
                            46.759901772219045
                        ],
                        [
                            -74.31194007770745,
                            46.75998811412929
                        ],
                        [
                            -74.31206363144791,
                            46.75973004210701
                        ],
                        [
                            -74.31280223323432,
                            46.75990272078807
                        ],
                        [
                            -74.31378792943589,
                            46.75955924532287
                        ],
                        [
                            -74.31415723147747,
                            46.7596455788034
                        ],
                        [
                            -74.31428077212756,
                            46.75938750366836
                        ],
                        [
                            -74.31465007372442,
                            46.759473835299644
                        ],
                        [
                            -74.3151429123652,
                            46.75930208918129
                        ],
                        [
                            -74.31526644669253,
                            46.7590440125156
                        ],
                        [
                            -74.31563574739982,
                            46.75913034044838
                        ],
                        [
                            -74.31600633682318,
                            46.75835610708446
                        ],
                        [
                            -74.31846916832079,
                            46.75835787481195
                        ],
                        [
                            -74.31859268187745,
                            46.75809979314653
                        ],
                        [
                            -74.31896198127308,
                            46.758186108542965
                        ],
                        [
                            -74.31908549166857,
                            46.7579280261124
                        ],
                        [
                            -74.31945479061905,
                            46.758014339659645
                        ],
                        [
                            -74.31957829785341,
                            46.75775625646388
                        ],
                        [
                            -74.31994759635872,
                            46.75784256816194
                        ],
                        [
                            -74.32031810450479,
                            46.757068315208286
                        ],
                        [
                            -74.31994881140889,
                            46.756982004734795
                        ],
                        [
                            -74.31970302327665,
                            46.75663760860479
                        ]
                    ]
                ]
            }
        },
        {
            "type": "Feature",
            "properties": {
                "SubId": 23000197,
                "DowSubId": 23012041,
                "RivSlope": 0.009188673602277,
                "RivLength": 10447.64501987,
                "BasSlope": 27.649362595790038,
                "BasAspect": 166.17042803105304,
                "BasArea": 21775500.0,
                "BkfWidth": 51.5524451517,
                "BkfDepth": 0.879657941056,
                "Lake_Cat": 0.0,
                "HyLakeId": 0,
                "LakeVol": 0.0,
                "LakeDepth": 0.0,
                "LakeArea": 0.0,
                "Laketype": 0.0,
                "Has_POI": 0,
                "MeanElev": 1387.8161439893831,
                "FloodP_n": 0.102677063855101,
                "Q_Mean": 50.866332604323595,
                "Ch_n": 0.065813307055375,
                "DrainArea": 970291800.0000002,
                "Strahler": 3.0,
                "Seg_ID": 117.0,
                "Seg_order": 1.0,
                "Max_DEM": 1092.0,
                "Min_DEM": 1040.0,
                "Obs_NM": "<NA>",
                "SRC_obs": "<NA>",
                "centroid_x": -74.0339223484391,
                "centroid_y": 46.64504706433597,
                "DA_Chn_L": 90787.5562621,
                "DA_Slope": 3.74731943678,
                "DA_Chn_Slp": 0.0137463772722,
                "outletLat": 46.63594309,
                "outletLng": -74.01134423,
                "k": 0.0653543025255,
                "c": 0.969084024429,
                "SSDA_NM": "02_02",
                "SDA_NM": "02N",
                "rvhName": "sub23000197"
            },
            "geometry": {
                "type": "MultiLineString",
                "coordinates": [
                    [
                        [
                            -74.06412557210771,
                            46.604797323348045
                        ],
                        [
                            -74.06388245037844,
                            46.6044521186706
                        ],
                        [
                            -74.06314720348854,
                            46.60427744752536
                        ],
                        [
                            -74.06302269438545,
                            46.60453531754997
                        ],
                        [
                            -74.0626550712036,
                            46.60444797941577
                        ],
                        [
                            -74.06253055895667,
                            46.60470584866876
                        ],
                        [
                            -74.06216293535654,
                            46.60461850869003
                        ],
                        [
                            -74.06154034477373,
                            46.605907847484765
                        ],
                        [
                            -74.06190797727932,
                            46.60599518951585
                        ],
                        [
                            -74.06178345685517,
                            46.606253056601766
                        ],
                        [
                            -74.06215109250483,
                            46.6063403976093
                        ],
                        [
                            -74.06202657249891,
                            46.60659826474451
                        ],
                        [
                            -74.06226969170504,
                            46.60694347191293
                        ],
                        [
                            -74.06202064844078,
                            46.607459205198445
                        ],
                        [
                            -74.06238829394124,
                            46.60754654497979
                        ],
                        [
                            -74.06164114212359,
                            46.60909373863132
                        ],
                        [
                            -74.06127348593526,
                            46.609006396386825
                        ],
                        [
                            -74.06114895408018,
                            46.60926426032076
                        ],
                        [
                            -74.06065676247407,
                            46.609434779393865
                        ],
                        [
                            -74.05992144978791,
                            46.609260086091844
                        ],
                        [
                            -74.06004598835014,
                            46.609002223750736
                        ],
                        [
                            -74.05967833583317,
                            46.60891487535908
                        ],
                        [
                            -74.05980287481349,
                            46.608657013067344
                        ],
                        [
                            -74.05907355557825,
                            46.607621375171924
                        ],
                        [
                            -74.05723536951331,
                            46.607184598401574
                        ],
                        [
                            -74.05711082037345,
                            46.60744245849229
                        ],
                        [
                            -74.0567431854691,
                            46.60735509842541
                        ],
                        [
                            -74.055391172318,
                            46.60760872543333
                        ],
                        [
                            -74.05502353930488,
                            46.60752135880899
                        ],
                        [
                            -74.05489897717,
                            46.60777921576297
                        ],
                        [
                            -74.05367151212694,
                            46.607774961414464
                        ],
                        [
                            -74.05354694192229,
                            46.60803281641404
                        ],
                        [
                            -74.05281167748124,
                            46.607858067795
                        ],
                        [
                            -74.05268710235123,
                            46.60811592161196
                        ],
                        [
                            -74.05231947039506,
                            46.60802854474071
                        ],
                        [
                            -74.05219489212058,
                            46.60828639778567
                        ],
                        [
                            -74.05182725974707,
                            46.60819901906973
                        ],
                        [
                            -74.0517026783281,
                            46.60845687134278
                        ],
                        [
                            -74.05133504553729,
                            46.60836949078211
                        ],
                        [
                            -74.05121046097379,
                            46.60862734228323
                        ],
                        [
                            -74.0508428277657,
                            46.60853995987778
                        ],
                        [
                            -74.05071824005769,
                            46.60879781060686
                        ],
                        [
                            -74.05035060643237,
                            46.6087104263567
                        ],
                        [
                            -74.05022601557977,
                            46.60896827631374
                        ],
                        [
                            -74.04985838153729,
                            46.60888089021888
                        ],
                        [
                            -74.04973378754008,
                            46.6091387394039
                        ],
                        [
                            -74.04936615308047,
                            46.60905135146427
                        ],
                        [
                            -74.04924155593864,
                            46.60930919987723
                        ],
                        [
                            -74.04887392106193,
                            46.60922181009285
                        ],
                        [
                            -74.04874932077543,
                            46.60947965773375
                        ],
                        [
                            -74.04838168548167,
                            46.609392266104635
                        ],
                        [
                            -74.0473972036361,
                            46.609733170277586
                        ],
                        [
                            -74.04727259391547,
                            46.60999101560219
                        ],
                        [
                            -74.04764023182403,
                            46.61007841133166
                        ],
                        [
                            -74.04751562252032,
                            46.61033625670573
                        ],
                        [
                            -74.04788326357368,
                            46.61042365141196
                        ],
                        [
                            -74.04775865468694,
                            46.61068149683543
                        ],
                        [
                            -74.04812629888518,
                            46.61076889051839
                        ],
                        [
                            -74.04800169041542,
                            46.61102673599144
                        ],
                        [
                            -74.04898003204585,
                            46.61154675601221
                        ],
                        [
                            -74.04885542619118,
                            46.61180460199494
                        ],
                        [
                            -74.05032605436269,
                            46.61215415010644
                        ],
                        [
                            -74.050450653093,
                            46.611896302480694
                        ],
                        [
                            -74.05155363319908,
                            46.612158447274005
                        ],
                        [
                            -74.05142903981225,
                            46.612416296132
                        ],
                        [
                            -74.05179670435648,
                            46.612503675272244
                        ],
                        [
                            -74.05203977907632,
                            46.61284890229653
                        ],
                        [
                            -74.05141680267705,
                            46.614138143468566
                        ],
                        [
                            -74.05178448063674,
                            46.61422552220507
                        ],
                        [
                            -74.05116147904553,
                            46.615514756399534
                        ],
                        [
                            -74.05079379217896,
                            46.61542737560924
                        ],
                        [
                            -74.05066918598726,
                            46.61568522095357
                        ],
                        [
                            -74.05030149870336,
                            46.61559783831828
                        ],
                        [
                            -74.05017688936616,
                            46.6158556828906
                        ],
                        [
                            -74.04907383035497,
                            46.61559352514717
                        ],
                        [
                            -74.0489492143095,
                            46.61585136812576
                        ],
                        [
                            -74.04821384489351,
                            46.61567658830426
                        ],
                        [
                            -74.04808922392117,
                            46.61593443009991
                        ],
                        [
                            -74.04759691536026,
                            46.61610487865063
                        ],
                        [
                            -74.0474722898781,
                            46.6163627193129
                        ],
                        [
                            -74.04771535281866,
                            46.6167079533193
                        ],
                        [
                            -74.04759072638926,
                            46.61696579366985
                        ],
                        [
                            -74.04832611361898,
                            46.61714057759978
                        ],
                        [
                            -74.0482014893881,
                            46.61739841841075
                        ],
                        [
                            -74.04893688563793,
                            46.617573197425514
                        ],
                        [
                            -74.04881226360567,
                            46.61783103869692
                        ],
                        [
                            -74.04917996555851,
                            46.617918426463824
                        ],
                        [
                            -74.04855684384003,
                            46.619207629456284
                        ],
                        [
                            -74.04818913297943,
                            46.61912023963507
                        ],
                        [
                            -74.04793987117819,
                            46.61963591748151
                        ],
                        [
                            -74.04744752338998,
                            46.61980636337475
                        ],
                        [
                            -74.04732288729662,
                            46.620064200983926
                        ],
                        [
                            -74.04695517203857,
                            46.61997680665067
                        ],
                        [
                            -74.04683053279908,
                            46.62023464348767
                        ],
                        [
                            -74.04646281712398,
                            46.62014724730923
                        ],
                        [
                            -74.04596423939381,
                            46.621178589400884
                        ],
                        [
                            -74.0463319621954,
                            46.62126598722298
                        ],
                        [
                            -74.04608266870582,
                            46.62178165692302
                        ],
                        [
                            -74.04645039643542,
                            46.62186905413274
                        ],
                        [
                            -74.04632574942535,
                            46.6221268888518
                        ],
                        [
                            -74.04669348030133,
                            46.622214285038154
                        ],
                        [
                            -74.0465688337083,
                            46.62247211980687
                        ],
                        [
                            -74.04693656773074,
                            46.622559514969886
                        ],
                        [
                            -74.0468119215548,
                            46.62281734978826
                        ],
                        [
                            -74.0471796587237,
                            46.62290474392787
                        ],
                        [
                            -74.04705501296489,
                            46.62316257879596
                        ],
                        [
                            -74.04742275328032,
                            46.62324997191215
                        ],
                        [
                            -74.04729810793866,
                            46.62350780682996
                        ],
                        [
                            -74.04766585140064,
                            46.62359519892268
                        ],
                        [
                            -74.04815205833272,
                            46.62428565002272
                        ],
                        [
                            -74.04851980945269,
                            46.62437303863426
                        ],
                        [
                            -74.04839516714462,
                            46.6246308741121
                        ],
                        [
                            -74.04876292141127,
                            46.62471826170016
                        ],
                        [
                            -74.04838899164476,
                            46.62549176719929
                        ],
                        [
                            -74.0487567526223,
                            46.62557915458578
                        ],
                        [
                            -74.04850746285165,
                            46.626094823934395
                        ],
                        [
                            -74.04887522875815,
                            46.62618221070837
                        ],
                        [
                            -74.04875058360777,
                            46.62644004525182
                        ],
                        [
                            -74.04911835266122,
                            46.62652743100228
                        ],
                        [
                            -74.04886906183039,
                            46.62704309982746
                        ],
                        [
                            -74.04911219013258,
                            46.627388319247146
                        ],
                        [
                            -74.04886289467714,
                            46.62790398672711
                        ],
                        [
                            -74.0484951153478,
                            46.627816600356255
                        ],
                        [
                            -74.04812115658112,
                            46.62859009763436
                        ],
                        [
                            -74.0477533732699,
                            46.628502708596045
                        ],
                        [
                            -74.0475040570361,
                            46.62901837082014
                        ],
                        [
                            -74.04701160957859,
                            46.62918880968464
                        ],
                        [
                            -74.0468869462668,
                            46.62944663948268
                        ],
                        [
                            -74.0456589172075,
                            46.62944228272922
                        ],
                        [
                            -74.04553424581866,
                            46.62970011057176
                        ],
                        [
                            -74.04516645863922,
                            46.62961271189497
                        ],
                        [
                            -74.04479243093478,
                            46.63038619202208
                        ],
                        [
                            -74.04442463977372,
                            46.63029879067764
                        ],
                        [
                            -74.04417527758,
                            46.63081444146741
                        ],
                        [
                            -74.04380748421966,
                            46.63072703786638
                        ],
                        [
                            -74.04355811300012,
                            46.631242686389044
                        ],
                        [
                            -74.04319031744055,
                            46.63115528053136
                        ],
                        [
                            -74.04294093719494,
                            46.63167092678691
                        ],
                        [
                            -74.04257313943617,
                            46.631583518672514
                        ],
                        [
                            -74.04244844548295,
                            46.631841340847316
                        ],
                        [
                            -74.04195595020634,
                            46.632011752289756
                        ],
                        [
                            -74.04183125173988,
                            46.632269573330966
                        ],
                        [
                            -74.04146345136515,
                            46.63218216111416
                        ],
                        [
                            -74.04133874975086,
                            46.63243998138299
                        ],
                        [
                            -74.04097094895937,
                            46.632352567320574
                        ],
                        [
                            -74.04084624419725,
                            46.63261038681697
                        ],
                        [
                            -74.04011064314643,
                            46.63243555356636
                        ],
                        [
                            -74.0396181331949,
                            46.632605952690994
                        ],
                        [
                            -74.03888253677337,
                            46.63243111001115
                        ],
                        [
                            -74.03863310259837,
                            46.632946743085924
                        ],
                        [
                            -74.0382653028717,
                            46.63285931877193
                        ],
                        [
                            -74.03776641100389,
                            46.63389057894132
                        ],
                        [
                            -74.0380094932604,
                            46.63423581945052
                        ],
                        [
                            -74.03788476729541,
                            46.63449363363965
                        ],
                        [
                            -74.03751695687514,
                            46.63440620685835
                        ],
                        [
                            -74.037392227762,
                            46.63466402027494
                        ],
                        [
                            -74.03702441692529,
                            46.634576591647914
                        ],
                        [
                            -74.03689968466394,
                            46.63483440429192
                        ],
                        [
                            -74.03579625500251,
                            46.63457210857016
                        ],
                        [
                            -74.03444334762723,
                            46.634825419207175
                        ],
                        [
                            -74.03370773575008,
                            46.63465053796837
                        ],
                        [
                            -74.03358298513287,
                            46.63490834623833
                        ],
                        [
                            -74.0302727832697,
                            46.63412130595675
                        ],
                        [
                            -74.03014801524759,
                            46.6343791101635
                        ],
                        [
                            -74.0294124262978,
                            46.63420419572181
                        ],
                        [
                            -74.02928765334549,
                            46.634461998744484
                        ],
                        [
                            -74.02891985913806,
                            46.63437453896069
                        ],
                        [
                            -74.02879508303748,
                            46.63463234121061
                        ],
                        [
                            -74.02916287902687,
                            46.63471980140575
                        ],
                        [
                            -74.02903810334193,
                            46.63497760370565
                        ],
                        [
                            -74.02940590247964,
                            46.63506506287777
                        ],
                        [
                            -74.02915635057474,
                            46.6355806672162
                        ],
                        [
                            -74.02952415464289,
                            46.63566812577659
                        ],
                        [
                            -74.02927460083662,
                            46.636183729492224
                        ],
                        [
                            -74.02964240983529,
                            46.636271187441004
                        ],
                        [
                            -74.0292680742242,
                            46.637044591538306
                        ],
                        [
                            -74.02890025987914,
                            46.63695713235542
                        ],
                        [
                            -74.02865069240849,
                            46.637472732457304
                        ],
                        [
                            -74.0282828758656,
                            46.63738527101711
                        ],
                        [
                            -74.02815808829837,
                            46.637643070114656
                        ],
                        [
                            -74.02779027133985,
                            46.637555606828535
                        ],
                        [
                            -74.0276654806239,
                            46.63781340515326
                        ],
                        [
                            -74.02668025458206,
                            46.638154067374415
                        ],
                        [
                            -74.02631243637695,
                            46.63806659855068
                        ],
                        [
                            -74.02618763621473,
                            46.63832439455683
                        ],
                        [
                            -74.02581981759417,
                            46.6382369238872
                        ],
                        [
                            -74.02569501428312,
                            46.63849471912051
                        ],
                        [
                            -74.02446675125141,
                            46.63849009090805
                        ],
                        [
                            -74.02434193986052,
                            46.63874788418416
                        ],
                        [
                            -74.02397412136071,
                            46.63866040654225
                        ],
                        [
                            -74.02384930682092,
                            46.638918199045484
                        ],
                        [
                            -74.02311367035769,
                            46.63874323863542
                        ],
                        [
                            -74.0229888508869,
                            46.639001029954116
                        ],
                        [
                            -74.02225321632716,
                            46.63882606298336
                        ],
                        [
                            -74.02212839192539,
                            46.63908385311758
                        ],
                        [
                            -74.02139275926938,
                            46.638908879586005
                        ],
                        [
                            -74.02126792993663,
                            46.639166668535744
                        ],
                        [
                            -74.02053229918461,
                            46.63899168844347
                        ],
                        [
                            -74.0204074649209,
                            46.639249476208626
                        ],
                        [
                            -74.0196718360731,
                            46.63907448955562
                        ],
                        [
                            -74.01954699687845,
                            46.639332276136194
                        ]
                    ],
                    [
                        [
                            -74.01954699687845,
                            46.639332276136194
                        ],
                        [
                            -74.01881136993515,
                            46.639157282922426
                        ],
                        [
                            -74.01745823946409,
                            46.639410350304715
                        ],
                        [
                            -74.01672261906506,
                            46.63923534110067
                        ],
                        [
                            -74.0165977632957,
                            46.639493123715674
                        ],
                        [
                            -74.01255192926354,
                            46.63853046600994
                        ],
                        [
                            -74.01267680463165,
                            46.63827268792312
                        ],
                        [
                            -74.01194121978311,
                            46.63809764142663
                        ],
                        [
                            -74.01206609734692,
                            46.63783986380165
                        ],
                        [
                            -74.01169830875533,
                            46.63775233881363
                        ],
                        [
                            -74.01219781246256,
                            46.63672122634445
                        ],
                        [
                            -74.01183003236422,
                            46.636633701568954
                        ],
                        [
                            -74.01195490665405,
                            46.636375922959395
                        ],
                        [
                            -74.01171200440835,
                            46.63603061860176
                        ],
                        [
                            -74.01097645817399,
                            46.63585556352618
                        ]
                    ]
                ]
            }
        },
        {
            "type": "Feature",
            "properties": {
                "SubId": 23000198,
                "DowSubId": 23012041,
                "RivSlope": 0.004365116859309,
                "RivLength": 17639.848480986002,
                "BasSlope": 25.472536478930607,
                "BasAspect": 187.51723731963708,
                "BasArea": 29941200.0,
                "BkfWidth": 15.8029563391,
                "BkfDepth": 0.432720300905,
                "Lake_Cat": 0.0,
                "HyLakeId": 0,
                "LakeVol": 0.0,
                "LakeDepth": 0.0,
                "LakeArea": 0.0,
                "Laketype": 0.0,
                "Has_POI": 0,
                "MeanElev": 1422.3655339626837,
                "FloodP_n": 0.1007578107343,
                "Q_Mean": 4.320249516033552,
                "Ch_n": 0.04342736431285,
                "DrainArea": 84550500.0,
                "Strahler": 2.0,
                "Seg_ID": 99.0,
                "Seg_order": 1.0,
                "Max_DEM": 1135.0,
                "Min_DEM": 1085.0,
                "Obs_NM": "<NA>",
                "SRC_obs": "<NA>",
                "centroid_x": -74.00215504919954,
                "centroid_y": 46.607400136831515,
                "DA_Chn_L": 28739.3311627,
                "DA_Slope": 12.7663064681,
                "DA_Chn_Slp": 0.0100907010799,
                "outletLat": 46.63559779,
                "outletLng": -74.01110134,
                "k": 0.0653543025255,
                "c": 0.969084024429,
                "SSDA_NM": "02_02",
                "SDA_NM": "02N",
                "rvhName": "sub23000198"
            },
            "geometry": {
                "type": "MultiLineString",
                "coordinates": [
                    [
                        [
                            -74.03148490019062,
                            46.60364881114956
                        ],
                        [
                            -74.03136021949011,
                            46.60390664046604
                        ],
                        [
                            -74.03099265994021,
                            46.60381918063271
                        ],
                        [
                            -74.03074329088639,
                            46.604334837358934
                        ],
                        [
                            -74.03111085399578,
                            46.60442229801415
                        ],
                        [
                            -74.03160310011924,
                            46.604251928231456
                        ],
                        [
                            -74.03147841846963,
                            46.604509757235704
                        ],
                        [
                            -74.03098616920192,
                            46.6046801262459
                        ],
                        [
                            -74.0308614830436,
                            46.60493795411601
                        ],
                        [
                            -74.03122905107703,
                            46.60502541415953
                        ],
                        [
                            -74.03073679552075,
                            46.60519578162463
                        ],
                        [
                            -74.031104365334,
                            46.60528324207906
                        ],
                        [
                            -74.03134725118409,
                            46.60562852906879
                        ],
                        [
                            -74.03097967822647,
                            46.605541069637056
                        ],
                        [
                            -74.03085498975439,
                            46.60579889683351
                        ],
                        [
                            -74.03122256449187,
                            46.60588635667621
                        ],
                        [
                            -74.03072380407735,
                            46.60691766349022
                        ],
                        [
                            -74.03109138729909,
                            46.60700512354323
                        ],
                        [
                            -74.03084200246406,
                            46.607520775602865
                        ],
                        [
                            -74.03120959061039,
                            46.607608235044076
                        ],
                        [
                            -74.03108489792592,
                            46.60786606094261
                        ],
                        [
                            -74.03145248921692,
                            46.60795351936103
                        ],
                        [
                            -74.03095371195239,
                            46.60898482098378
                        ],
                        [
                            -74.0313213117284,
                            46.609072279612484
                        ],
                        [
                            -74.03107191846807,
                            46.60958792907664
                        ],
                        [
                            -74.03070431513179,
                            46.60950046962584
                        ],
                        [
                            -74.03057961467432,
                            46.6097582934046
                        ],
                        [
                            -74.03021201092268,
                            46.609670832108904
                        ],
                        [
                            -74.02922739182371,
                            46.610011549222776
                        ],
                        [
                            -74.02885978860638,
                            46.609924082803595
                        ],
                        [
                            -74.02873507693387,
                            46.61018190385346
                        ],
                        [
                            -74.0291026819313,
                            46.61026937068367
                        ],
                        [
                            -74.02885325805174,
                            46.61078501252089
                        ],
                        [
                            -74.0292208679744,
                            46.61087247873943
                        ],
                        [
                            -74.02909615576738,
                            46.6111302995268
                        ],
                        [
                            -74.02946376883519,
                            46.61121776472261
                        ],
                        [
                            -74.02921434388666,
                            46.611733406034794
                        ],
                        [
                            -74.0299495812381,
                            46.61190833376929
                        ],
                        [
                            -74.0300742908343,
                            46.61165051247178
                        ],
                        [
                            -74.03044190977718,
                            46.611737973777174
                        ],
                        [
                            -74.03019249278039,
                            46.6122536168328
                        ],
                        [
                            -74.03056011664881,
                            46.612341077526466
                        ],
                        [
                            -74.03043540788332,
                            46.61259889892307
                        ],
                        [
                            -74.03006778223454,
                            46.61251143781829
                        ],
                        [
                            -74.0299430703237,
                            46.61276925844225
                        ],
                        [
                            -74.03031069775284,
                            46.612856719958096
                        ],
                        [
                            -74.03018598625735,
                            46.61311454063165
                        ],
                        [
                            -74.0305536168319,
                            46.61320200112466
                        ],
                        [
                            -74.03006127339687,
                            46.613372360943664
                        ],
                        [
                            -74.02993655917133,
                            46.61363018089416
                        ],
                        [
                            -74.03017947949652,
                            46.61397546220946
                        ],
                        [
                            -74.02944420903003,
                            46.6138005373229
                        ],
                        [
                            -74.0291947701927,
                            46.614316174594016
                        ],
                        [
                            -74.02968712662506,
                            46.61414581971056
                        ],
                        [
                            -74.0300547643213,
                            46.614233281848
                        ],
                        [
                            -74.02956240830429,
                            46.614403638576476
                        ],
                        [
                            -74.02943768861837,
                            46.614661457080885
                        ],
                        [
                            -74.02907004872634,
                            46.61457399268732
                        ],
                        [
                            -74.02857768558749,
                            46.61474434418056
                        ],
                        [
                            -74.0289453258948,
                            46.614831810419105
                        ],
                        [
                            -74.02882060169809,
                            46.615089627789324
                        ],
                        [
                            -74.02918824515109,
                            46.61517709300518
                        ],
                        [
                            -74.02881406971119,
                            46.615950544180144
                        ],
                        [
                            -74.02918171987099,
                            46.61603800919542
                        ],
                        [
                            -74.02893226631262,
                            46.61655364232683
                        ],
                        [
                            -74.02929992139886,
                            46.61664110673043
                        ],
                        [
                            -74.02880753748552,
                            46.616811458350185
                        ],
                        [
                            -74.02917519435238,
                            46.61689892316503
                        ],
                        [
                            -74.0290504659406,
                            46.61715673923806
                        ],
                        [
                            -74.02941812595338,
                            46.61724420302999
                        ],
                        [
                            -74.02929339795696,
                            46.617502019152695
                        ],
                        [
                            -74.02892573616352,
                            46.61741455494957
                        ],
                        [
                            -74.0288010050211,
                            46.61767237029961
                        ],
                        [
                            -74.02953633353471,
                            46.61784729809423
                        ],
                        [
                            -74.02916214259956,
                            46.618620744442275
                        ],
                        [
                            -74.02952981424662,
                            46.61870820742213
                        ],
                        [
                            -74.02940508298492,
                            46.61896602255964
                        ],
                        [
                            -74.02866973749464,
                            46.6187910943437
                        ],
                        [
                            -74.02854500130597,
                            46.619048908297316
                        ],
                        [
                            -74.02817732882822,
                            46.61896144162721
                        ],
                        [
                            -74.02805258949334,
                            46.619219254808165
                        ],
                        [
                            -74.02756017411917,
                            46.619389598701105
                        ],
                        [
                            -74.0276849166003,
                            46.61913178629284
                        ],
                        [
                            -74.02731724507275,
                            46.61904431634345
                        ],
                        [
                            -74.02706775518348,
                            46.61955993997608
                        ],
                        [
                            -74.02633240910211,
                            46.619384994130506
                        ],
                        [
                            -74.0265753326863,
                            46.61973027863308
                        ],
                        [
                            -74.02645058254701,
                            46.619988089134395
                        ],
                        [
                            -74.026818259832,
                            46.62007556216265
                        ],
                        [
                            -74.02669351010786,
                            46.620333372713695
                        ],
                        [
                            -74.02706119053924,
                            46.620420844719135
                        ],
                        [
                            -74.02755361849874,
                            46.62025050391707
                        ],
                        [
                            -74.02730412480811,
                            46.62076612630249
                        ],
                        [
                            -74.02767180975154,
                            46.62085359585116
                        ],
                        [
                            -74.0274223141602,
                            46.62136921761308
                        ],
                        [
                            -74.02779000403102,
                            46.62145668655004
                        ],
                        [
                            -74.02791475072861,
                            46.62119887543861
                        ],
                        [
                            -74.02828244018414,
                            46.62128634253035
                        ],
                        [
                            -74.02803294898523,
                            46.621801965214175
                        ],
                        [
                            -74.02840064336826,
                            46.62188943169428
                        ],
                        [
                            -74.02815115026876,
                            46.62240505375457
                        ],
                        [
                            -74.02888655025573,
                            46.62257998405745
                        ],
                        [
                            -74.02851231105026,
                            46.62335341690424
                        ],
                        [
                            -74.02814460503076,
                            46.62326595123615
                        ],
                        [
                            -74.02789510183645,
                            46.6237815705041
                        ],
                        [
                            -74.02826281141814,
                            46.623869036994705
                        ],
                        [
                            -74.02763903843697,
                            46.625158080895176
                        ],
                        [
                            -74.0272713199495,
                            46.625070612348274
                        ],
                        [
                            -74.02689703442714,
                            46.62584403311707
                        ],
                        [
                            -74.026529311962,
                            46.62575656190213
                        ],
                        [
                            -74.02627977788835,
                            46.626272173118004
                        ],
                        [
                            -74.02677226985452,
                            46.62610183931704
                        ],
                        [
                            -74.02627319790426,
                            46.627133060502196
                        ],
                        [
                            -74.02590546653292,
                            46.62704558723072
                        ],
                        [
                            -74.02578069334902,
                            46.627303391212024
                        ],
                        [
                            -74.02614842650165,
                            46.62739086489483
                        ],
                        [
                            -74.02564932723044,
                            46.6284220788506
                        ],
                        [
                            -74.02515680693801,
                            46.62859240569639
                        ],
                        [
                            -74.0247890662449,
                            46.62850492852263
                        ],
                        [
                            -74.02453949855466,
                            46.62902053096331
                        ],
                        [
                            -74.0249072428105,
                            46.629108008959754
                        ],
                        [
                            -74.0247824586974,
                            46.62936581004923
                        ],
                        [
                            -74.02441471266019,
                            46.629278331641416
                        ],
                        [
                            -74.02428992539944,
                            46.62953613195808
                        ],
                        [
                            -74.02453288637246,
                            46.62988141114378
                        ],
                        [
                            -74.02404034677912,
                            46.63005173150686
                        ],
                        [
                            -74.02416513677244,
                            46.62979393191323
                        ],
                        [
                            -74.02379738853872,
                            46.629706451248396
                        ],
                        [
                            -74.0234230091155,
                            46.63047984771082
                        ],
                        [
                            -74.0236659686011,
                            46.63082512811902
                        ],
                        [
                            -74.02354117314235,
                            46.63108292626677
                        ],
                        [
                            -74.02243790581905,
                            46.63082047379864
                        ],
                        [
                            -74.02231310364952,
                            46.63107827035069
                        ],
                        [
                            -74.02268085983896,
                            46.63116575635237
                        ],
                        [
                            -74.02243125496334,
                            46.63168134919476
                        ],
                        [
                            -74.022063495211,
                            46.631593862370224
                        ],
                        [
                            -74.02181388130641,
                            46.63210945294376
                        ],
                        [
                            -74.02218164462172,
                            46.632196940591264
                        ],
                        [
                            -74.02205683740108,
                            46.63245473574728
                        ],
                        [
                            -74.02168907230428,
                            46.63236724768835
                        ],
                        [
                            -74.02156426193557,
                            46.63262504207142
                        ],
                        [
                            -74.02082873227877,
                            46.63245006082791
                        ],
                        [
                            -74.02070391698045,
                            46.63270785402654
                        ],
                        [
                            -74.02021133397406,
                            46.63287815326751
                        ],
                        [
                            -74.01971204652106,
                            46.6339093193551
                        ],
                        [
                            -74.01934427442038,
                            46.63382182267873
                        ],
                        [
                            -74.0192194473587,
                            46.634079612885294
                        ],
                        [
                            -74.01885167484329,
                            46.63399211436318
                        ],
                        [
                            -74.01872684463325,
                            46.63424990379676
                        ],
                        [
                            -74.01835907170317,
                            46.63416240342886
                        ],
                        [
                            -74.0184839036947,
                            46.633904614406816
                        ],
                        [
                            -74.01811613391297,
                            46.633817113016185
                        ],
                        [
                            -74.01799130013995,
                            46.63407490162664
                        ],
                        [
                            -74.01749869302226,
                            46.63424518622769
                        ],
                        [
                            -74.01712417405659,
                            46.635018547570844
                        ],
                        [
                            -74.01675639810125,
                            46.63493104125396
                        ],
                        [
                            -74.01663155393058,
                            46.63518882723373
                        ],
                        [
                            -74.01638862351291,
                            46.634843533502846
                        ],
                        [
                            -74.01613893024155,
                            46.635359104277654
                        ],
                        [
                            -74.01577115345727,
                            46.635271594269085
                        ],
                        [
                            -74.01602085029157,
                            46.634756024317454
                        ],
                        [
                            -74.01565307843727,
                            46.63466851369777
                        ],
                        [
                            -74.01577792658529,
                            46.63441072859119
                        ],
                        [
                            -74.0150423905406,
                            46.6342357038724
                        ],
                        [
                            -74.0151672408844,
                            46.6339779192274
                        ],
                        [
                            -74.01443171387058,
                            46.633802889594904
                        ],
                        [
                            -74.01430685996411,
                            46.634060673416705
                        ],
                        [
                            -74.01393909672646,
                            46.63397315603751
                        ],
                        [
                            -74.01406395241423,
                            46.633715372627385
                        ],
                        [
                            -74.01369619232497,
                            46.63362785422556
                        ],
                        [
                            -74.01332161581644,
                            46.634401202136665
                        ],
                        [
                            -74.01258608905155,
                            46.6342261585609
                        ],
                        [
                            -74.0124612239185,
                            46.6344839396515
                        ],
                        [
                            -74.01282898839865,
                            46.6345714625681
                        ],
                        [
                            -74.01270412367971,
                            46.634829243708715
                        ],
                        [
                            -74.01086530604479,
                            46.634391612725686
                        ],
                        [
                            -74.01110819362599,
                            46.63473692092313
                        ],
                        [
                            -74.01098331904744,
                            46.63499469969407
                        ],
                        [
                            -74.01122621060512,
                            46.63534000696909
                        ],
                        [
                            -74.01097645817399,
                            46.63585556352618
                        ]
                    ],
                    [
                        [
                            -73.97117427694526,
                            46.60883051013075
                        ],
                        [
                            -73.97166678565702,
                            46.608660450740835
                        ],
                        [
                            -73.9735042345899,
                            46.60909886754933
                        ],
                        [
                            -73.97399673769668,
                            46.60892879631493
                        ],
                        [
                            -73.97546671982289,
                            46.60927949658597
                        ],
                        [
                            -73.97657670653528,
                            46.608681577644454
                        ],
                        [
                            -73.97767919969539,
                            46.608944575494135
                        ],
                        [
                            -73.97755421058241,
                            46.60920233058478
                        ],
                        [
                            -73.97939173542353,
                            46.60964063373069
                        ],
                        [
                            -73.97951671564653,
                            46.609382876580746
                        ],
                        [
                            -73.98319185010848,
                            46.61025937126508
                        ],
                        [
                            -73.9830668876671,
                            46.610517132533346
                        ],
                        [
                            -73.98416946000442,
                            46.61078005422615
                        ],
                        [
                            -73.98466194217964,
                            46.610609929008426
                        ],
                        [
                            -73.98576452558956,
                            46.61087283226673
                        ],
                        [
                            -73.98588947421527,
                            46.610615067753855
                        ],
                        [
                            -73.98625700297465,
                            46.61070269889497
                        ],
                        [
                            -73.98638194845475,
                            46.610444933608235
                        ],
                        [
                            -73.98748453760076,
                            46.610707817196506
                        ],
                        [
                            -73.98772713168414,
                            46.61105320912633
                        ],
                        [
                            -73.98785207005041,
                            46.610795442192675
                        ],
                        [
                            -73.98821960386717,
                            46.6108830657555
                        ],
                        [
                            -73.98846220424181,
                            46.61122845564221
                        ],
                        [
                            -73.99029990956038,
                            46.61166654684851
                        ],
                        [
                            -73.99042483547662,
                            46.61140877703271
                        ],
                        [
                            -73.99165238894959,
                            46.61141384190818
                        ],
                        [
                            -73.99312976360562,
                            46.610903343945544
                        ],
                        [
                            -73.9932546720151,
                            46.61064556984966
                        ],
                        [
                            -73.99362221470945,
                            46.61073317272059
                        ],
                        [
                            -73.99374711997338,
                            46.610475397851125
                        ],
                        [
                            -73.99411466225584,
                            46.610562998877
                        ],
                        [
                            -73.99423956437425,
                            46.61030522323384
                        ],
                        [
                            -73.99473200521771,
                            46.61013504599808
                        ],
                        [
                            -73.99485690282393,
                            46.609877269219346
                        ],
                        [
                            -73.99522444250371,
                            46.609964866143606
                        ],
                        [
                            -73.99547423005866,
                            46.60944931067706
                        ],
                        [
                            -73.99584176754769,
                            46.60953690534477
                        ],
                        [
                            -73.99659108674172,
                            46.607990227788264
                        ],
                        [
                            -73.9987962763398,
                            46.60851575087703
                        ],
                        [
                            -73.99928868202055,
                            46.60834554930122
                        ],
                        [
                            -73.99953135047065,
                            46.608690913772854
                        ],
                        [
                            -74.00063397191477,
                            46.60895364736618
                        ],
                        [
                            -74.000758834098,
                            46.60869586197964
                        ],
                        [
                            -74.00296410320351,
                            46.6092212879947
                        ],
                        [
                            -74.00320680310568,
                            46.60956664224712
                        ],
                        [
                            -74.00394191002806,
                            46.60974177074055
                        ],
                        [
                            -74.00406675620064,
                            46.6094839816507
                        ],
                        [
                            -74.00443430993208,
                            46.60957154333568
                        ],
                        [
                            -74.0045591529594,
                            46.6093137534725
                        ],
                        [
                            -74.00492670627794,
                            46.609401313312624
                        ],
                        [
                            -74.00517638467602,
                            46.60888573167771
                        ],
                        [
                            -74.00554393580255,
                            46.608973289261485
                        ],
                        [
                            -74.00579360517814,
                            46.60845770535626
                        ],
                        [
                            -74.00616115411262,
                            46.608545260683705
                        ],
                        [
                            -74.0064038739665,
                            46.60889060753398
                        ],
                        [
                            -74.00787409594503,
                            46.60924081042041
                        ],
                        [
                            -74.0083664764055,
                            46.60907056254485
                        ],
                        [
                            -74.00873403490185,
                            46.609158107837736
                        ],
                        [
                            -74.00885885330759,
                            46.60890031205117
                        ],
                        [
                            -74.00922641139063,
                            46.608987855499215
                        ],
                        [
                            -74.00935122665125,
                            46.608730058939486
                        ],
                        [
                            -74.010578712315,
                            46.60873488129257
                        ],
                        [
                            -74.01070351950622,
                            46.60847708277513
                        ],
                        [
                            -74.01107107771492,
                            46.60856461925497
                        ],
                        [
                            -74.01119588176113,
                            46.608306819964426
                        ],
                        [
                            -74.01156343955631,
                            46.60839435459933
                        ],
                        [
                            -74.0116882404575,
                            46.608136554535655
                        ],
                        [
                            -74.01242335658648,
                            46.60831161868229
                        ],
                        [
                            -74.01254815256343,
                            46.60805381743418
                        ],
                        [
                            -74.01291571089713,
                            46.608141346945864
                        ],
                        [
                            -74.01340806164916,
                            46.607971072591496
                        ],
                        [
                            -74.01353285133621,
                            46.60771326979728
                        ],
                        [
                            -74.01402519538469,
                            46.607542992051975
                        ],
                        [
                            -74.01477388596183,
                            46.60599616305134
                        ],
                        [
                            -74.01514143237874,
                            46.60608368456093
                        ],
                        [
                            -74.01526620758327,
                            46.605825878050034
                        ],
                        [
                            -74.01489866294558,
                            46.60573835695171
                        ],
                        [
                            -74.01564729617543,
                            46.604191512757126
                        ],
                        [
                            -74.01613959578529,
                            46.60402122234499
                        ],
                        [
                            -74.01663864472224,
                            46.60298998255483
                        ],
                        [
                            -74.01639588025549,
                            46.60264465553907
                        ],
                        [
                            -74.01677015386579,
                            46.60187122204622
                        ],
                        [
                            -74.01750519113281,
                            46.60204625047341
                        ],
                        [
                            -74.01800418927036,
                            46.60101499746228
                        ],
                        [
                            -74.0187392177653,
                            46.60119001686648
                        ],
                        [
                            -74.01886396032924,
                            46.600932201887055
                        ],
                        [
                            -74.01959899072585,
                            46.601107214735194
                        ],
                        [
                            -74.01947425172,
                            46.6013650305368
                        ],
                        [
                            -74.0198417707447,
                            46.6014525352218
                        ],
                        [
                            -74.0200912438334,
                            46.60093690243457
                        ],
                        [
                            -74.02045876066485,
                            46.60102440486384
                        ],
                        [
                            -74.020334026582,
                            46.60128222184948
                        ],
                        [
                            -74.02070154655736,
                            46.60136972325638
                        ],
                        [
                            -74.02057681288879,
                            46.60162754029133
                        ],
                        [
                            -74.02094433600813,
                            46.60171504067591
                        ],
                        [
                            -74.02106906789759,
                            46.60145722322982
                        ],
                        [
                            -74.0214365906026,
                            46.601544721769784
                        ],
                        [
                            -74.02131186049232,
                            46.60180253962694
                        ],
                        [
                            -74.02081960275383,
                            46.60197285776025
                        ],
                        [
                            -74.0205701321506,
                            46.60248849084383
                        ],
                        [
                            -74.02093766197235,
                            46.60257599102813
                        ],
                        [
                            -74.02081292640258,
                            46.60283380743847
                        ],
                        [
                            -74.02118045936847,
                            46.60292130660048
                        ],
                        [
                            -74.02105572421304,
                            46.60317912306021
                        ],
                        [
                            -74.02142326032309,
                            46.603266621199715
                        ],
                        [
                            -74.02191552939492,
                            46.603096300623804
                        ],
                        [
                            -74.02265060488088,
                            46.60327128891296
                        ],
                        [
                            -74.02252587684266,
                            46.60352910701709
                        ],
                        [
                            -74.02289341841228,
                            46.60361659942245
                        ],
                        [
                            -74.0225192314465,
                            46.604390052798074
                        ],
                        [
                            -74.02276204978023,
                            46.6047353624828
                        ],
                        [
                            -74.02263731847633,
                            46.604993179600754
                        ],
                        [
                            -74.02373998216069,
                            46.60525565008105
                        ],
                        [
                            -74.02386470812611,
                            46.604997831729776
                        ],
                        [
                            -74.02459982051448,
                            46.605172804059706
                        ],
                        [
                            -74.02484926123256,
                            46.6046571646279
                        ],
                        [
                            -74.02631948815069,
                            46.6050070887958
                        ],
                        [
                            -74.02656890917304,
                            46.60449144462894
                        ],
                        [
                            -74.02693646575526,
                            46.60457892126474
                        ],
                        [
                            -74.02718587775959,
                            46.60406327482932
                        ],
                        [
                            -74.02681832473654,
                            46.603975799015544
                        ],
                        [
                            -74.02694303047127,
                            46.60371797566646
                        ],
                        [
                            -74.02767813432288,
                            46.60389292503824
                        ],
                        [
                            -74.02792753458023,
                            46.603377275611045
                        ],
                        [
                            -74.02829508499379,
                            46.60346474732449
                        ],
                        [
                            -74.02805223266203,
                            46.603119450355024
                        ],
                        [
                            -74.02830162473201,
                            46.60260379875816
                        ],
                        [
                            -74.0279340810216,
                            46.60251632684414
                        ],
                        [
                            -74.02818347119252,
                            46.60200067462272
                        ],
                        [
                            -74.0278159324056,
                            46.60191320209703
                        ],
                        [
                            -74.02757309158076,
                            46.60156790230667
                        ],
                        [
                            -74.02806532067747,
                            46.60139754925112
                        ],
                        [
                            -74.02843285590552,
                            46.601485020954854
                        ],
                        [
                            -74.02830816423125,
                            46.60174284796959
                        ],
                        [
                            -74.02904324233957,
                            46.60191778789813
                        ],
                        [
                            -74.02953546977622,
                            46.60174742746441
                        ],
                        [
                            -74.02990301046191,
                            46.60183489343372
                        ],
                        [
                            -74.0297783259056,
                            46.60209272209236
                        ],
                        [
                            -74.03088096148763,
                            46.60235511263158
                        ],
                        [
                            -74.03038873256767,
                            46.60252547967108
                        ],
                        [
                            -74.03075628090566,
                            46.602612942161514
                        ],
                        [
                            -74.03099915044132,
                            46.602958232797505
                        ],
                        [
                            -74.03112383060802,
                            46.60270040321823
                        ],
                        [
                            -74.03149138167475,
                            46.60278786284134
                        ],
                        [
                            -74.03111734242046,
                            46.603561351727265
                        ],
                        [
                            -74.03148490019062,
                            46.60364881114956
                        ]
                    ],
                    [
                        [
                            -73.96457514595131,
                            46.60553000944201
                        ],
                        [
                            -73.9648175454284,
                            46.605875464736755
                        ],
                        [
                            -73.96469249410053,
                            46.606133205408725
                        ],
                        [
                            -73.96505994845985,
                            46.606220919060334
                        ],
                        [
                            -73.96530235504572,
                            46.606566372412715
                        ],
                        [
                            -73.96517730453617,
                            46.60682411318397
                        ],
                        [
                            -73.96480984525431,
                            46.6067364001412
                        ],
                        [
                            -73.96505225265851,
                            46.60708185359294
                        ],
                        [
                            -73.96541971508576,
                            46.607169565614846
                        ],
                        [
                            -73.96529466361729,
                            46.60742730607346
                        ],
                        [
                            -73.9657794961988,
                            46.60811820812095
                        ],
                        [
                            -73.96590454684883,
                            46.60786046756292
                        ],
                        [
                            -73.9662720169351,
                            46.60794817611006
                        ],
                        [
                            -73.96614696806247,
                            46.60820591708011
                        ],
                        [
                            -73.96835182797452,
                            46.60873214074228
                        ],
                        [
                            -73.968844345845,
                            46.60856209581615
                        ],
                        [
                            -73.96957930927435,
                            46.60873748854937
                        ],
                        [
                            -73.97007182277052,
                            46.608567437313816
                        ],
                        [
                            -73.97117427694526,
                            46.60883051013075
                        ]
                    ],
                    [
                        [
                            -73.96057995590874,
                            46.59939938070269
                        ],
                        [
                            -73.96082229456397,
                            46.59974485245734
                        ],
                        [
                            -73.96118969190654,
                            46.59983258263804
                        ],
                        [
                            -73.96106463677232,
                            46.60009032324088
                        ],
                        [
                            -73.96204179116496,
                            46.6006112478992
                        ],
                        [
                            -73.96191673862482,
                            46.60086898901323
                        ],
                        [
                            -73.96228414676894,
                            46.60095671469906
                        ],
                        [
                            -73.96215909463757,
                            46.601214455862646
                        ],
                        [
                            -73.96252650592632,
                            46.601302180527824
                        ],
                        [
                            -73.96240145420376,
                            46.601559921741014
                        ],
                        [
                            -73.9627688686372,
                            46.60164764538535
                        ],
                        [
                            -73.96264381732348,
                            46.60190538664817
                        ],
                        [
                            -73.96288618399679,
                            46.6022508505842
                        ],
                        [
                            -73.96276113172401,
                            46.60250859153419
                        ],
                        [
                            -73.96312855422376,
                            46.602596313549064
                        ],
                        [
                            -73.96300350235985,
                            46.60285405454867
                        ],
                        [
                            -73.96337092800445,
                            46.60294177554281
                        ],
                        [
                            -73.96361330533897,
                            46.603287236565336
                        ],
                        [
                            -73.96348825429293,
                            46.60354497766415
                        ],
                        [
                            -73.96385568622735,
                            46.6036326966167
                        ],
                        [
                            -73.96373063559028,
                            46.60389043776513
                        ],
                        [
                            -73.96397302044161,
                            46.60423589689497
                        ],
                        [
                            -73.96384796884556,
                            46.604493637730634
                        ],
                        [
                            -73.96421540884701,
                            46.60458135505362
                        ],
                        [
                            -73.96470019632022,
                            46.60527226845735
                        ],
                        [
                            -73.96457514595131,
                            46.60553000944201
                        ]
                    ]
                ]
            }
        },
        {
            "type": "Feature",
            "properties": {
                "SubId": 23000210,
                "DowSubId": 23000245,
                "RivSlope": 0.009626923413213,
                "RivLength": 12672.792206131,
                "BasSlope": 25.665130776071916,
                "BasAspect": 185.40450939438188,
                "BasArea": 40250700.0,
                "BkfWidth": 19.3718498801,
                "BkfDepth": 0.488952783961,
                "Lake_Cat": 0.0,
                "HyLakeId": 0,
                "LakeVol": 0.0,
                "LakeDepth": 0.0,
                "LakeArea": 0.0,
                "Laketype": 0.0,
                "Has_POI": 0,
                "MeanElev": 1487.2658012684735,
                "FloodP_n": 0.09616722132734,
                "Q_Mean": 6.473114680882808,
                "Ch_n": 0.070897390033475,
                "DrainArea": 128713500.0,
                "Strahler": 2.0,
                "Seg_ID": 102.0,
                "Seg_order": 1.0,
                "Max_DEM": 1169.0,
                "Min_DEM": 1123.0,
                "Obs_NM": "<NA>",
                "SRC_obs": "<NA>",
                "centroid_x": -74.27522885272316,
                "centroid_y": 46.7468469548587,
                "DA_Chn_L": 28388.3766184,
                "DA_Slope": 8.33051543835,
                "DA_Chn_Slp": 0.00951093483186,
                "outletLat": 46.6988085,
                "outletLng": -74.32888581,
                "k": 0.0653543025255,
                "c": 0.969084024429,
                "SSDA_NM": "02_02",
                "SDA_NM": "02N",
                "rvhName": "sub23000210"
            },
            "geometry": {
                "type": "MultiLineString",
                "coordinates": [
                    [
                        [
                            -74.31330577816314,
                            46.7528464546218
                        ],
                        [
                            -74.3134293056031,
                            46.75258837535709
                        ],
                        [
                            -74.31269081657453,
                            46.75241569773443
                        ],
                        [
                            -74.31281434626145,
                            46.75215761892911
                        ],
                        [
                            -74.3124451055866,
                            46.752071278364824
                        ],
                        [
                            -74.31256863571794,
                            46.751813199610645
                        ],
                        [
                            -74.31219939820352,
                            46.75172685801384
                        ],
                        [
                            -74.31207586626978,
                            46.75198493635983
                        ],
                        [
                            -74.311706628311,
                            46.751898592914046
                        ],
                        [
                            -74.3118301620471,
                            46.75164051497632
                        ],
                        [
                            -74.3114609272487,
                            46.75155417049802
                        ],
                        [
                            -74.31170799425155,
                            46.75103801436774
                        ],
                        [
                            -74.31133876441581,
                            46.75095166926518
                        ],
                        [
                            -74.31146229768251,
                            46.750693591072604
                        ],
                        [
                            -74.31109307100705,
                            46.750607244937555
                        ],
                        [
                            -74.31096953593806,
                            46.75086532272192
                        ],
                        [
                            -74.31072384568957,
                            46.750520897361845
                        ],
                        [
                            -74.30887773947268,
                            46.7500891378728
                        ],
                        [
                            -74.30875419359053,
                            46.7503472132076
                        ],
                        [
                            -74.30838497461923,
                            46.750260856579445
                        ],
                        [
                            -74.30826142557686,
                            46.75051893114882
                        ],
                        [
                            -74.30789220616157,
                            46.7504325726717
                        ],
                        [
                            -74.30776865395893,
                            46.750690646475654
                        ],
                        [
                            -74.30727587873675,
                            46.750862359188076
                        ],
                        [
                            -74.30542979080356,
                            46.7504305339064
                        ],
                        [
                            -74.30530622507204,
                            46.75068860454606
                        ],
                        [
                            -74.30419858320558,
                            46.75042949086436
                        ],
                        [
                            -74.30395294490617,
                            46.750085047749515
                        ],
                        [
                            -74.30407651648721,
                            46.74982697838604
                        ],
                        [
                            -74.3037073102106,
                            46.74974060365359
                        ],
                        [
                            -74.30395445290148,
                            46.74922446467159
                        ],
                        [
                            -74.30358525158694,
                            46.74913808931529
                        ],
                        [
                            -74.30370882269673,
                            46.74888001969676
                        ],
                        [
                            -74.3027248074653,
                            46.748362817458656
                        ],
                        [
                            -74.30284838126384,
                            46.74810474835071
                        ],
                        [
                            -74.30247919078785,
                            46.748018368457174
                        ],
                        [
                            -74.3026027650298,
                            46.747760299400284
                        ],
                        [
                            -74.30223357771379,
                            46.747673918474604
                        ],
                        [
                            -74.30235715239914,
                            46.74741584946884
                        ],
                        [
                            -74.30198796824308,
                            46.74732946751091
                        ],
                        [
                            -74.30211154337178,
                            46.74707139855621
                        ],
                        [
                            -74.30174236237563,
                            46.746985015566125
                        ],
                        [
                            -74.30186593794764,
                            46.74672694666252
                        ],
                        [
                            -74.30162033612667,
                            46.74638249378778
                        ],
                        [
                            -74.3018674840825,
                            46.74586635501092
                        ],
                        [
                            -74.30260583030397,
                            46.746039119164884
                        ],
                        [
                            -74.30285296562086,
                            46.745522977325656
                        ],
                        [
                            -74.30322213716578,
                            46.74560935642529
                        ],
                        [
                            -74.30334570098546,
                            46.74535128456143
                        ],
                        [
                            -74.3026073628568,
                            46.74517852573831
                        ],
                        [
                            -74.30273092892138,
                            46.744920454333844
                        ],
                        [
                            -74.30236176369573,
                            46.74483407316989
                        ],
                        [
                            -74.30273245914518,
                            46.74405985803773
                        ],
                        [
                            -74.30248686491696,
                            46.743715404641215
                        ],
                        [
                            -74.30261042779394,
                            46.74345733226697
                        ],
                        [
                            -74.30224127429149,
                            46.743370950263625
                        ],
                        [
                            -74.30261196017827,
                            46.74259673222206
                        ],
                        [
                            -74.30224281343777,
                            46.74251035000315
                        ],
                        [
                            -74.3023663744853,
                            46.742252277016355
                        ],
                        [
                            -74.30199723090406,
                            46.74216589376529
                        ],
                        [
                            -74.30175165197282,
                            46.741821436546374
                        ],
                        [
                            -74.30187521390683,
                            46.74156336366149
                        ],
                        [
                            -74.3008913721717,
                            46.74104613137748
                        ],
                        [
                            -74.30101493679317,
                            46.74078805900287
                        ],
                        [
                            -74.3006458072065,
                            46.74070167018315
                        ],
                        [
                            -74.30040024584343,
                            46.740357208007715
                        ],
                        [
                            -74.30064737550077,
                            46.73984106310497
                        ],
                        [
                            -74.30101649832636,
                            46.73992745214016
                        ],
                        [
                            -74.30138717722494,
                            46.739153230881286
                        ],
                        [
                            -74.30175629600541,
                            46.739239617251364
                        ],
                        [
                            -74.30200340487987,
                            46.738723467142265
                        ],
                        [
                            -74.30163428970134,
                            46.738637081588706
                        ],
                        [
                            -74.30188139674651,
                            46.738120930866856
                        ],
                        [
                            -74.30151228652763,
                            46.73803454468948
                        ],
                        [
                            -74.30175939174349,
                            46.73751839335475
                        ],
                        [
                            -74.30151383885632,
                            46.73717393075848
                        ],
                        [
                            -74.30163738987075,
                            46.73691585460598
                        ],
                        [
                            -74.3013918410283,
                            46.736571391079465
                        ],
                        [
                            -74.30176248725469,
                            46.735797160630675
                        ],
                        [
                            -74.3013933955155,
                            46.73571077339831
                        ],
                        [
                            -74.30164048981294,
                            46.73519461879548
                        ],
                        [
                            -74.30127140303279,
                            46.73510823093934
                        ],
                        [
                            -74.30139494994573,
                            46.734850153510116
                        ],
                        [
                            -74.30102586632385,
                            46.734763764622
                        ],
                        [
                            -74.30152004760224,
                            46.73373145296427
                        ],
                        [
                            -74.30078189883595,
                            46.73355867413309
                        ],
                        [
                            -74.30065835195161,
                            46.7338167517672
                        ],
                        [
                            -74.30041282648915,
                            46.73347228255731
                        ]
                    ],
                    [
                        [
                            -74.30449216629412,
                            46.72323423634962
                        ],
                        [
                            -74.30486116571863,
                            46.72332061488932
                        ],
                        [
                            -74.3051081567587,
                            46.72280443230529
                        ],
                        [
                            -74.30547715394016,
                            46.722890808588986
                        ],
                        [
                            -74.30572413595362,
                            46.72237462375939
                        ],
                        [
                            -74.30683257923316,
                            46.7217730880023
                        ],
                        [
                            -74.30707954048111,
                            46.721256897966974
                        ],
                        [
                            -74.30744852913331,
                            46.721343267075
                        ],
                        [
                            -74.30794242815189,
                            46.72031088108385
                        ],
                        [
                            -74.30941836752766,
                            46.72065633658968
                        ],
                        [
                            -74.30966529449975,
                            46.720140138186565
                        ],
                        [
                            -74.30929631122095,
                            46.72005377728583
                        ],
                        [
                            -74.30979015608881,
                            46.71902137782279
                        ],
                        [
                            -74.31015913216835,
                            46.719107737091996
                        ],
                        [
                            -74.31040604286518,
                            46.7185915344005
                        ],
                        [
                            -74.31003707038519,
                            46.71850517594706
                        ],
                        [
                            -74.3102839792568,
                            46.71798897264189
                        ],
                        [
                            -74.31065294813732,
                            46.71807533027956
                        ],
                        [
                            -74.31089984798484,
                            46.71755912472919
                        ],
                        [
                            -74.31126881462204,
                            46.71764548011134
                        ],
                        [
                            -74.31139226071194,
                            46.717387376392224
                        ],
                        [
                            -74.31213019445505,
                            46.7175600820211
                        ],
                        [
                            -74.31225363558944,
                            46.717301977129004
                        ],
                        [
                            -74.3126226026953,
                            46.717388327375744
                        ],
                        [
                            -74.31311634647405,
                            46.71635590260265
                        ],
                        [
                            -74.31348530773693,
                            46.716442249778304
                        ],
                        [
                            -74.31360873849208,
                            46.71618414228389
                        ],
                        [
                            -74.31336321022786,
                            46.71583968807205
                        ],
                        [
                            -74.31348664007098,
                            46.715581580270694
                        ],
                        [
                            -74.31311768556303,
                            46.71549523287855
                        ],
                        [
                            -74.31324111584992,
                            46.71523712512761
                        ],
                        [
                            -74.31373349568966,
                            46.71506536359596
                        ],
                        [
                            -74.31398034588514,
                            46.71454914549183
                        ],
                        [
                            -74.31471824457134,
                            46.71472183269441
                        ],
                        [
                            -74.3148416640362,
                            46.71446372229083
                        ],
                        [
                            -74.31521061361325,
                            46.71455006332455
                        ],
                        [
                            -74.31496508214535,
                            46.714205611529906
                        ],
                        [
                            -74.31459613572362,
                            46.71411926946405
                        ],
                        [
                            -74.31471955427668,
                            46.71386115875353
                        ],
                        [
                            -74.31435061101023,
                            46.71377481565557
                        ],
                        [
                            -74.31459744764844,
                            46.71325859397801
                        ],
                        [
                            -74.31422850933673,
                            46.71317225025568
                        ],
                        [
                            -74.31435192742185,
                            46.712914139288564
                        ],
                        [
                            -74.31398299226532,
                            46.71282779453417
                        ],
                        [
                            -74.31497030254026,
                            46.710762897194414
                        ],
                        [
                            -74.31533922330142,
                            46.710849238687054
                        ],
                        [
                            -74.31595623917256,
                            46.70955866419696
                        ],
                        [
                            -74.31632515229248,
                            46.70964500221146
                        ],
                        [
                            -74.31657194555464,
                            46.709128769098555
                        ],
                        [
                            -74.31694085643126,
                            46.709215104857954
                        ],
                        [
                            -74.31706424923007,
                            46.708956987357894
                        ],
                        [
                            -74.31780207145054,
                            46.709129653742174
                        ],
                        [
                            -74.31743189978427,
                            46.70990400761638
                        ],
                        [
                            -74.31780081832548,
                            46.70999033987178
                        ],
                        [
                            -74.31730724432708,
                            46.71102280833188
                        ],
                        [
                            -74.31841402967606,
                            46.71128180135114
                        ],
                        [
                            -74.3185374198102,
                            46.71102368354914
                        ],
                        [
                            -74.31816849180471,
                            46.71093735439023
                        ],
                        [
                            -74.31841527160606,
                            46.71042111852955
                        ],
                        [
                            -74.31915312177438,
                            46.71059377377711
                        ],
                        [
                            -74.31952327051505,
                            46.70981941486046
                        ],
                        [
                            -74.31989219223361,
                            46.709905739101664
                        ],
                        [
                            -74.3200155706373,
                            46.70964761834051
                        ],
                        [
                            -74.32038449191154,
                            46.70973394073431
                        ],
                        [
                            -74.3205078671606,
                            46.70947581920821
                        ],
                        [
                            -74.3208767879905,
                            46.70956213975464
                        ],
                        [
                            -74.32100016008495,
                            46.7093040174637
                        ],
                        [
                            -74.32136908047045,
                            46.70939033616269
                        ],
                        [
                            -74.32161581699519,
                            46.70887408969379
                        ],
                        [
                            -74.32124690020865,
                            46.70878777180998
                        ],
                        [
                            -74.32137026823794,
                            46.708529648447104
                        ],
                        [
                            -74.32063244232884,
                            46.70835700917521
                        ],
                        [
                            -74.32087918151998,
                            46.70784076300789
                        ],
                        [
                            -74.32124809019824,
                            46.7079270825486
                        ],
                        [
                            -74.32137145596192,
                            46.70766895852141
                        ],
                        [
                            -74.32174036419576,
                            46.70775527621476
                        ],
                        [
                            -74.32198708805953,
                            46.70723902627341
                        ],
                        [
                            -74.32235599404954,
                            46.707325341711865
                        ],
                        [
                            -74.32247935214968,
                            46.70706721579775
                        ],
                        [
                            -74.32223380650365,
                            46.70672277490277
                        ],
                        [
                            -74.32248051952833,
                            46.706206522102974
                        ],
                        [
                            -74.3221116220905,
                            46.70612020685484
                        ],
                        [
                            -74.32260387400841,
                            46.70594839516708
                        ],
                        [
                            -74.32223497836988,
                            46.70586208032649
                        ],
                        [
                            -74.32309843439184,
                            46.70405518462339
                        ],
                        [
                            -74.32346731743576,
                            46.70414149661147
                        ],
                        [
                            -74.32396068387716,
                            46.7031089752904
                        ],
                        [
                            -74.32432956107907,
                            46.70319528420888
                        ],
                        [
                            -74.32457623257405,
                            46.70267902058959
                        ],
                        [
                            -74.3242073589704,
                            46.70259271248595
                        ],
                        [
                            -74.32433069448521,
                            46.70233458054781
                        ],
                        [
                            -74.32396182403515,
                            46.702248271412
                        ],
                        [
                            -74.32408515999454,
                            46.70199013952395
                        ],
                        [
                            -74.32334742675606,
                            46.70181751774826
                        ],
                        [
                            -74.32310190217052,
                            46.70147307367797
                        ],
                        [
                            -74.3232252408179,
                            46.70121494229758
                        ],
                        [
                            -74.32359410180742,
                            46.70130125453005
                        ],
                        [
                            -74.32384077144084,
                            46.70078498988254
                        ],
                        [
                            -74.32494735174222,
                            46.70104391549733
                        ],
                        [
                            -74.32507067913036,
                            46.70078578141532
                        ],
                        [
                            -74.32630058686087,
                            46.70078655718949
                        ],
                        [
                            -74.32642390614328,
                            46.70052842117066
                        ],
                        [
                            -74.32679276761844,
                            46.70061472128845
                        ],
                        [
                            -74.32691608374752,
                            46.70035658450492
                        ],
                        [
                            -74.3272849447779,
                            46.7004428827757
                        ],
                        [
                            -74.32765487964267,
                            46.69966846905922
                        ],
                        [
                            -74.32802373663014,
                            46.699754764668235
                        ],
                        [
                            -74.32827034950442,
                            46.69923848625608
                        ],
                        [
                            -74.32790149611496,
                            46.6991521914618
                        ],
                        [
                            -74.32777818855588,
                            46.69941033043916
                        ],
                        [
                            -74.32740933472157,
                            46.69932403379786
                        ],
                        [
                            -74.32728602400935,
                            46.699582172010544
                        ],
                        [
                            -74.32691716973024,
                            46.69949587352223
                        ],
                        [
                            -74.32716379339844,
                            46.698979597554285
                        ],
                        [
                            -74.32753264407964,
                            46.699065895227825
                        ],
                        [
                            -74.32765595208355,
                            46.698807756300575
                        ],
                        [
                            -74.3288858081078,
                            46.69880849895478
                        ],
                        [
                            -74.32900910800663,
                            46.69855035809087
                        ]
                    ],
                    [
                        [
                            -74.30041282648915,
                            46.73347228255731
                        ],
                        [
                            -74.30090544436274,
                            46.73330059614164
                        ],
                        [
                            -74.30102898853198,
                            46.73304251779284
                        ],
                        [
                            -74.30065991978618,
                            46.732956127033404
                        ],
                        [
                            -74.30090700765305,
                            46.73243997007999
                        ],
                        [
                            -74.30053794386569,
                            46.73235357869679
                        ],
                        [
                            -74.30103054955025,
                            46.732181891067185
                        ],
                        [
                            -74.3006614875633,
                            46.732095500092214
                        ],
                        [
                            -74.3009085708861,
                            46.731579341810864
                        ],
                        [
                            -74.30053951385739,
                            46.73149295021214
                        ],
                        [
                            -74.30004849256741,
                            46.7308040054325
                        ],
                        [
                            -74.29894134857271,
                            46.730544815804265
                        ],
                        [
                            -74.29906489628476,
                            46.73028673786178
                        ],
                        [
                            -74.29832681067609,
                            46.73011393839241
                        ],
                        [
                            -74.29857390922851,
                            46.72959778306794
                        ],
                        [
                            -74.29820487206067,
                            46.72951138198954
                        ],
                        [
                            -74.29832842110079,
                            46.729253304199425
                        ],
                        [
                            -74.29795938709054,
                            46.729166902089176
                        ],
                        [
                            -74.2987006636259,
                            46.72761843029114
                        ],
                        [
                            -74.29833164177322,
                            46.727532029189966
                        ],
                        [
                            -74.29882580618295,
                            46.726499709141734
                        ],
                        [
                            -74.29845679288731,
                            46.726413308233255
                        ],
                        [
                            -74.29895094278032,
                            46.72538098409846
                        ],
                        [
                            -74.29968895632986,
                            46.72555378121035
                        ],
                        [
                            -74.29993443510256,
                            46.725898260400655
                        ],
                        [
                            -74.30104147507673,
                            46.72615744217336
                        ],
                        [
                            -74.30153401395377,
                            46.72598574879093
                        ],
                        [
                            -74.30165753543474,
                            46.725727664006854
                        ],
                        [
                            -74.30202654923089,
                            46.72581405279493
                        ],
                        [
                            -74.30215006755483,
                            46.72555596724526
                        ],
                        [
                            -74.30264259607496,
                            46.72538426787017
                        ],
                        [
                            -74.30338365858057,
                            46.72383574247378
                        ],
                        [
                            -74.30375266069115,
                            46.723922125117376
                        ],
                        [
                            -74.30399966707145,
                            46.7234059463099
                        ],
                        [
                            -74.30436866693908,
                            46.72349232669753
                        ],
                        [
                            -74.30449216629412,
                            46.72323423634962
                        ]
                    ],
                    [
                        [
                            -74.31933373469958,
                            46.75655129565754
                        ],
                        [
                            -74.31637947496881,
                            46.75586074020527
                        ],
                        [
                            -74.31650299344328,
                            46.75560265930658
                        ],
                        [
                            -74.31502590338111,
                            46.755257348631375
                        ],
                        [
                            -74.31490237769536,
                            46.75551542789718
                        ],
                        [
                            -74.31453310677216,
                            46.755429096217924
                        ],
                        [
                            -74.31440957792555,
                            46.75568717471852
                        ],
                        [
                            -74.31367103654794,
                            46.755514506220905
                        ],
                        [
                            -74.31379456900004,
                            46.75525642853686
                        ],
                        [
                            -74.31342530215115,
                            46.75517009253506
                        ],
                        [
                            -74.31367236658636,
                            46.7546539369123
                        ],
                        [
                            -74.31330310470095,
                            46.75456760028612
                        ],
                        [
                            -74.31342663668406,
                            46.75430952234743
                        ],
                        [
                            -74.313180910387,
                            46.753965106801175
                        ],
                        [
                            -74.31342797116804,
                            46.7534489499548
                        ],
                        [
                            -74.31305871920918,
                            46.75336261207995
                        ],
                        [
                            -74.31330577816314,
                            46.7528464546218
                        ]
                    ]
                ]
            }
        },
        {
            "type": "Feature",
            "properties": {
                "SubId": 23000228,
                "DowSubId": 23000229,
                "RivSlope": 0.0398453105038,
                "RivLength": 1254.85281374,
                "BasSlope": 39.6566446017,
                "BasAspect": 211.066807531,
                "BasArea": 351900.0,
                "BkfWidth": 47.7252932939,
                "BkfDepth": 0.839872632563,
                "Lake_Cat": 0.0,
                "HyLakeId": 0,
                "LakeVol": 0.0,
                "LakeDepth": 0.0,
                "LakeArea": 0.0,
                "Laketype": 0.0,
                "Has_POI": 0,
                "MeanElev": 1321.39751276,
                "FloodP_n": 0.15,
                "Q_Mean": 43.9371840275,
                "Ch_n": 0.15,
                "DrainArea": 827491500.0,
                "Strahler": 3.0,
                "Seg_ID": 115.0,
                "Seg_order": 1.0,
                "Max_DEM": 1090.0,
                "Min_DEM": 1040.0,
                "Obs_NM": "<NA>",
                "SRC_obs": "<NA>",
                "centroid_x": -74.0948986239487,
                "centroid_y": 46.60984435475179,
                "DA_Chn_L": 76945.6471735,
                "DA_Slope": 3.83154737291,
                "DA_Chn_Slp": 0.0142958054212,
                "outletLat": 46.61314858,
                "outletLng": -74.09083087,
                "k": 0.0653543025255,
                "c": 0.969084024429,
                "SSDA_NM": "02_02",
                "SDA_NM": "02N",
                "rvhName": "sub23000228"
            },
            "geometry": {
                "type": "LineString",
                "coordinates": [
                    [
                        -74.09946081757853,
                        46.6071481512117
                    ],
                    [
                        -74.09921218035875,
                        46.607663980812326
                    ],
                    [
                        -74.09884446573675,
                        46.607576782430414
                    ],
                    [
                        -74.09859581950722,
                        46.608092609768256
                    ],
                    [
                        -74.09810377574158,
                        46.60826332184981
                    ],
                    [
                        -74.09797944744126,
                        46.60852123420698
                    ],
                    [
                        -74.0965085794848,
                        46.60817241403598
                    ],
                    [
                        -74.0963842426923,
                        46.608430324392614
                    ],
                    [
                        -74.09601652732348,
                        46.60834311535339
                    ],
                    [
                        -74.09576784608929,
                        46.6088589341644
                    ],
                    [
                        -74.09540012851632,
                        46.60877172287067
                    ],
                    [
                        -74.09477839269407,
                        46.610061261535094
                    ],
                    [
                        -74.09428631453734,
                        46.61023195299733
                    ],
                    [
                        -74.09304270934008,
                        46.61281099556159
                    ],
                    [
                        -74.09267496596507,
                        46.61272377483801
                    ],
                    [
                        -74.09242622502047,
                        46.613239578201615
                    ],
                    [
                        -74.09169073522396,
                        46.61306513081019
                    ],
                    [
                        -74.09156635914327,
                        46.613323031130626
                    ],
                    [
                        -74.09083087122805,
                        46.61314857718048
                    ],
                    [
                        -74.0907064902198,
                        46.61340647631993
                    ]
                ]
            }
        },
        {
            "type": "Feature",
            "properties": {
                "SubId": 23000229,
                "DowSubId": 23000197,
                "RivSlope": 0.0153199630162,
                "RivLength": 3394.26406871,
                "BasSlope": 24.7006273628,
                "BasAspect": 180.536300062,
                "BasArea": 5041800.0,
                "BkfWidth": 49.1857304935,
                "BkfDepth": 0.855200097631,
                "Lake_Cat": 0.0,
                "HyLakeId": 0,
                "LakeVol": 0.0,
                "LakeDepth": 0.0,
                "LakeArea": 0.0,
                "Laketype": 0.0,
                "Has_POI": 0,
                "MeanElev": 1369.37704181,
                "FloodP_n": 0.1,
                "Q_Mean": 46.66736273499999,
                "Ch_n": 0.0942429056353,
                "DrainArea": 880602300.000001,
                "Strahler": 3.0,
                "Seg_ID": 116.0,
                "Seg_order": 1.0,
                "Max_DEM": 1092.0,
                "Min_DEM": 1040.0,
                "Obs_NM": "<NA>",
                "SRC_obs": "<NA>",
                "centroid_x": -74.07754278416785,
                "centroid_y": 46.61134732245859,
                "DA_Chn_L": 80339.9112422,
                "DA_Slope": 3.74188042204,
                "DA_Chn_Slp": 0.0143390748407,
                "outletLat": 46.60488466,
                "outletLng": -74.0644932,
                "k": 0.0653543025255,
                "c": 0.969084024429,
                "SSDA_NM": "02_02",
                "SDA_NM": "02N",
                "rvhName": "sub23000229"
            },
            "geometry": {
                "type": "LineString",
                "coordinates": [
                    [
                        -74.0907064902198,
                        46.61340647631993
                    ],
                    [
                        -74.09033874652205,
                        46.61331924678272
                    ],
                    [
                        -74.08984661825035,
                        46.61348991376933
                    ],
                    [
                        -74.08911113409845,
                        46.613315446701634
                    ],
                    [
                        -74.08898674323515,
                        46.613573343478954
                    ],
                    [
                        -74.08714804777524,
                        46.613137148653315
                    ],
                    [
                        -74.08764563871166,
                        46.612105567582404
                    ],
                    [
                        -74.08740230694816,
                        46.611760430194565
                    ],
                    [
                        -74.08752670169815,
                        46.61150253407409
                    ],
                    [
                        -74.0871589787499,
                        46.611415291831605
                    ],
                    [
                        -74.08728337392058,
                        46.6111573957605
                    ],
                    [
                        -74.08618021859483,
                        46.6108956616564
                    ],
                    [
                        -74.0863046177512,
                        46.610637766454836
                    ],
                    [
                        -74.08556919124187,
                        46.61046327069989
                    ],
                    [
                        -74.08569359260125,
                        46.610205375957875
                    ],
                    [
                        -74.08459046839894,
                        46.60994362279718
                    ],
                    [
                        -74.08471487374355,
                        46.60968572892482
                    ],
                    [
                        -74.08397946798307,
                        46.609511220465706
                    ],
                    [
                        -74.08348735645419,
                        46.6096818567263
                    ],
                    [
                        -74.08275195530096,
                        46.60950733884005
                    ],
                    [
                        -74.08262753968283,
                        46.60976523030058
                    ],
                    [
                        -74.08189214041322,
                        46.60959070585618
                    ],
                    [
                        -74.08164886378631,
                        46.60924555125245
                    ],
                    [
                        -74.08128116933887,
                        46.60915828585443
                    ],
                    [
                        -74.08103789942056,
                        46.60881312925157
                    ],
                    [
                        -74.08140559072376,
                        46.60890039567384
                    ],
                    [
                        -74.08165442940741,
                        46.6083846142299
                    ],
                    [
                        -74.08202211850839,
                        46.60847187839732
                    ],
                    [
                        -74.08239536097247,
                        46.60769820229386
                    ],
                    [
                        -74.08288745573773,
                        46.60752757062975
                    ],
                    [
                        -74.0832606765125,
                        46.606753888964725
                    ],
                    [
                        -74.08215764663326,
                        46.60649210507648
                    ],
                    [
                        -74.08166556003945,
                        46.60666273352024
                    ],
                    [
                        -74.08056254115701,
                        46.60640093118916
                    ],
                    [
                        -74.08043812175804,
                        46.606658822206185
                    ],
                    [
                        -74.07749678374398,
                        46.60596061626452
                    ],
                    [
                        -74.0770046858239,
                        46.60613122103142
                    ],
                    [
                        -74.07406343162788,
                        46.60543290853905
                    ],
                    [
                        -74.07357132678854,
                        46.60560349593383
                    ],
                    [
                        -74.07283602602317,
                        46.60542889977926
                    ],
                    [
                        -74.07271156690294,
                        46.60568678150802
                    ],
                    [
                        -74.07234391678216,
                        46.60559948086906
                    ],
                    [
                        -74.07209499089159,
                        46.60611524242284
                    ],
                    [
                        -74.0717273385701,
                        46.606027939528985
                    ],
                    [
                        -74.07147840366682,
                        46.60654369881781
                    ],
                    [
                        -74.07111074914464,
                        46.60645639366907
                    ],
                    [
                        -74.07098627786777,
                        46.60671427236153
                    ],
                    [
                        -74.07025096934775,
                        46.60653965694063
                    ],
                    [
                        -74.07012649314532,
                        46.60679753445131
                    ],
                    [
                        -74.0653470974574,
                        46.6056623890468
                    ],
                    [
                        -74.06547159681787,
                        46.60540451687137
                    ],
                    [
                        -74.06473632917607,
                        46.60522985842536
                    ],
                    [
                        -74.06449320074063,
                        46.60488465574587
                    ],
                    [
                        -74.06412557210771,
                        46.604797323348045
                    ]
                ]
            }
        },
        {
            "type": "Feature",
            "properties": {
                "SubId": 23000235,
                "DowSubId": 23000228,
                "RivSlope": 0.0155215358299,
                "RivLength": 6056.10173055,
                "BasSlope": 29.943997106999998,
                "BasAspect": 167.356305646,
                "BasArea": 9913500.0,
                "BkfWidth": 13.5633087258,
                "BkfDepth": 0.394805918599,
                "Lake_Cat": 0.0,
                "HyLakeId": 0,
                "LakeVol": 0.0,
                "LakeDepth": 0.0,
                "LakeArea": 0.0,
                "Laketype": 0.0,
                "Has_POI": 0,
                "MeanElev": 1418.59622241,
                "FloodP_n": 0.0989690721649,
                "Q_Mean": 3.54867560942,
                "Ch_n": 0.0907205700313,
                "DrainArea": 61678800.000001,
                "Strahler": 1.0,
                "Seg_ID": 8.0,
                "Seg_order": 2.0,
                "Max_DEM": 1134.0,
                "Min_DEM": 1040.0,
                "Obs_NM": "<NA>",
                "SRC_obs": "<NA>",
                "centroid_x": -74.11195636671333,
                "centroid_y": 46.62574923598062,
                "DA_Chn_L": 20197.1277016,
                "DA_Slope": 20.1093432886,
                "DA_Chn_Slp": 0.00752582259447,
                "outletLat": 46.60723535,
                "outletLng": -74.09982853,
                "k": 0.0653543025255,
                "c": 0.969084024429,
                "SSDA_NM": "02_02",
                "SDA_NM": "02N",
                "rvhName": "sub23000235"
            },
            "geometry": {
                "type": "LineString",
                "coordinates": [
                    [
                        -74.11119674847636,
                        46.63636774983416
                    ],
                    [
                        -74.11132107790723,
                        46.636109841833374
                    ],
                    [
                        -74.11021720444256,
                        46.63584840412997
                    ],
                    [
                        -74.11046586993047,
                        46.63533258950781
                    ],
                    [
                        -74.10936201943643,
                        46.635071141346124
                    ],
                    [
                        -74.10948635549319,
                        46.63481323472465
                    ],
                    [
                        -74.10911840983792,
                        46.63472608287673
                    ],
                    [
                        -74.10924274631785,
                        46.63446817630504
                    ],
                    [
                        -74.10850686266394,
                        46.63429386912316
                    ],
                    [
                        -74.10801458104466,
                        46.63446461872071
                    ],
                    [
                        -74.10813892288014,
                        46.63420671337921
                    ],
                    [
                        -74.10777098445843,
                        46.63411955619989
                    ],
                    [
                        -74.10826834532001,
                        46.63308793287018
                    ],
                    [
                        -74.10753248684357,
                        46.63291361748628
                    ],
                    [
                        -74.10790550389854,
                        46.632139898664974
                    ],
                    [
                        -74.10827342710068,
                        46.63222705584432
                    ],
                    [
                        -74.10839776161001,
                        46.63196914843965
                    ],
                    [
                        -74.10876568438913,
                        46.63205630377364
                    ],
                    [
                        -74.10926300166712,
                        46.63102466891023
                    ],
                    [
                        -74.10889508602789,
                        46.63093751521648
                    ],
                    [
                        -74.10901941372764,
                        46.630679606009565
                    ],
                    [
                        -74.10717986488424,
                        46.63024381806178
                    ],
                    [
                        -74.10730420014643,
                        46.62998591054472
                    ],
                    [
                        -74.106568393712,
                        46.62981158613893
                    ],
                    [
                        -74.10607615192119,
                        46.62998232807003
                    ],
                    [
                        -74.10570825032407,
                        46.62989516186901
                    ],
                    [
                        -74.10583259272529,
                        46.62963725599224
                    ],
                    [
                        -74.10509679718643,
                        46.62946292010465
                    ],
                    [
                        -74.10497245121584,
                        46.62972082516127
                    ],
                    [
                        -74.10423665755563,
                        46.62954648271269
                    ],
                    [
                        -74.10411230665366,
                        46.629804386588624
                    ],
                    [
                        -74.10153705925596,
                        46.629194139939486
                    ],
                    [
                        -74.10141269449984,
                        46.62945204058399
                    ],
                    [
                        -74.09810174414808,
                        46.62866733072709
                    ],
                    [
                        -74.09785825018717,
                        46.62832223702462
                    ],
                    [
                        -74.09736599238833,
                        46.62849293497266
                    ],
                    [
                        -74.09626237496633,
                        46.62823133057791
                    ],
                    [
                        -74.09675992574083,
                        46.6271997488062
                    ],
                    [
                        -74.09725217221933,
                        46.62702905331078
                    ],
                    [
                        -74.0973765533607,
                        46.62677115619556
                    ],
                    [
                        -74.09774441512948,
                        46.62685835519935
                    ],
                    [
                        -74.09799316975726,
                        46.62634255906671
                    ],
                    [
                        -74.09836102931993,
                        46.62642975581512
                    ],
                    [
                        -74.09848540280639,
                        46.626171856797704
                    ],
                    [
                        -74.09885326194706,
                        46.62625905170094
                    ],
                    [
                        -74.09934549100583,
                        46.62608834497082
                    ],
                    [
                        -74.09959422403149,
                        46.62557254349253
                    ],
                    [
                        -74.09996208054388,
                        46.62565973429518
                    ],
                    [
                        -74.10008644322947,
                        46.62540183260499
                    ],
                    [
                        -74.10045429931972,
                        46.625489021562565
                    ],
                    [
                        -74.10107608339712,
                        46.624199505652534
                    ],
                    [
                        -74.1014439319286,
                        46.624286691124524
                    ],
                    [
                        -74.10193613098345,
                        46.62411597007753
                    ],
                    [
                        -74.1015682828742,
                        46.6240287864507
                    ],
                    [
                        -74.10169263245791,
                        46.62377088141626
                    ],
                    [
                        -74.10132478749463,
                        46.62368369676448
                    ],
                    [
                        -74.1014491375006,
                        46.62342579177961
                    ],
                    [
                        -74.1012056461114,
                        46.62308070116748
                    ],
                    [
                        -74.10145434288228,
                        46.62256489021496
                    ],
                    [
                        -74.10108650777877,
                        46.62247770433342
                    ],
                    [
                        -74.10121085590552,
                        46.62221979872635
                    ],
                    [
                        -74.10268738010323,
                        46.62170762816051
                    ],
                    [
                        -74.10281171743117,
                        46.621449719880935
                    ],
                    [
                        -74.10244388852409,
                        46.621362538919655
                    ],
                    [
                        -74.10220040051281,
                        46.62101744870331
                    ],
                    [
                        -74.10109693139832,
                        46.62075589413484
                    ],
                    [
                        -74.10146995788566,
                        46.619982172201404
                    ],
                    [
                        -74.10122648414524,
                        46.61963707808312
                    ],
                    [
                        -74.1008586723273,
                        46.619549890562325
                    ],
                    [
                        -74.1007343293206,
                        46.61980779777464
                    ],
                    [
                        -74.0999987062022,
                        46.61963341760821
                    ],
                    [
                        -74.10012305277637,
                        46.61937551121607
                    ],
                    [
                        -74.09901963366251,
                        46.61911393143487
                    ],
                    [
                        -74.09877618236172,
                        46.61876883019213
                    ],
                    [
                        -74.09840838185917,
                        46.618681633037156
                    ],
                    [
                        -74.09853273462815,
                        46.61842372797398
                    ],
                    [
                        -74.09816493727088,
                        46.618336529794256
                    ],
                    [
                        -74.0982892904617,
                        46.61807862478048
                    ],
                    [
                        -74.09792149624968,
                        46.61799142557598
                    ],
                    [
                        -74.09817020211327,
                        46.61747561528653
                    ],
                    [
                        -74.0978024128299,
                        46.61738841546731
                    ],
                    [
                        -74.09792676550266,
                        46.61713051019169
                    ],
                    [
                        -74.0984189025302,
                        46.61695980355449
                    ],
                    [
                        -74.09854325069622,
                        46.61670189714748
                    ],
                    [
                        -74.09891103599084,
                        46.61678909430176
                    ],
                    [
                        -74.09915972467125,
                        46.61627327958567
                    ],
                    [
                        -74.09891628702479,
                        46.61592817576245
                    ],
                    [
                        -74.09928931109955,
                        46.61515445113149
                    ],
                    [
                        -74.09892153786681,
                        46.61506725500255
                    ],
                    [
                        -74.09904587828542,
                        46.61480934648093
                    ],
                    [
                        -74.09794257210606,
                        46.61454775071563
                    ],
                    [
                        -74.09806691651302,
                        46.614289843063375
                    ],
                    [
                        -74.0976991522928,
                        46.61420264201542
                    ],
                    [
                        -74.0978234971215,
                        46.61394473441253
                    ],
                    [
                        -74.09745573604596,
                        46.613857532339864
                    ],
                    [
                        -74.09770442518528,
                        46.61334171687201
                    ],
                    [
                        -74.09746101334814,
                        46.612996606319655
                    ],
                    [
                        -74.09770969788504,
                        46.612480789507586
                    ],
                    [
                        -74.09807744868344,
                        46.61256799096491
                    ],
                    [
                        -74.0983261242086,
                        46.61205217189001
                    ],
                    [
                        -74.09881820673965,
                        46.611881460604145
                    ],
                    [
                        -74.09943985600785,
                        46.61059190275143
                    ],
                    [
                        -74.09993191925132,
                        46.61042118499702
                    ],
                    [
                        -74.1000562418771,
                        46.61016327157376
                    ],
                    [
                        -74.10042397892877,
                        46.61025046462737
                    ],
                    [
                        -74.10079693329038,
                        46.60947672096368
                    ],
                    [
                        -74.10042920158769,
                        46.609389529139854
                    ],
                    [
                        -74.10055351876903,
                        46.60913161427388
                    ],
                    [
                        -74.10092124868876,
                        46.60921880568773
                    ],
                    [
                        -74.1010455627261,
                        46.60896089005113
                    ],
                    [
                        -74.09994238239888,
                        46.608699312735354
                    ],
                    [
                        -74.10006670042392,
                        46.60844139796775
                    ],
                    [
                        -74.09969897815316,
                        46.60835420306979
                    ],
                    [
                        -74.09982329660002,
                        46.608096288351454
                    ],
                    [
                        -74.10019101708794,
                        46.60818348283946
                    ],
                    [
                        -74.10031533239093,
                        46.6079255673505
                    ],
                    [
                        -74.09994761368586,
                        46.607838373272386
                    ],
                    [
                        -74.10007192941067,
                        46.60758045783262
                    ],
                    [
                        -74.0997042138494,
                        46.60749326272981
                    ],
                    [
                        -74.09982852999603,
                        46.607235347339255
                    ],
                    [
                        -74.09946081757853,
                        46.6071481512117
                    ]
                ]
            }
        },
        {
            "type": "Feature",
            "properties": {
                "SubId": 23000236,
                "DowSubId": 23000228,
                "RivSlope": 0.018496642091735,
                "RivLength": 12272.49783362,
                "BasSlope": 25.20582358986362,
                "BasAspect": 178.79259781875683,
                "BasArea": 44402400.0,
                "BkfWidth": 45.9569734687,
                "BkfDepth": 0.821060422543,
                "Lake_Cat": 0.0,
                "HyLakeId": 0,
                "LakeVol": 0.0,
                "LakeDepth": 0.0,
                "LakeArea": 0.0,
                "Laketype": 0.0,
                "Has_POI": 0,
                "MeanElev": 1413.7524674873798,
                "FloodP_n": 0.106581301646254,
                "Q_Mean": 39.90022826543549,
                "Ch_n": 0.101036384410678,
                "DrainArea": 765460799.999999,
                "Strahler": 3.0,
                "Seg_ID": 114.0,
                "Seg_order": 1.0,
                "Max_DEM": 1119.0,
                "Min_DEM": 1040.0,
                "Obs_NM": "<NA>",
                "SRC_obs": "<NA>",
                "centroid_x": -74.15365512653725,
                "centroid_y": 46.60466846367593,
                "DA_Chn_L": 75690.7943598,
                "DA_Slope": 4.12381366844,
                "DA_Chn_Slp": 0.01387222857,
                "outletLat": 46.60689024,
                "outletLng": -74.09958513,
                "k": 0.0653543025255,
                "c": 0.969084024429,
                "SSDA_NM": "02_02",
                "SDA_NM": "02N",
                "rvhName": "sub23000236"
            },
            "geometry": {
                "type": "MultiLineString",
                "coordinates": [
                    [
                        [
                            -74.14691408271842,
                            46.59281412198985
                        ],
                        [
                            -74.14544334314664,
                            46.59246603703508
                        ],
                        [
                            -74.1449516323161,
                            46.59263699776282
                        ],
                        [
                            -74.14421626982495,
                            46.59246294298912
                        ],
                        [
                            -74.14372455457604,
                            46.59263389741628
                        ],
                        [
                            -74.14262151974587,
                            46.592372798963545
                        ],
                        [
                            -74.14212979965342,
                            46.5925437452462
                        ],
                        [
                            -74.13918842978347,
                            46.59184740482692
                        ],
                        [
                            -74.13906436962782,
                            46.592105383163755
                        ],
                        [
                            -74.13575541636402,
                            46.59132188675615
                        ],
                        [
                            -74.13587949256768,
                            46.59106391210132
                        ],
                        [
                            -74.13477653794169,
                            46.59080272203578
                        ],
                        [
                            -74.13428480578051,
                            46.59097362882964
                        ],
                        [
                            -74.133549508638,
                            46.5907994912587
                        ],
                        [
                            -74.13305777206163,
                            46.59097039175165
                        ],
                        [
                            -74.1318307385117,
                            46.59096713894669
                        ],
                        [
                            -74.131706640404,
                            46.59122510842862
                        ],
                        [
                            -74.1313389939548,
                            46.59113803052535
                        ],
                        [
                            -74.13121489270588,
                            46.59139599923758
                        ],
                        [
                            -74.12998784820442,
                            46.59139272281671
                        ],
                        [
                            -74.12949609252627,
                            46.59156360471107
                        ],
                        [
                            -74.12937198007076,
                            46.591821570705065
                        ],
                        [
                            -74.12826904378178,
                            46.59156030626209
                        ],
                        [
                            -74.1281449246194,
                            46.59181827066783
                        ],
                        [
                            -74.12740963698748,
                            46.59164408638118
                        ],
                        [
                            -74.12691786934029,
                            46.59181495490348
                        ],
                        [
                            -74.12618258629479,
                            46.59164076119102
                        ],
                        [
                            -74.12630671572927,
                            46.59138279919215
                        ],
                        [
                            -74.12520380669905,
                            46.59112149909243
                        ],
                        [
                            -74.1250796719167,
                            46.59137945986341
                        ],
                        [
                            -74.12434440245826,
                            46.591205251805725
                        ],
                        [
                            -74.12422026275202,
                            46.59146321139756
                        ],
                        [
                            -74.12385262827839,
                            46.591376104807644
                        ],
                        [
                            -74.12372848543083,
                            46.5916340636296
                        ],
                        [
                            -74.1229932169949,
                            46.59145984532762
                        ],
                        [
                            -74.12286906922341,
                            46.591717802970415
                        ],
                        [
                            -74.12250143526119,
                            46.591630691258345
                        ],
                        [
                            -74.12237728434833,
                            46.59188864813115
                        ],
                        [
                            -74.12164201693557,
                            46.59171441958486
                        ],
                        [
                            -74.12151786109877,
                            46.591972375278466
                        ],
                        [
                            -74.1207825955568,
                            46.59179814017547
                        ],
                        [
                            -74.1206584347961,
                            46.59205609468975
                        ],
                        [
                            -74.12029080228112,
                            46.59196897457715
                        ],
                        [
                            -74.12016663837896,
                            46.59222692832148
                        ],
                        [
                            -74.11979900544057,
                            46.59213980636506
                        ],
                        [
                            -74.11955066999418,
                            46.592655711953114
                        ],
                        [
                            -74.11918303484995,
                            46.59256858774338
                        ],
                        [
                            -74.11881051613967,
                            46.59334244219294
                        ],
                        [
                            -74.11831869960297,
                            46.593513265672996
                        ],
                        [
                            -74.11819452083951,
                            46.59377121566502
                        ],
                        [
                            -74.11782687950128,
                            46.593684086539135
                        ],
                        [
                            -74.11770269759612,
                            46.59394203576111
                        ],
                        [
                            -74.11671904041438,
                            46.59428366811136
                        ],
                        [
                            -74.1159837565582,
                            46.594109397361485
                        ],
                        [
                            -74.11549192177372,
                            46.59428020592763
                        ],
                        [
                            -74.11438900491578,
                            46.594018783512524
                        ],
                        [
                            -74.11389716529763,
                            46.5941895839327
                        ],
                        [
                            -74.113529528641,
                            46.594102438414765
                        ],
                        [
                            -74.1134053221148,
                            46.59436038173877
                        ],
                        [
                            -74.11303768503532,
                            46.59427323437691
                        ],
                        [
                            -74.11266505195246,
                            46.595047060956354
                        ],
                        [
                            -74.11229741088552,
                            46.59495991093137
                        ],
                        [
                            -74.11217319535636,
                            46.59521785199371
                        ],
                        [
                            -74.11180555386669,
                            46.59513070012479
                        ],
                        [
                            -74.11168133519553,
                            46.59538864041682
                        ],
                        [
                            -74.11118947147,
                            46.59555942622574
                        ],
                        [
                            -74.11106524829714,
                            46.59581736538694
                        ],
                        [
                            -74.11069760417978,
                            46.595730209420395
                        ],
                        [
                            -74.10982799141924,
                            46.597535770583264
                        ],
                        [
                            -74.11007141396209,
                            46.59788086569304
                        ],
                        [
                            -74.10945022330662,
                            46.599170541663185
                        ],
                        [
                            -74.10908255601748,
                            46.599083380371454
                        ],
                        [
                            -74.10883406667028,
                            46.59959924741563
                        ],
                        [
                            -74.10834214867987,
                            46.59977001644155
                        ],
                        [
                            -74.10821789882351,
                            46.60002794865228
                        ],
                        [
                            -74.10785022712433,
                            46.599940782852876
                        ],
                        [
                            -74.10760171976611,
                            46.600456645373036
                        ],
                        [
                            -74.10723404586197,
                            46.60036947731977
                        ],
                        [
                            -74.10710978836003,
                            46.60062740762912
                        ],
                        [
                            -74.10674211403354,
                            46.6005402377316
                        ],
                        [
                            -74.10661785338883,
                            46.60079816727056
                        ],
                        [
                            -74.10551483322321,
                            46.60053664774183
                        ],
                        [
                            -74.10539056587065,
                            46.60079457569094
                        ],
                        [
                            -74.10502289342018,
                            46.60070739923592
                        ],
                        [
                            -74.10489862292481,
                            46.60096532641468
                        ],
                        [
                            -74.10453095005218,
                            46.60087814811544
                        ],
                        [
                            -74.10440667641396,
                            46.601136074523666
                        ],
                        [
                            -74.10403900311924,
                            46.60104889438018
                        ],
                        [
                            -74.1039147263381,
                            46.60130682001798
                        ],
                        [
                            -74.10354705262134,
                            46.60121963803021
                        ],
                        [
                            -74.10219546773047,
                            46.601473930375235
                        ],
                        [
                            -74.10182779589071,
                            46.601386741829955
                        ],
                        [
                            -74.101082036833,
                            46.6029342714593
                        ],
                        [
                            -74.10059005593814,
                            46.603104998953164
                        ],
                        [
                            -74.09909835314505,
                            46.60620001000613
                        ],
                        [
                            -74.09946605749245,
                            46.606287207773086
                        ],
                        [
                            -74.0993417418633,
                            46.60654512342598
                        ],
                        [
                            -74.09970944935434,
                            46.606632320168224
                        ],
                        [
                            -74.09946081757853,
                            46.6071481512117
                        ]
                    ],
                    [
                        [
                            -74.18440468969409,
                            46.577832816297466
                        ],
                        [
                            -74.18403705045584,
                            46.57774593730299
                        ],
                        [
                            -74.1839132728253,
                            46.57800398461432
                        ],
                        [
                            -74.18354563315793,
                            46.577917103776784
                        ],
                        [
                            -74.18342185238859,
                            46.578175150319964
                        ],
                        [
                            -74.18305421229213,
                            46.578088267639366
                        ],
                        [
                            -74.18293042838395,
                            46.57834631341442
                        ],
                        [
                            -74.18256278785847,
                            46.578259428890696
                        ],
                        [
                            -74.18231521240949,
                            46.578775518544646
                        ],
                        [
                            -74.18194756967108,
                            46.57868863176954
                        ],
                        [
                            -74.18182377813021,
                            46.578946675648396
                        ],
                        [
                            -74.18145613496283,
                            46.57885978703014
                        ],
                        [
                            -74.181332340283,
                            46.57911783014086
                        ],
                        [
                            -74.18096469668674,
                            46.579030939679456
                        ],
                        [
                            -74.18084089886796,
                            46.57928898202192
                        ],
                        [
                            -74.18047325484282,
                            46.57920208971734
                        ],
                        [
                            -74.18034945388503,
                            46.5794601312917
                        ],
                        [
                            -74.17998180943108,
                            46.57937323714396
                        ],
                        [
                            -74.17985800533427,
                            46.57963127795008
                        ],
                        [
                            -74.17949036045154,
                            46.57954438195912
                        ],
                        [
                            -74.17924274462459,
                            46.58006046167496
                        ],
                        [
                            -74.17887509752923,
                            46.57997356343253
                        ],
                        [
                            -74.17850365827294,
                            46.58074767908175
                        ],
                        [
                            -74.17887131072014,
                            46.580834578549066
                        ],
                        [
                            -74.17874749670814,
                            46.58109261678728
                        ],
                        [
                            -74.1789913387113,
                            46.581437553514604
                        ],
                        [
                            -74.17935899743703,
                            46.58152445092878
                        ],
                        [
                            -74.17923518428249,
                            46.58178248926372
                        ],
                        [
                            -74.1794790334218,
                            46.58212742403474
                        ],
                        [
                            -74.17923140390431,
                            46.5826434997217
                        ],
                        [
                            -74.17959907247702,
                            46.58273039589931
                        ],
                        [
                            -74.17935144110643,
                            46.58324647096331
                        ],
                        [
                            -74.17971911460279,
                            46.583333366522695
                        ],
                        [
                            -74.17959529866862,
                            46.583591403923144
                        ],
                        [
                            -74.17983915979923,
                            46.58393633590475
                        ],
                        [
                            -74.17971534293851,
                            46.584194372993764
                        ],
                        [
                            -74.18008302449833,
                            46.58428126690815
                        ],
                        [
                            -74.17958775063829,
                            46.58531341329865
                        ],
                        [
                            -74.17995544069078,
                            46.58540030741142
                        ],
                        [
                            -74.1793363267891,
                            46.586690484343755
                        ],
                        [
                            -74.1789686278147,
                            46.58660358818909
                        ],
                        [
                            -74.17872096919625,
                            46.58711965562602
                        ],
                        [
                            -74.17835326800862,
                            46.58703275721952
                        ],
                        [
                            -74.17810560039875,
                            46.587548822400045
                        ],
                        [
                            -74.17773789699793,
                            46.58746192174167
                        ],
                        [
                            -74.17736638006201,
                            46.588236015587974
                        ],
                        [
                            -74.17687482918896,
                            46.58840714242309
                        ],
                        [
                            -74.17662713817228,
                            46.58892320165112
                        ],
                        [
                            -74.17613557744967,
                            46.58909432433762
                        ],
                        [
                            -74.17551631047799,
                            46.59038446226735
                        ],
                        [
                            -74.17514858973084,
                            46.590297552402255
                        ],
                        [
                            -74.17477700792236,
                            46.59107162961568
                        ],
                        [
                            -74.17440928317757,
                            46.59098471708995
                        ],
                        [
                            -74.17329444846027,
                            46.593306925618215
                        ],
                        [
                            -74.17292670901006,
                            46.593220007980484
                        ],
                        [
                            -74.17267894947386,
                            46.593736049543914
                        ],
                        [
                            -74.17231120781061,
                            46.59364912965391
                        ],
                        [
                            -74.17206343927965,
                            46.594165168960465
                        ],
                        [
                            -74.1716956954034,
                            46.59407824681813
                        ],
                        [
                            -74.17157180731864,
                            46.59433626552296
                        ],
                        [
                            -74.17083632006602,
                            46.59416241611576
                        ],
                        [
                            -74.17071242705546,
                            46.59442043364336
                        ],
                        [
                            -74.1699769416594,
                            46.59424657767836
                        ],
                        [
                            -74.16985304372307,
                            46.594504594028805
                        ],
                        [
                            -74.16911756018384,
                            46.594330731506034
                        ],
                        [
                            -74.1689936573217,
                            46.59458874667929
                        ],
                        [
                            -74.1677665272609,
                            46.59458595449307
                        ],
                        [
                            -74.16764261633179,
                            46.594843967720415
                        ],
                        [
                            -74.16690713565117,
                            46.59467008839451
                        ],
                        [
                            -74.16678321979627,
                            46.59492810044452
                        ],
                        [
                            -74.16555608103188,
                            46.59492527993027
                        ],
                        [
                            -74.16543215710992,
                            46.595183290034235
                        ],
                        [
                            -74.16469667928968,
                            46.595009393905194
                        ],
                        [
                            -74.1645727504419,
                            46.59526740283169
                        ],
                        [
                            -74.16420501178256,
                            46.59518045220582
                        ],
                        [
                            -74.16408107979345,
                            46.59543846036356
                        ],
                        [
                            -74.16371334070651,
                            46.59535150789391
                        ],
                        [
                            -74.16322166606155,
                            46.59552256096941
                        ],
                        [
                            -74.16248619110344,
                            46.59534864803715
                        ],
                        [
                            -74.1623622492627,
                            46.59560665383986
                        ],
                        [
                            -74.1612590416497,
                            46.59534577245228
                        ],
                        [
                            -74.16076735815747,
                            46.59551681292718
                        ],
                        [
                            -74.16039962457324,
                            46.59542984775072
                        ],
                        [
                            -74.16052357669285,
                            46.59517184435193
                        ],
                        [
                            -74.15978811716427,
                            46.594997910511445
                        ],
                        [
                            -74.15966416147607,
                            46.595255913092636
                        ],
                        [
                            -74.15929643196314,
                            46.59516894361107
                        ],
                        [
                            -74.1590485129468,
                            46.595684946875664
                        ],
                        [
                            -74.1594162460283,
                            46.59577191717485
                        ],
                        [
                            -74.1592922862687,
                            46.596029918675804
                        ],
                        [
                            -74.16002776007183,
                            46.59620385578677
                        ],
                        [
                            -74.15990380252376,
                            46.596461857745304
                        ],
                        [
                            -74.16063928532431,
                            46.59663578993358
                        ],
                        [
                            -74.16051532998789,
                            46.59689379234977
                        ],
                        [
                            -74.16088307520833,
                            46.5969807567001
                        ],
                        [
                            -74.16051120640941,
                            46.5977547630147
                        ]
                    ],
                    [
                        [
                            -74.16051120640941,
                            46.5977547630147
                        ],
                        [
                            -74.16001949507034,
                            46.59792579841382
                        ],
                        [
                            -74.15965174406921,
                            46.5978388309931
                        ],
                        [
                            -74.15952778016225,
                            46.59809683120018
                        ],
                        [
                            -74.15916002873391,
                            46.59800986193552
                        ],
                        [
                            -74.15928399442534,
                            46.597751862137294
                        ],
                        [
                            -74.15879227866287,
                            46.597922891235775
                        ],
                        [
                            -74.15842452994914,
                            46.59783591910095
                        ],
                        [
                            -74.15854849920947,
                            46.59757792012042
                        ],
                        [
                            -74.1581807536375,
                            46.59749094695942
                        ],
                        [
                            -74.1583047233249,
                            46.59723294802762
                        ],
                        [
                            -74.15756923982165,
                            46.59705899821811
                        ],
                        [
                            -74.15769321172047,
                            46.59680099974396
                        ],
                        [
                            -74.15732547378917,
                            46.596714023095466
                        ],
                        [
                            -74.15744944611497,
                            46.596456024670175
                        ],
                        [
                            -74.15708171132526,
                            46.59636904699551
                        ],
                        [
                            -74.15720568407804,
                            46.596111048618866
                        ],
                        [
                            -74.1568379524299,
                            46.596024069918066
                        ],
                        [
                            -74.15696192560961,
                            46.59576607159024
                        ],
                        [
                            -74.15659419710298,
                            46.595679091863275
                        ],
                        [
                            -74.1567181707096,
                            46.595421093584186
                        ],
                        [
                            -74.15598272133661,
                            46.59524713064299
                        ],
                        [
                            -74.15610669715426,
                            46.5949891328215
                        ],
                        [
                            -74.15537125677872,
                            46.594815164958106
                        ],
                        [
                            -74.15524727739287,
                            46.595073161961786
                        ],
                        [
                            -74.154879557457,
                            46.594986175468776
                        ],
                        [
                            -74.15475557492972,
                            46.59524417170352
                        ],
                        [
                            -74.1542638688984,
                            46.595415178832354
                        ],
                        [
                            -74.15402013556195,
                            46.595070193594786
                        ],
                        [
                            -74.15328470162379,
                            46.59489620974626
                        ],
                        [
                            -74.15340869128721,
                            46.59463821514706
                        ],
                        [
                            -74.15046702410436,
                            46.5939422256272
                        ],
                        [
                            -74.15083902776333,
                            46.59316824948261
                        ],
                        [
                            -74.15047133082554,
                            46.59308124556237
                        ],
                        [
                            -74.15071933004496,
                            46.592565260482836
                        ],
                        [
                            -74.1503516380321,
                            46.592478255945636
                        ],
                        [
                            -74.15047563738935,
                            46.59222026327446
                        ],
                        [
                            -74.15010794851763,
                            46.5921332577113
                        ],
                        [
                            -74.15023194830113,
                            46.59187526508887
                        ],
                        [
                            -74.14986426257049,
                            46.591788258499804
                        ],
                        [
                            -74.1496205801906,
                            46.59144325831105
                        ],
                        [
                            -74.14888521908371,
                            46.59126923877666
                        ],
                        [
                            -74.14900922328671,
                            46.5910112470695
                        ],
                        [
                            -74.1482738711767,
                            46.5908372226137
                        ],
                        [
                            -74.14814986340666,
                            46.59109521350303
                        ],
                        [
                            -74.14778218760436,
                            46.591008198714015
                        ],
                        [
                            -74.14765817669333,
                            46.59126618883414
                        ],
                        [
                            -74.14802585427914,
                            46.59135320403212
                        ],
                        [
                            -74.14740578827843,
                            46.59264315127391
                        ],
                        [
                            -74.14703810177491,
                            46.592556134031206
                        ],
                        [
                            -74.14691408271842,
                            46.59281412198985
                        ]
                    ]
                ]
            }
        },
        {
            "type": "Feature",
            "properties": {
                "SubId": 23000242,
                "DowSubId": 23000246,
                "RivSlope": 0.010272344991449,
                "RivLength": 8566.690475581,
                "BasSlope": 26.096923737572148,
                "BasAspect": 164.65330773909787,
                "BasArea": 20439900.0,
                "BkfWidth": 14.6441128755,
                "BkfDepth": 0.413392037189,
                "Lake_Cat": 0.0,
                "HyLakeId": 0,
                "LakeVol": 0.0,
                "LakeDepth": 0.0,
                "LakeArea": 0.0,
                "Laketype": 0.0,
                "Has_POI": 0,
                "MeanElev": 1448.1048956387515,
                "FloodP_n": 0.096463527319366,
                "Q_Mean": 3.735882963663713,
                "Ch_n": 0.065677980067114,
                "DrainArea": 72252900.0,
                "Strahler": 1.0,
                "Seg_ID": 12.0,
                "Seg_order": 2.0,
                "Max_DEM": 1173.0,
                "Min_DEM": 1132.0,
                "Obs_NM": "<NA>",
                "SRC_obs": "<NA>",
                "centroid_x": -74.42529700366748,
                "centroid_y": 46.64703277476263,
                "DA_Chn_L": 19181.0259711,
                "DA_Slope": 12.2724848622,
                "DA_Chn_Slp": 0.00896719499049,
                "outletLat": 46.65983178,
                "outletLng": -74.40155763,
                "k": 0.0653543025255,
                "c": 0.969084024429,
                "SSDA_NM": "02_02",
                "SDA_NM": "02N",
                "rvhName": "sub23000242"
            },
            "geometry": {
                "type": "MultiLineString",
                "coordinates": [
                    [
                        [
                            -74.40315545845094,
                            46.66077840998133
                        ],
                        [
                            -74.40290956392896,
                            46.660434128081455
                        ],
                        [
                            -74.40303235707638,
                            46.66017586268158
                        ],
                        [
                            -74.40155762887844,
                            46.65983178410426
                        ],
                        [
                            -74.40143482853506,
                            46.66009004788135
                        ]
                    ],
                    [
                        [
                            -74.41617548375015,
                            46.65147832887165
                        ],
                        [
                            -74.41605278541809,
                            46.651736617813825
                        ],
                        [
                            -74.41568414366469,
                            46.65165064821978
                        ],
                        [
                            -74.41556144218706,
                            46.65190893640005
                        ],
                        [
                            -74.41482415912267,
                            46.65173699208266
                        ],
                        [
                            -74.41433281138961,
                            46.65190930437226
                        ],
                        [
                            -74.41507009535825,
                            46.6520812523794
                        ],
                        [
                            -74.41494738938825,
                            46.652339539441144
                        ],
                        [
                            -74.41457874493167,
                            46.65225356575192
                        ],
                        [
                            -74.41445603581599,
                            46.6525118520517
                        ],
                        [
                            -74.41482468207147,
                            46.65259782614635
                        ],
                        [
                            -74.41470197340789,
                            46.65285611249492
                        ],
                        [
                            -74.4143333253535,
                            46.6527701379949
                        ],
                        [
                            -74.41371975283809,
                            46.65406156236232
                        ],
                        [
                            -74.41298244278053,
                            46.65388960498946
                        ],
                        [
                            -74.41285972063878,
                            46.654147887982404
                        ],
                        [
                            -74.4124910658315,
                            46.65406190673119
                        ],
                        [
                            -74.4123683405438,
                            46.65432018896208
                        ],
                        [
                            -74.41163103137245,
                            46.654148221330196
                        ],
                        [
                            -74.411753760258,
                            46.65388993991022
                        ],
                        [
                            -74.41138510949179,
                            46.65380395434045
                        ],
                        [
                            -74.41126237880735,
                            46.65406223535494
                        ],
                        [
                            -74.41052507771838,
                            46.653890259085884
                        ],
                        [
                            -74.41015686678921,
                            46.65466509755686
                        ],
                        [
                            -74.40941956029558,
                            46.6544931130968
                        ],
                        [
                            -74.40929681702714,
                            46.654751391062895
                        ],
                        [
                            -74.40892816400226,
                            46.654665396268086
                        ],
                        [
                            -74.40880541758774,
                            46.65492367347211
                        ],
                        [
                            -74.40917407241147,
                            46.655009668672406
                        ],
                        [
                            -74.40880583048097,
                            46.65578449936115
                        ],
                        [
                            -74.40769985386176,
                            46.655526505791876
                        ],
                        [
                            -74.40745434171154,
                            46.656043055368016
                        ],
                        [
                            -74.40708568193541,
                            46.65595705382143
                        ],
                        [
                            -74.40684016079786,
                            46.656473601159966
                        ],
                        [
                            -74.4057341787609,
                            46.65621558544972
                        ],
                        [
                            -74.40548864144029,
                            46.65673212892821
                        ],
                        [
                            -74.4058573043695,
                            46.65681813641564
                        ],
                        [
                            -74.40561176525654,
                            46.657334679278726
                        ],
                        [
                            -74.40598043313109,
                            46.657420686137804
                        ],
                        [
                            -74.40573489222574,
                            46.657937228385514
                        ],
                        [
                            -74.40610356504577,
                            46.65802323461626
                        ],
                        [
                            -74.40573524897775,
                            46.658798046529796
                        ],
                        [
                            -74.40536657076073,
                            46.65871203908225
                        ],
                        [
                            -74.40512101637917,
                            46.65922857776354
                        ],
                        [
                            -74.40548969819423,
                            46.65931458602235
                        ],
                        [
                            -74.4051213619113,
                            46.66008939258642
                        ],
                        [
                            -74.40475267469901,
                            46.66000338311068
                        ],
                        [
                            -74.40426153359009,
                            46.66103645191398
                        ],
                        [
                            -74.40401562962725,
                            46.66069217311584
                        ],
                        [
                            -74.40413841737748,
                            46.66043390649904
                        ],
                        [
                            -74.4037697292626,
                            46.66034789333279
                        ],
                        [
                            -74.40352414881612,
                            46.660864425398536
                        ],
                        [
                            -74.40315545845094,
                            46.66077840998133
                        ]
                    ],
                    [
                        [
                            -74.44836576097737,
                            46.65180720583225
                        ],
                        [
                            -74.44799705969177,
                            46.651721360508894
                        ],
                        [
                            -74.44762948269023,
                            46.652496347788954
                        ],
                        [
                            -74.44726077734904,
                            46.65241049981118
                        ],
                        [
                            -74.44701571568909,
                            46.6529271554073
                        ],
                        [
                            -74.44664700809253,
                            46.65284130517975
                        ],
                        [
                            -74.4465244734447,
                            46.6530996320387
                        ],
                        [
                            -74.44615576539303,
                            46.65301377996634
                        ],
                        [
                            -74.44627830184106,
                            46.65275545351234
                        ],
                        [
                            -74.44554089337352,
                            46.65258374585769
                        ],
                        [
                            -74.44504964930893,
                            46.65275621510988
                        ],
                        [
                            -74.44468094663793,
                            46.65267035727794
                        ],
                        [
                            -74.44455840164407,
                            46.65292868175612
                        ],
                        [
                            -74.44406715037891,
                            46.65310114579642
                        ],
                        [
                            -74.44394460089444,
                            46.6533594691573
                        ],
                        [
                            -74.44357589551352,
                            46.65327360723077
                        ],
                        [
                            -74.4433307889084,
                            46.653790252074
                        ],
                        [
                            -74.44296208127251,
                            46.65370438789766
                        ],
                        [
                            -74.44283952415182,
                            46.653962709380004
                        ],
                        [
                            -74.44247081606117,
                            46.65387684335881
                        ],
                        [
                            -74.44234825579495,
                            46.65413516407995
                        ],
                        [
                            -74.44197954724956,
                            46.654049296213955
                        ],
                        [
                            -74.44148928552973,
                            46.65508257391636
                        ],
                        [
                            -74.44185800127573,
                            46.655168443402374
                        ],
                        [
                            -74.4414902962587,
                            46.655943399153806
                        ],
                        [
                            -74.44075285531099,
                            46.65577165631194
                        ],
                        [
                            -74.44050770470425,
                            46.65628829007839
                        ],
                        [
                            -74.43977026193812,
                            46.65611653985675
                        ],
                        [
                            -74.43952509874796,
                            46.65663317057812
                        ],
                        [
                            -74.43989382305863,
                            46.65671904721899
                        ],
                        [
                            -74.43977124124524,
                            46.656977362450334
                        ],
                        [
                            -74.43866506694972,
                            46.65671972699283
                        ],
                        [
                            -74.43854247838993,
                            46.65697804065287
                        ],
                        [
                            -74.43817375451607,
                            46.65689215888207
                        ],
                        [
                            -74.43780597536131,
                            46.657667096509314
                        ],
                        [
                            -74.43743724743265,
                            46.65758121208338
                        ],
                        [
                            -74.43755984363028,
                            46.65732290030233
                        ],
                        [
                            -74.43719111884768,
                            46.65723701484155
                        ],
                        [
                            -74.43706852084988,
                            46.6574953262175
                        ],
                        [
                            -74.43669979561298,
                            46.65740943891176
                        ],
                        [
                            -74.43682239541096,
                            46.6571511279409
                        ],
                        [
                            -74.4364536733201,
                            46.65706523960027
                        ],
                        [
                            -74.43657627357233,
                            46.65680692867818
                        ],
                        [
                            -74.43620755462749,
                            46.656721039302816
                        ],
                        [
                            -74.43633015533393,
                            46.65646272842958
                        ],
                        [
                            -74.43596143953503,
                            46.656376838019355
                        ],
                        [
                            -74.43583883702851,
                            46.65663514848748
                        ],
                        [
                            -74.43473269230711,
                            46.656377467402294
                        ],
                        [
                            -74.43461008305455,
                            46.656635776298856
                        ],
                        [
                            -74.43424136903928,
                            46.656549879318916
                        ],
                        [
                            -74.43411875664074,
                            46.65680818745403
                        ],
                        [
                            -74.43375004217147,
                            46.65672228862907
                        ],
                        [
                            -74.43399526922255,
                            46.65620567281281
                        ],
                        [
                            -74.4332578515219,
                            46.65603387246394
                        ],
                        [
                            -74.43313523506946,
                            46.65629217973993
                        ],
                        [
                            -74.43350394504672,
                            46.65637808103948
                        ],
                        [
                            -74.43325871170366,
                            46.65689469533282
                        ],
                        [
                            -74.43276737763588,
                            46.657067099430094
                        ],
                        [
                            -74.43202995091983,
                            46.65689529008055
                        ],
                        [
                            -74.43215257501032,
                            46.65663698468382
                        ],
                        [
                            -74.43030904077695,
                            46.65620743813875
                        ],
                        [
                            -74.43018640768709,
                            46.65646574150961
                        ],
                        [
                            -74.4289576580662,
                            46.65646629688806
                        ],
                        [
                            -74.42883501688445,
                            46.65672459833059
                        ],
                        [
                            -74.42846631271556,
                            46.65663867916708
                        ],
                        [
                            -74.42858895569708,
                            46.656380378129725
                        ],
                        [
                            -74.42822025467424,
                            46.656294457931665
                        ],
                        [
                            -74.42809760989299,
                            46.656552758563755
                        ],
                        [
                            -74.42736020828676,
                            46.656380913037786
                        ],
                        [
                            -74.4272375585597,
                            46.65663921250306
                        ],
                        [
                            -74.42686885797639,
                            46.6565532871751
                        ],
                        [
                            -74.42674620510323,
                            46.6568115858787
                        ],
                        [
                            -74.42822102271361,
                            46.657155280172525
                        ],
                        [
                            -74.42809837569314,
                            46.657413580140805
                        ],
                        [
                            -74.4277296674712,
                            46.6573276583218
                        ],
                        [
                            -74.42760701730454,
                            46.65758595752833
                        ],
                        [
                            -74.42686960130024,
                            46.65741410876039
                        ],
                        [
                            -74.42699225506645,
                            46.65715581036434
                        ],
                        [
                            -74.42662355088368,
                            46.65706988422595
                        ],
                        [
                            -74.42650089531772,
                            46.65732818221678
                        ],
                        [
                            -74.425763487392,
                            46.65715632481007
                        ],
                        [
                            -74.42551816502176,
                            46.65767291810143
                        ],
                        [
                            -74.4251494594792,
                            46.65758698642785
                        ],
                        [
                            -74.42478146042565,
                            46.658361872476085
                        ],
                        [
                            -74.42429007998633,
                            46.658534232378074
                        ],
                        [
                            -74.42416740779562,
                            46.65879252625297
                        ],
                        [
                            -74.42342998544612,
                            46.65862065165382
                        ],
                        [
                            -74.42330730830923,
                            46.658878944361625
                        ],
                        [
                            -74.42293859735477,
                            46.65879300449706
                        ],
                        [
                            -74.42281591707146,
                            46.65905129644304
                        ],
                        [
                            -74.422447205664,
                            46.658965354733404
                        ],
                        [
                            -74.42220183745765,
                            46.659481936745486
                        ],
                        [
                            -74.42183312379751,
                            46.65939599278524
                        ],
                        [
                            -74.42171043587442,
                            46.65965428285133
                        ],
                        [
                            -74.4209730089952,
                            46.65948238980083
                        ],
                        [
                            -74.4213410795222,
                            46.658707520965585
                        ],
                        [
                            -74.42170978688935,
                            46.65879346699462
                        ],
                        [
                            -74.42183247257175,
                            46.6585351762646
                        ],
                        [
                            -74.42158645313953,
                            46.658190939959795
                        ],
                        [
                            -74.42170913792803,
                            46.65793264892229
                        ],
                        [
                            -74.42023434352254,
                            46.65758885527291
                        ],
                        [
                            -74.42035703416254,
                            46.65733056550032
                        ],
                        [
                            -74.4199883407276,
                            46.65724461389399
                        ],
                        [
                            -74.42035640996544,
                            46.65646974365354
                        ],
                        [
                            -74.41961903793258,
                            46.65629783855398
                        ],
                        [
                            -74.41974172858386,
                            46.65603954857156
                        ],
                        [
                            -74.41937304638694,
                            46.65595359426757
                        ],
                        [
                            -74.41961842724803,
                            46.655437014044004
                        ],
                        [
                            -74.41998710584625,
                            46.65552296753731
                        ],
                        [
                            -74.4202324777219,
                            46.655006385077094
                        ],
                        [
                            -74.41912645676315,
                            46.654748522710435
                        ],
                        [
                            -74.41949452067021,
                            46.653973649994505
                        ],
                        [
                            -74.4191258551083,
                            46.65388769420897
                        ],
                        [
                            -74.41924854218325,
                            46.65362940299602
                        ],
                        [
                            -74.41887987976718,
                            46.65354344617629
                        ],
                        [
                            -74.4194933039386,
                            46.65225198679035
                        ],
                        [
                            -74.41912465186469,
                            46.65216603055764
                        ],
                        [
                            -74.41924733445836,
                            46.651907738016185
                        ],
                        [
                            -74.41851003794822,
                            46.65173582204269
                        ],
                        [
                            -74.41838735175651,
                            46.65199411377346
                        ],
                        [
                            -74.41789601438494,
                            46.652166444190975
                        ],
                        [
                            -74.41801870372225,
                            46.651908153222
                        ],
                        [
                            -74.4176500570346,
                            46.651822191231076
                        ],
                        [
                            -74.41752736589828,
                            46.65208048179465
                        ],
                        [
                            -74.41715871875827,
                            46.65199451795875
                        ],
                        [
                            -74.41728141169355,
                            46.65173622780048
                        ],
                        [
                            -74.41691276769912,
                            46.65165026293045
                        ],
                        [
                            -74.41679007296489,
                            46.65190855268331
                        ],
                        [
                            -74.41642142851813,
                            46.65182258596834
                        ],
                        [
                            -74.41617548375015,
                            46.65147832887165
                        ]
                    ]
                ]
            }
        },
        {
            "type": "Feature",
            "properties": {
                "SubId": 23000243,
                "DowSubId": 23000259,
                "RivSlope": 0.023015746005703,
                "RivLength": 13751.909088587,
                "BasSlope": 28.22792510187464,
                "BasAspect": 178.20847170175304,
                "BasArea": 29080800.0,
                "BkfWidth": 35.6726098553,
                "BkfDepth": 0.705285892161,
                "Lake_Cat": 0.0,
                "HyLakeId": 0,
                "LakeVol": 0.0,
                "LakeDepth": 0.0,
                "LakeArea": 0.0,
                "Laketype": 0.0,
                "Has_POI": 0,
                "MeanElev": 1425.3198591482012,
                "FloodP_n": 0.1,
                "Q_Mean": 23.96001291011301,
                "Ch_n": 0.083691026910219,
                "DrainArea": 453806099.9999999,
                "Strahler": 3.0,
                "Seg_ID": 105.0,
                "Seg_order": 1.0,
                "Max_DEM": 1141.0,
                "Min_DEM": 1040.0,
                "Obs_NM": "<NA>",
                "SRC_obs": "<NA>",
                "centroid_x": -74.28429120502757,
                "centroid_y": 46.621352144399516,
                "DA_Chn_L": 53844.915575,
                "DA_Slope": 4.92352681392,
                "DA_Chn_Slp": 0.0123131403016,
                "outletLat": 46.61924831,
                "outletLng": -74.23211079,
                "k": 0.0653543025255,
                "c": 0.969084024429,
                "SSDA_NM": "02_02",
                "SDA_NM": "02N",
                "rvhName": "sub23000243"
            },
            "geometry": {
                "type": "MultiLineString",
                "coordinates": [
                    [
                        [
                            -74.29154597275142,
                            46.61398774620875
                        ],
                        [
                            -74.29130113857762,
                            46.613643130345544
                        ],
                        [
                            -74.29093302324603,
                            46.61355667137509
                        ],
                        [
                            -74.29105630798581,
                            46.61329851350079
                        ],
                        [
                            -74.28995197547096,
                            46.61303912918777
                        ],
                        [
                            -74.2898286853584,
                            46.613297285841284
                        ],
                        [
                            -74.28946057543163,
                            46.61321082112259
                        ],
                        [
                            -74.28909069161378,
                            46.61398528771224
                        ],
                        [
                            -74.28872257766557,
                            46.613898820335656
                        ],
                        [
                            -74.28847597811533,
                            46.6144151287897
                        ],
                        [
                            -74.28773974710928,
                            46.61424218809741
                        ],
                        [
                            -74.28761644172529,
                            46.61450034097294
                        ],
                        [
                            -74.28688021254307,
                            46.61432739371851
                        ],
                        [
                            -74.28638878787106,
                            46.61449906923193
                        ],
                        [
                            -74.28602067486773,
                            46.614412591605124
                        ],
                        [
                            -74.28589735961735,
                            46.61467074213587
                        ],
                        [
                            -74.28552924617468,
                            46.614584262665
                        ],
                        [
                            -74.28540592778195,
                            46.614842412430285
                        ],
                        [
                            -74.28503781389998,
                            46.614755931115376
                        ],
                        [
                            -74.28491449236486,
                            46.615014080115344
                        ],
                        [
                            -74.28454637804364,
                            46.614927596956335
                        ],
                        [
                            -74.28442305336611,
                            46.615185745190786
                        ],
                        [
                            -74.28405493860568,
                            46.61509926018773
                        ],
                        [
                            -74.2839316107857,
                            46.615357407656745
                        ],
                        [
                            -74.2835634955861,
                            46.61527092080963
                        ],
                        [
                            -74.28344016462364,
                            46.61552906751312
                        ],
                        [
                            -74.28307204898492,
                            46.61544257882195
                        ],
                        [
                            -74.28270204261483,
                            46.616217015560814
                        ],
                        [
                            -74.28196580464775,
                            46.61604403142481
                        ],
                        [
                            -74.2818424629059,
                            46.61630217547336
                        ],
                        [
                            -74.28110622676448,
                            46.61612918477511
                        ],
                        [
                            -74.28098288008921,
                            46.61638732765103
                        ],
                        [
                            -74.28024664577369,
                            46.61621433039053
                        ],
                        [
                            -74.28012329416501,
                            46.616472472093776
                        ],
                        [
                            -74.27975517724437,
                            46.6163859709008
                        ],
                        [
                            -74.27963182249302,
                            46.61664411183846
                        ],
                        [
                            -74.27926370513359,
                            46.616557608801415
                        ],
                        [
                            -74.27877222944134,
                            46.616729244092284
                        ],
                        [
                            -74.27803599790104,
                            46.616556230018844
                        ],
                        [
                            -74.27791263328285,
                            46.616814368610946
                        ],
                        [
                            -74.27570396036768,
                            46.61629528946003
                        ],
                        [
                            -74.27582733572957,
                            46.61603715331095
                        ],
                        [
                            -74.27533585294758,
                            46.616208771238846
                        ],
                        [
                            -74.27496774687967,
                            46.616122251580656
                        ],
                        [
                            -74.27484436658452,
                            46.61638038655681
                        ],
                        [
                            -74.27435287664038,
                            46.61655199926493
                        ],
                        [
                            -74.27422949185025,
                            46.616810133116765
                        ],
                        [
                            -74.2732464949332,
                            46.617153349171694
                        ],
                        [
                            -74.27287838532169,
                            46.617066821729665
                        ],
                        [
                            -74.27275499110308,
                            46.61732495328416
                        ],
                        [
                            -74.27238688105342,
                            46.61723842399795
                        ],
                        [
                            -74.27226348369194,
                            46.617496554786726
                        ],
                        [
                            -74.27152726406878,
                            46.61732349108887
                        ],
                        [
                            -74.2714038617739,
                            46.61758162070452
                        ],
                        [
                            -74.27103575220049,
                            46.61749508629294
                        ],
                        [
                            -74.27091234676267,
                            46.617753215142756
                        ],
                        [
                            -74.27017612809237,
                            46.61758014119424
                        ],
                        [
                            -74.27005271772113,
                            46.617838268870905
                        ],
                        [
                            -74.26968460862432,
                            46.61775172933395
                        ],
                        [
                            -74.2695611951101,
                            46.61800985624472
                        ],
                        [
                            -74.26882497739332,
                            46.617836772045436
                        ],
                        [
                            -74.26833345032578,
                            46.618008353120665
                        ],
                        [
                            -74.2664929275163,
                            46.6175756082554
                        ],
                        [
                            -74.26636949697384,
                            46.6178337311903
                        ],
                        [
                            -74.26416090350081,
                            46.617314387490865
                        ],
                        [
                            -74.26366936489661,
                            46.61748594490331
                        ],
                        [
                            -74.2625650851112,
                            46.617226248123515
                        ],
                        [
                            -74.26244163396109,
                            46.61748436626722
                        ],
                        [
                            -74.26207354161498,
                            46.61739779739291
                        ],
                        [
                            -74.26195008732182,
                            46.61765591477051
                        ],
                        [
                            -74.26158199453856,
                            46.617569344051915
                        ],
                        [
                            -74.26145853710233,
                            46.61782746066345
                        ],
                        [
                            -74.2607223520146,
                            46.61765431410095
                        ],
                        [
                            -74.2605988896452,
                            46.61791242953895
                        ],
                        [
                            -74.2602307973408,
                            46.617825853694974
                        ],
                        [
                            -74.2601073318283,
                            46.61808396836682
                        ],
                        [
                            -74.25973923908691,
                            46.617997390678575
                        ],
                        [
                            -74.25961577043124,
                            46.61825550458426
                        ],
                        [
                            -74.2592476772529,
                            46.618168925051776
                        ],
                        [
                            -74.25900073230206,
                            46.618685150972055
                        ],
                        [
                            -74.25863263689678,
                            46.61859856918782
                        ],
                        [
                            -74.25838568295305,
                            46.61911479285831
                        ],
                        [
                            -74.25764948904191,
                            46.61894162334933
                        ],
                        [
                            -74.2574048771348,
                            46.61859692600626
                        ],
                        [
                            -74.25666869492328,
                            46.61842374869152
                        ],
                        [
                            -74.25654520832472,
                            46.61868185830988
                        ],
                        [
                            -74.25580902794644,
                            46.618508674432995
                        ],
                        [
                            -74.25556443175567,
                            46.618163971943694
                        ],
                        [
                            -74.25519634673977,
                            46.61807737682088
                        ],
                        [
                            -74.25507285298153,
                            46.618335484808995
                        ],
                        [
                            -74.25360051929222,
                            46.61798908832011
                        ],
                        [
                            -74.2537240202098,
                            46.6177309819622
                        ],
                        [
                            -74.25335594196078,
                            46.61764437965572
                        ],
                        [
                            -74.25311136820886,
                            46.61729967001092
                        ],
                        [
                            -74.25163908131971,
                            46.616953242301356
                        ],
                        [
                            -74.2517625902687,
                            46.616695137671435
                        ],
                        [
                            -74.25139452371968,
                            46.61660852755991
                        ],
                        [
                            -74.2509029459959,
                            46.616780019826535
                        ],
                        [
                            -74.24906263137288,
                            46.61634693849779
                        ],
                        [
                            -74.24893910854341,
                            46.61660503991573
                        ],
                        [
                            -74.24746687405141,
                            46.61625854736275
                        ],
                        [
                            -74.24734334271045,
                            46.61651664679128
                        ],
                        [
                            -74.24587112271935,
                            46.61617012962193
                        ],
                        [
                            -74.24574758286711,
                            46.61642822706092
                        ],
                        [
                            -74.24537952946429,
                            46.61634159376942
                        ],
                        [
                            -74.24525598646895,
                            46.61659969044185
                        ],
                        [
                            -74.24341573081516,
                            46.616166500397135
                        ],
                        [
                            -74.24329217751946,
                            46.616424594672175
                        ],
                        [
                            -74.24255608115642,
                            46.6162513077829
                        ],
                        [
                            -74.24243252292834,
                            46.61650940088358
                        ],
                        [
                            -74.24206447498845,
                            46.61642275487638
                        ],
                        [
                            -74.24194091361721,
                            46.616680847210446
                        ],
                        [
                            -74.24157286524208,
                            46.61659419935893
                        ],
                        [
                            -74.24120216763666,
                            46.61736847298434
                        ],
                        [
                            -74.24083411524786,
                            46.617281822473046
                        ],
                        [
                            -74.24107859906012,
                            46.61762656347503
                        ],
                        [
                            -74.24071054488206,
                            46.61753991255587
                        ],
                        [
                            -74.2405869731622,
                            46.61779800227982
                        ],
                        [
                            -74.24021891854898,
                            46.617711349516426
                        ],
                        [
                            -74.24009534368574,
                            46.617969438473615
                        ],
                        [
                            -74.23960371063077,
                            46.61814087205636
                        ],
                        [
                            -74.23923565514735,
                            46.618054215604246
                        ],
                        [
                            -74.23911207399729,
                            46.618312303028
                        ],
                        [
                            -74.23763985844903,
                            46.617965661222684
                        ],
                        [
                            -74.23776344675585,
                            46.61770757543018
                        ],
                        [
                            -74.23739539804356,
                            46.61762091179531
                        ],
                        [
                            -74.23751898678525,
                            46.61736282605165
                        ],
                        [
                            -74.23715094121634,
                            46.617276161388126
                        ],
                        [
                            -74.23727453039287,
                            46.61701807569336
                        ],
                        [
                            -74.23690648796729,
                            46.61693141000109
                        ],
                        [
                            -74.23641485414132,
                            46.617102827751495
                        ],
                        [
                            -74.23567877248345,
                            46.61692948836883
                        ],
                        [
                            -74.23555517479647,
                            46.617187572073334
                        ],
                        [
                            -74.23445105710019,
                            46.6169275510022
                        ],
                        [
                            -74.2340802398121,
                            46.617701796290895
                        ],
                        [
                            -74.23371219792189,
                            46.61761511850398
                        ],
                        [
                            -74.23358858766134,
                            46.61787319914096
                        ],
                        [
                            -74.23395663134055,
                            46.61795987733575
                        ],
                        [
                            -74.23370941033399,
                            46.61847603834852
                        ],
                        [
                            -74.23407745894572,
                            46.618562715922636
                        ],
                        [
                            -74.23432189995505,
                            46.61890747284394
                        ],
                        [
                            -74.23444550891196,
                            46.6186493920603
                        ],
                        [
                            -74.23481356023268,
                            46.61873606676141
                        ],
                        [
                            -74.23468995306487,
                            46.61899414795294
                        ],
                        [
                            -74.23505800752918,
                            46.619080821625424
                        ],
                        [
                            -74.2344399603181,
                            46.620371224237815
                        ],
                        [
                            -74.2339482816129,
                            46.620542627563495
                        ],
                        [
                            -74.2335802177682,
                            46.62045595000712
                        ],
                        [
                            -74.23370383485248,
                            46.62019787137735
                        ],
                        [
                            -74.23333577415158,
                            46.62011119279232
                        ],
                        [
                            -74.23345939167038,
                            46.61985311421153
                        ],
                        [
                            -74.23309133411323,
                            46.61976643459791
                        ],
                        [
                            -74.23321495206653,
                            46.619508356066056
                        ],
                        [
                            -74.23211079289007,
                            46.61924830982973
                        ],
                        [
                            -74.23186636629539,
                            46.61890354761877
                        ]
                    ],
                    [
                        [
                            -74.29128725762035,
                            46.620530519757985
                        ],
                        [
                            -74.29055092070737,
                            46.62035760384042
                        ],
                        [
                            -74.2906742253417,
                            46.620099451717074
                        ],
                        [
                            -74.29030606070404,
                            46.62001299200947
                        ],
                        [
                            -74.29129246345502,
                            46.617947765380066
                        ],
                        [
                            -74.29104761055342,
                            46.61760315295702
                        ],
                        [
                            -74.29191064509028,
                            46.615796061185534
                        ],
                        [
                            -74.29301675661999,
                            46.61519449329682
                        ],
                        [
                            -74.29228049676536,
                            46.615021587908736
                        ],
                        [
                            -74.29240377795463,
                            46.61476342943318
                        ],
                        [
                            -74.29166752708697,
                            46.6145905191104
                        ],
                        [
                            -74.29179081050725,
                            46.61433236109036
                        ],
                        [
                            -74.29154597275142,
                            46.61398774620875
                        ]
                    ],
                    [
                        [
                            -74.30379526424916,
                            46.629495508362034
                        ],
                        [
                            -74.30305874124566,
                            46.629322693221404
                        ],
                        [
                            -74.30293548035247,
                            46.62958085414981
                        ],
                        [
                            -74.30256721908522,
                            46.62949444401619
                        ],
                        [
                            -74.30207569333948,
                            46.62966619220137
                        ],
                        [
                            -74.3013391739772,
                            46.62949336393223
                        ],
                        [
                            -74.30146244339238,
                            46.629235204989634
                        ],
                        [
                            -74.30072593302138,
                            46.629062371783945
                        ],
                        [
                            -74.30084920467016,
                            46.62880421329715
                        ],
                        [
                            -74.3004809533045,
                            46.628717794944905
                        ],
                        [
                            -74.30060422539425,
                            46.62845963650693
                        ],
                        [
                            -74.30023597717262,
                            46.628373217124036
                        ],
                        [
                            -74.30035924970332,
                            46.62811505873485
                        ],
                        [
                            -74.29999100462567,
                            46.62802863832138
                        ],
                        [
                            -74.3001142775973,
                            46.627770479981024
                        ],
                        [
                            -74.29974603566359,
                            46.627684058537
                        ],
                        [
                            -74.29986930907612,
                            46.627425900245406
                        ],
                        [
                            -74.29950107028631,
                            46.6273394777708
                        ],
                        [
                            -74.29962434413967,
                            46.62708131952806
                        ],
                        [
                            -74.2988878741993,
                            46.62690847108014
                        ],
                        [
                            -74.2990111502858,
                            46.6266503132931
                        ],
                        [
                            -74.29864291913518,
                            46.6265638873199
                        ],
                        [
                            -74.29876619566247,
                            46.62630572958165
                        ],
                        [
                            -74.29839796765559,
                            46.62621930257788
                        ]
                    ],
                    [
                        [
                            -74.32331509315739,
                            46.6340730140927
                        ],
                        [
                            -74.32233326215882,
                            46.63355583539406
                        ],
                        [
                            -74.32208692821767,
                            46.634072199914755
                        ],
                        [
                            -74.32171859669397,
                            46.6339858645457
                        ],
                        [
                            -74.32159542590358,
                            46.63424404586269
                        ],
                        [
                            -74.32122709393684,
                            46.634157708648985
                        ],
                        [
                            -74.32110392000195,
                            46.63441588920141
                        ],
                        [
                            -74.32036725653323,
                            46.63424320964689
                        ],
                        [
                            -74.3204904340556,
                            46.633985029907805
                        ],
                        [
                            -74.32012210614114,
                            46.633898688380334
                        ],
                        [
                            -74.32024528410643,
                            46.63364050869012
                        ],
                        [
                            -74.31987695933643,
                            46.6335541661314
                        ],
                        [
                            -74.32036846072094,
                            46.633382328642014
                        ],
                        [
                            -74.32073798246007,
                            46.63260778635076
                        ],
                        [
                            -74.31815978765698,
                            46.63200336963118
                        ],
                        [
                            -74.31791466507654,
                            46.63165884040806
                        ],
                        [
                            -74.31816103214388,
                            46.631142482882424
                        ],
                        [
                            -74.31791591403557,
                            46.63079795277464
                        ],
                        [
                            -74.31816227658526,
                            46.63028159391501
                        ],
                        [
                            -74.3177939819068,
                            46.630195242482415
                        ],
                        [
                            -74.31791716294892,
                            46.62993706292245
                        ],
                        [
                            -74.31754887141446,
                            46.6298507104587
                        ],
                        [
                            -74.31767205289918,
                            46.6295925309475
                        ],
                        [
                            -74.3173037645087,
                            46.62950617745264
                        ],
                        [
                            -74.31718058123072,
                            46.62976435655713
                        ],
                        [
                            -74.31681229239767,
                            46.62967800121782
                        ],
                        [
                            -74.31656591820304,
                            46.63019435753963
                        ],
                        [
                            -74.31619762713424,
                            46.63010799994911
                        ],
                        [
                            -74.31582805033169,
                            46.63088253052739
                        ],
                        [
                            -74.31533655847144,
                            46.631054346015695
                        ],
                        [
                            -74.3152133603581,
                            46.63131252139464
                        ],
                        [
                            -74.31484506302466,
                            46.631226158894854
                        ],
                        [
                            -74.31472186176711,
                            46.63148433350908
                        ],
                        [
                            -74.31435356399132,
                            46.63139796916481
                        ],
                        [
                            -74.31423035958954,
                            46.63165614301437
                        ],
                        [
                            -74.31386206137144,
                            46.631569776825515
                        ],
                        [
                            -74.31373885382541,
                            46.631827949910395
                        ],
                        [
                            -74.31337055516505,
                            46.63174158187696
                        ],
                        [
                            -74.31324734447475,
                            46.63199975419713
                        ],
                        [
                            -74.31275583153753,
                            46.63217155587456
                        ],
                        [
                            -74.31238753199277,
                            46.63208518415198
                        ],
                        [
                            -74.31214109668372,
                            46.63260152537532
                        ],
                        [
                            -74.31140449447456,
                            46.63242877598959
                        ],
                        [
                            -74.31128127120684,
                            46.63268694525075
                        ],
                        [
                            -74.31091297033579,
                            46.632600567994324
                        ],
                        [
                            -74.31042144261056,
                            46.63277235738974
                        ],
                        [
                            -74.3096848440382,
                            46.63259959487438
                        ],
                        [
                            -74.30956161089519,
                            46.632857761792295
                        ],
                        [
                            -74.30698354590609,
                            46.632253044851154
                        ],
                        [
                            -74.30649200747396,
                            46.63242481427066
                        ],
                        [
                            -74.30538714142462,
                            46.632165622767445
                        ],
                        [
                            -74.30526388585501,
                            46.63242378449361
                        ],
                        [
                            -74.30452731166027,
                            46.63225098215576
                        ],
                        [
                            -74.30428078929465,
                            46.63276730290627
                        ],
                        [
                            -74.30391250063867,
                            46.63268089876693
                        ],
                        [
                            -74.30292938885192,
                            46.6330244030518
                        ],
                        [
                            -74.30256110066495,
                            46.63293799378548
                        ],
                        [
                            -74.30268437239846,
                            46.63267983593316
                        ],
                        [
                            -74.3019478036653,
                            46.63250701390133
                        ],
                        [
                            -74.30170279708668,
                            46.63216244373942
                        ],
                        [
                            -74.30133451789212,
                            46.63207602953633
                        ],
                        [
                            -74.30145779409368,
                            46.63181787259568
                        ],
                        [
                            -74.30108951804357,
                            46.63173145736187
                        ],
                        [
                            -74.30133606997721,
                            46.631215143220324
                        ],
                        [
                            -74.30096779886428,
                            46.63112872736283
                        ],
                        [
                            -74.30109107459633,
                            46.630870570161846
                        ],
                        [
                            -74.30145934391658,
                            46.63095698561245
                        ],
                        [
                            -74.30170588774044,
                            46.63044066932233
                        ],
                        [
                            -74.30207415482687,
                            46.63052708252125
                        ],
                        [
                            -74.30342548827136,
                            46.630269992514535
                        ],
                        [
                            -74.30379375717841,
                            46.630356399149136
                        ]
                    ],
                    [
                        [
                            -74.30379375717841,
                            46.630356399149136
                        ],
                        [
                            -74.30416202743694,
                            46.63044280434615
                        ],
                        [
                            -74.30428528386214,
                            46.63018464250623
                        ],
                        [
                            -74.30502182484791,
                            46.63035744777339
                        ],
                        [
                            -74.30514507633613,
                            46.630099284761584
                        ],
                        [
                            -74.3055133470633,
                            46.63018568483184
                        ],
                        [
                            -74.30526832647297,
                            46.629841121391806
                        ],
                        [
                            -74.30379526424916,
                            46.629495508362034
                        ]
                    ],
                    [
                        [
                            -74.29839796765559,
                            46.62621930257788
                        ],
                        [
                            -74.29802974100022,
                            46.62613287413658
                        ],
                        [
                            -74.29815301976046,
                            46.62587471685412
                        ],
                        [
                            -74.2977847962488,
                            46.625788287382335
                        ],
                        [
                            -74.29790807544973,
                            46.625530130148654
                        ],
                        [
                            -74.29753985508174,
                            46.62544369964636
                        ],
                        [
                            -74.2976631347233,
                            46.625185542461445
                        ],
                        [
                            -74.29655848710479,
                            46.62492624355086
                        ],
                        [
                            -74.2960669871251,
                            46.625097963262924
                        ],
                        [
                            -74.29385772573754,
                            46.62457931556529
                        ],
                        [
                            -74.2939810232993,
                            46.62432116245014
                        ],
                        [
                            -74.29324461723367,
                            46.624148269199196
                        ],
                        [
                            -74.29336791702755,
                            46.623890116539805
                        ],
                        [
                            -74.29263151995227,
                            46.62371721835341
                        ],
                        [
                            -74.29238662725979,
                            46.62337261530759
                        ],
                        [
                            -74.2920184338931,
                            46.62328616302806
                        ],
                        [
                            -74.29214173815086,
                            46.62302801128022
                        ],
                        [
                            -74.29177354792758,
                            46.622941557970364
                        ],
                        [
                            -74.29202015597156,
                            46.62242525421391
                        ],
                        [
                            -74.29177527446952,
                            46.6220806482722
                        ],
                        [
                            -74.29202187798705,
                            46.62156434318016
                        ],
                        [
                            -74.29165369942537,
                            46.62147788903077
                        ],
                        [
                            -74.29177700094836,
                            46.621219736354355
                        ],
                        [
                            -74.29153212749281,
                            46.62087512854698
                        ],
                        [
                            -74.29116395521744,
                            46.620788672337
                        ],
                        [
                            -74.29128725762035,
                            46.620530519757985
                        ]
                    ]
                ]
            }
        },
        {
            "type": "Feature",
            "properties": {
                "SubId": 23000244,
                "DowSubId": 23000259,
                "RivSlope": 0.00555555555556,
                "RivLength": 540.0,
                "BasSlope": 54.2785843352,
                "BasAspect": 160.653191691,
                "BasArea": 62100.0,
                "BkfWidth": 15.0488005873,
                "BkfDepth": 0.420209047284,
                "Lake_Cat": 0.0,
                "HyLakeId": 0,
                "LakeVol": 0.0,
                "LakeDepth": 0.0,
                "LakeArea": 0.0,
                "Laketype": 0.0,
                "Has_POI": 0,
                "MeanElev": 1303.32237708,
                "FloodP_n": 0.1,
                "Q_Mean": 4.36856479776,
                "Ch_n": 0.0545232456463,
                "DrainArea": 76434299.9999997,
                "Strahler": 2.0,
                "Seg_ID": 59.0,
                "Seg_order": 1.0,
                "Max_DEM": 1128.0,
                "Min_DEM": 1125.0,
                "Obs_NM": "<NA>",
                "SRC_obs": "<NA>",
                "centroid_x": -74.23143015585197,
                "centroid_y": 46.6211524714171,
                "DA_Chn_L": 20544.7012947,
                "DA_Slope": 13.0487198791,
                "DA_Chn_Slp": 0.0114871468129,
                "outletLat": 46.61916162,
                "outletLng": -74.23174274,
                "k": 0.0653543025255,
                "c": 0.969084024429,
                "SSDA_NM": "02_02",
                "SDA_NM": "02N",
                "rvhName": "sub23000244"
            },
            "geometry": {
                "type": "LineString",
                "coordinates": [
                    [
                        -74.23136337133369,
                        46.6225185892167
                    ],
                    [
                        -74.23148700597825,
                        46.622260515041845
                    ],
                    [
                        -74.23185508007248,
                        46.62234720017151
                    ],
                    [
                        -74.23197871157295,
                        46.622089125229635
                    ],
                    [
                        -74.23161063926796,
                        46.622002440507906
                    ],
                    [
                        -74.23173427120284,
                        46.621744365615
                    ],
                    [
                        -74.23136620204188,
                        46.62165767986473
                    ],
                    [
                        -74.23148983441114,
                        46.621399605020784
                    ],
                    [
                        -74.23112176839416,
                        46.62131291824194
                    ],
                    [
                        -74.23124540119778,
                        46.621054843446935
                    ],
                    [
                        -74.23087733832473,
                        46.620968155639524
                    ],
                    [
                        -74.23186636629539,
                        46.61890354761877
                    ]
                ]
            }
        },
        {
            "type": "Feature",
            "properties": {
                "SubId": 23000245,
                "DowSubId": 23000253,
                "RivSlope": 0.00689822831616,
                "RivLength": 10292.49783362,
                "BasSlope": 31.19785494377567,
                "BasAspect": 170.03608635262046,
                "BasArea": 23443200.0,
                "BkfWidth": 23.5602601285,
                "BkfDepth": 0.549885559689,
                "Lake_Cat": 0.0,
                "HyLakeId": 0,
                "LakeVol": 0.0,
                "LakeDepth": 0.0,
                "LakeArea": 0.0,
                "Laketype": 0.0,
                "Has_POI": 0,
                "MeanElev": 1425.215603973246,
                "FloodP_n": 0.095146522005142,
                "Q_Mean": 10.435465553442999,
                "Ch_n": 0.059872973121796,
                "DrainArea": 192781799.99999988,
                "Strahler": 2.0,
                "Seg_ID": 103.0,
                "Seg_order": 1.0,
                "Max_DEM": 1152.0,
                "Min_DEM": 1116.0,
                "Obs_NM": "<NA>",
                "SRC_obs": "<NA>",
                "centroid_x": -74.32791636546744,
                "centroid_y": 46.6744954627849,
                "DA_Chn_L": 38680.874452,
                "DA_Slope": 8.24489399438,
                "DA_Chn_Slp": 0.00881572624277,
                "outletLat": 46.64044597,
                "outletLng": -74.32723724,
                "k": 0.0653543025255,
                "c": 0.969084024429,
                "SSDA_NM": "02_02",
                "SDA_NM": "02N",
                "rvhName": "sub23000245"
            },
            "geometry": {
                "type": "MultiLineString",
                "coordinates": [
                    [
                        [
                            -74.32900910800663,
                            46.69855035809087
                        ],
                        [
                            -74.32937795870725,
                            46.69863664878393
                        ],
                        [
                            -74.32950125545307,
                            46.6983785071554
                        ],
                        [
                            -74.32913240655142,
                            46.698292216869696
                        ],
                        [
                            -74.32950229406183,
                            46.69751779106255
                        ],
                        [
                            -74.32876461111415,
                            46.6973452086162
                        ],
                        [
                            -74.3291344972323,
                            46.69657078203725
                        ],
                        [
                            -74.32950333263256,
                            46.696657072758335
                        ],
                        [
                            -74.32962662349858,
                            46.69639892944345
                        ],
                        [
                            -74.33011874616716,
                            46.69622707423826
                        ],
                        [
                            -74.33048758067744,
                            46.69631336126555
                        ],
                        [
                            -74.3311039899427,
                            46.69502263347285
                        ],
                        [
                            -74.33085844401712,
                            46.694678202258736
                        ],
                        [
                            -74.33098172225402,
                            46.69442005567832
                        ],
                        [
                            -74.3306129016891,
                            46.69433377006231
                        ],
                        [
                            -74.33085945769926,
                            46.69381747664414
                        ],
                        [
                            -74.33135154884263,
                            46.693645613793414
                        ],
                        [
                            -74.33172136324862,
                            46.69287116869291
                        ],
                        [
                            -74.33147582403599,
                            46.69252673684605
                        ],
                        [
                            -74.3315990932426,
                            46.69226858781453
                        ],
                        [
                            -74.33012388207601,
                            46.69192344398659
                        ],
                        [
                            -74.3302471571233,
                            46.691665296226695
                        ],
                        [
                            -74.3298783595141,
                            46.69157900707821
                        ],
                        [
                            -74.32963284054915,
                            46.691234569187486
                        ],
                        [
                            -74.32975611648627,
                            46.690976421527324
                        ],
                        [
                            -74.3293873251811,
                            46.69089013031436
                        ],
                        [
                            -74.32951060156307,
                            46.69063198270417
                        ],
                        [
                            -74.32877302661026,
                            46.69045939677436
                        ],
                        [
                            -74.3288963052354,
                            46.69020124962127
                        ],
                        [
                            -74.3285275215877,
                            46.690114954904445
                        ],
                        [
                            -74.32828202016178,
                            46.689770512052256
                        ],
                        [
                            -74.32754446323084,
                            46.68959791623596
                        ],
                        [
                            -74.32828414159458,
                            46.68804903344251
                        ],
                        [
                            -74.32791537594859,
                            46.68796273581862
                        ],
                        [
                            -74.32803865273675,
                            46.687704587842795
                        ],
                        [
                            -74.32705565014292,
                            46.68718754044528
                        ],
                        [
                            -74.32767203398576,
                            46.685896799526894
                        ],
                        [
                            -74.3273032863398,
                            46.685810498996155
                        ],
                        [
                            -74.32767310579861,
                            46.68503605137807
                        ],
                        [
                            -74.32804184805079,
                            46.685122350687244
                        ],
                        [
                            -74.32779637624486,
                            46.68477790145722
                        ],
                        [
                            -74.32841270817703,
                            46.68348714649232
                        ],
                        [
                            -74.32804397806521,
                            46.68340084818686
                        ],
                        [
                            -74.3282905049611,
                            46.682884544513406
                        ],
                        [
                            -74.32792177979802,
                            46.68279824558308
                        ],
                        [
                            -74.32804504301394,
                            46.682540093617405
                        ],
                        [
                            -74.32730760034276,
                            46.68236749225331
                        ],
                        [
                            -74.32755412990586,
                            46.6818511888784
                        ]
                    ],
                    [
                        [
                            -74.32755412990586,
                            46.6818511888784
                        ],
                        [
                            -74.32767739265769,
                            46.681593036654775
                        ],
                        [
                            -74.32804610792371,
                            46.681679336834975
                        ],
                        [
                            -74.32816936752477,
                            46.681421183846815
                        ],
                        [
                            -74.32890679852078,
                            46.68159377907538
                        ],
                        [
                            -74.32878354251505,
                            46.68185193287777
                        ],
                        [
                            -74.3297674859863,
                            46.681508213572975
                        ],
                        [
                            -74.33013620442225,
                            46.681594505742865
                        ],
                        [
                            -74.3302594523288,
                            46.68133635000433
                        ],
                        [
                            -74.33075141507587,
                            46.68116448382483
                        ],
                        [
                            -74.33087465847879,
                            46.68090632696442
                        ],
                        [
                            -74.3312433742275,
                            46.68099261503459
                        ],
                        [
                            -74.33136661447978,
                            46.6807344574097
                        ],
                        [
                            -74.33185856688534,
                            46.680562585244246
                        ],
                        [
                            -74.3314898533792,
                            46.680476299427454
                        ],
                        [
                            -74.33161309092574,
                            46.68021814108782
                        ],
                        [
                            -74.33210503703022,
                            46.680046267393465
                        ],
                        [
                            -74.33222827007343,
                            46.67978810793201
                        ],
                        [
                            -74.3325969795393,
                            46.679874391088426
                        ],
                        [
                            -74.33296666515938,
                            46.67909990933878
                        ],
                        [
                            -74.33259796108649,
                            46.679013627403506
                        ],
                        [
                            -74.33308989099397,
                            46.6788417480408
                        ],
                        [
                            -74.33382729960248,
                            46.67901430677972
                        ],
                        [
                            -74.33395052048907,
                            46.67875614431038
                        ],
                        [
                            -74.33431922502461,
                            46.67884242111397
                        ],
                        [
                            -74.33444244276092,
                            46.67858425788023
                        ],
                        [
                            -74.33481114685138,
                            46.67867053283765
                        ],
                        [
                            -74.33530306508277,
                            46.678498641950775
                        ],
                        [
                            -74.33554948660183,
                            46.67798231206862
                        ],
                        [
                            -74.33591818800433,
                            46.67806858292666
                        ],
                        [
                            -74.33616460051806,
                            46.67755225080119
                        ],
                        [
                            -74.3366565021082,
                            46.67738035240039
                        ],
                        [
                            -74.33677970318632,
                            46.67712218503736
                        ],
                        [
                            -74.33604231341019,
                            46.67694964801614
                        ],
                        [
                            -74.33616551673119,
                            46.67669148110963
                        ],
                        [
                            -74.33579682566932,
                            46.67660521084719
                        ],
                        [
                            -74.33604323184932,
                            46.67608887677605
                        ],
                        [
                            -74.33567454573496,
                            46.67600260588836
                        ],
                        [
                            -74.33616643291077,
                            46.67583070920445
                        ],
                        [
                            -74.33653602798114,
                            46.67505620434551
                        ],
                        [
                            -74.33702790211245,
                            46.67488430275838
                        ],
                        [
                            -74.33739658194379,
                            46.67497056873319
                        ],
                        [
                            -74.33751977264878,
                            46.67471239856093
                        ],
                        [
                            -74.3378884520348,
                            46.67479866268965
                        ],
                        [
                            -74.33801163959009,
                            46.674540491753234
                        ],
                        [
                            -74.33838031853078,
                            46.67462675403588
                        ],
                        [
                            -74.3389962270376,
                            46.67333589195918
                        ],
                        [
                            -74.33936489834295,
                            46.67342215076829
                        ],
                        [
                            -74.34010393314927,
                            46.67187310204301
                        ],
                        [
                            -74.34047259502198,
                            46.67195935697203
                        ],
                        [
                            -74.34096525066504,
                            46.670926649047864
                        ],
                        [
                            -74.33998245659397,
                            46.67040970817161
                        ],
                        [
                            -74.34010562116528,
                            46.6701515311603
                        ],
                        [
                            -74.33973697413208,
                            46.670065274354954
                        ],
                        [
                            -74.34010646512695,
                            46.66929074239748
                        ],
                        [
                            -74.34133554967651,
                            46.6692913255808
                        ],
                        [
                            -74.34219760081882,
                            46.667484060795644
                        ],
                        [
                            -74.34182897085132,
                            46.667397811342916
                        ],
                        [
                            -74.34195211740531,
                            46.66713962963672
                        ],
                        [
                            -74.34158349058646,
                            46.667053379151774
                        ],
                        [
                            -74.34219921206908,
                            46.66576246729418
                        ],
                        [
                            -74.34183059558694,
                            46.66567621740386
                        ],
                        [
                            -74.34207687831373,
                            46.66515985097278
                        ],
                        [
                            -74.34256862874119,
                            46.66498791589137
                        ],
                        [
                            -74.34293724118378,
                            46.66507416312257
                        ],
                        [
                            -74.3435528996254,
                            46.6637832349374
                        ],
                        [
                            -74.34330742559887,
                            46.663438803437195
                        ],
                        [
                            -74.3429388252891,
                            46.66335255720721
                        ],
                        [
                            -74.34306195516609,
                            46.663094370954134
                        ],
                        [
                            -74.34269335800442,
                            46.66300812369188
                        ],
                        [
                            -74.34330899610508,
                            46.66171718909932
                        ],
                        [
                            -74.34294040927853,
                            46.66163094243151
                        ],
                        [
                            -74.34343290262507,
                            46.66059818995142
                        ],
                        [
                            -74.34380148226482,
                            46.66068443499265
                        ],
                        [
                            -74.34392460042704,
                            46.660426245572566
                        ],
                        [
                            -74.34355602258395,
                            46.660340000937985
                        ],
                        [
                            -74.3436791411918,
                            46.66008181156716
                        ],
                        [
                            -74.3434336855498,
                            46.659737376578704
                        ],
                        [
                            -74.34355680325218,
                            46.65947918689981
                        ],
                        [
                            -74.34257421979272,
                            46.65896225488952
                        ],
                        [
                            -74.3426973401827,
                            46.65870406571567
                        ],
                        [
                            -74.34159165792052,
                            46.65844531201234
                        ],
                        [
                            -74.34109997229275,
                            46.658617245447495
                        ],
                        [
                            -74.33888864157574,
                            46.658099688120906
                        ],
                        [
                            -74.3387655018707,
                            46.65835787287075
                        ],
                        [
                            -74.33765984936409,
                            46.65809907356412
                        ],
                        [
                            -74.33778299445791,
                            46.65784089003435
                        ],
                        [
                            -74.33741444812107,
                            46.657754621128
                        ],
                        [
                            -74.33753759365989,
                            46.65749643764742
                        ],
                        [
                            -74.33790613820052,
                            46.65758270614712
                        ],
                        [
                            -74.33802928059194,
                            46.65732452190238
                        ],
                        [
                            -74.33766073784749,
                            46.657238253809425
                        ],
                        [
                            -74.33790702216913,
                            46.656721885061
                        ],
                        [
                            -74.33753848436817,
                            46.656635616342726
                        ],
                        [
                            -74.33766162629837,
                            46.656377431839
                        ],
                        [
                            -74.33692455834215,
                            46.65620489089972
                        ],
                        [
                            -74.33704770251337,
                            46.65594670685184
                        ],
                        [
                            -74.33631064355392,
                            46.6557741609712
                        ],
                        [
                            -74.33643378996602,
                            46.65551597737929
                        ],
                        [
                            -74.33606526430906,
                            46.655429702687684
                        ],
                        [
                            -74.33631155667176,
                            46.65491333524463
                        ],
                        [
                            -74.33606618190842,
                            46.65456887607662
                        ],
                        [
                            -74.33569766434155,
                            46.654482599727814
                        ],
                        [
                            -74.33582081073689,
                            46.65422441592594
                        ],
                        [
                            -74.33545229631704,
                            46.65413813854517
                        ],
                        [
                            -74.33520693188422,
                            46.65379367637972
                        ],
                        [
                            -74.33533007916898,
                            46.65353549267618
                        ],
                        [
                            -74.334961571043,
                            46.653449213231546
                        ],
                        [
                            -74.33533101017807,
                            46.652674661195796
                        ],
                        [
                            -74.33496250879044,
                            46.652588381532624
                        ],
                        [
                            -74.3355782226398,
                            46.65129745635579
                        ],
                        [
                            -74.33520973158156,
                            46.651211177287415
                        ],
                        [
                            -74.33496438418241,
                            46.65086671148586
                        ],
                        [
                            -74.33422741241199,
                            46.650694146969734
                        ],
                        [
                            -74.33435055696025,
                            46.650435962130864
                        ],
                        [
                            -74.33484218177615,
                            46.6502640590984
                        ],
                        [
                            -74.3350884605268,
                            46.649747686819495
                        ],
                        [
                            -74.334106173232,
                            46.64923065299617
                        ],
                        [
                            -74.33435245464993,
                            46.64871428101184
                        ],
                        [
                            -74.3339839860613,
                            46.64862799656565
                        ],
                        [
                            -74.33410712653931,
                            46.64836981044374
                        ],
                        [
                            -74.3337386610969,
                            46.64828352496576
                        ],
                        [
                            -74.33386180201938,
                            46.64802533889296
                        ],
                        [
                            -74.33349333972319,
                            46.647939052383144
                        ],
                        [
                            -74.33361648109009,
                            46.64768086635941
                        ],
                        [
                            -74.33324802194005,
                            46.64759457881781
                        ],
                        [
                            -74.33337116375137,
                            46.64733639284313
                        ],
                        [
                            -74.33300270774745,
                            46.647250104269744
                        ],
                        [
                            -74.33312585000313,
                            46.646991918344135
                        ],
                        [
                            -74.3327573971453,
                            46.64690562873898
                        ],
                        [
                            -74.33324995984044,
                            46.64587288308697
                        ],
                        [
                            -74.33300465460594,
                            46.64552840676963
                        ],
                        [
                            -74.33312779234709,
                            46.64527021951167
                        ],
                        [
                            -74.33275935296165,
                            46.645183929469546
                        ],
                        [
                            -74.33251405490746,
                            46.64483945118673
                        ],
                        [
                            -74.33263719353718,
                            46.64458126402676
                        ],
                        [
                            -74.33226876044331,
                            46.64449497192117
                        ],
                        [
                            -74.33239189951729,
                            46.644236784810246
                        ],
                        [
                            -74.32981291824632,
                            46.64363270264477
                        ],
                        [
                            -74.32993606853377,
                            46.643374518022675
                        ],
                        [
                            -74.32969080056738,
                            46.64303003065075
                        ],
                        [
                            -74.329813949948,
                            46.64277184571991
                        ],
                        [
                            -74.32870871272792,
                            46.64251293113399
                        ],
                        [
                            -74.32883186614191,
                            46.64225474706551
                        ],
                        [
                            -74.32809505167194,
                            46.64208213096362
                        ],
                        [
                            -74.32821820732443,
                            46.64182394735074
                        ],
                        [
                            -74.3278498039103,
                            46.641737637549106
                        ],
                        [
                            -74.32772664646319,
                            46.641995820755376
                        ],
                        [
                            -74.3273582426053,
                            46.641909509108885
                        ],
                        [
                            -74.32760455973785,
                            46.641393143152015
                        ],
                        [
                            -74.32723616081995,
                            46.64130683088063
                        ],
                        [
                            -74.32760563177125,
                            46.64053228048256
                        ],
                        [
                            -74.3272372395877,
                            46.64044596799295
                        ],
                        [
                            -74.32699200662607,
                            46.640101470697104
                        ]
                    ]
                ]
            }
        },
        {
            "type": "Feature",
            "properties": {
                "SubId": 23000246,
                "DowSubId": 23000253,
                "RivSlope": 0.007344335876456,
                "RivLength": 14024.924240490001,
                "BasSlope": 28.41942744247609,
                "BasAspect": 168.32193000567545,
                "BasArea": 55619100.0,
                "BkfWidth": 23.8690838085,
                "BkfDepth": 0.554198972067,
                "Lake_Cat": 0.0,
                "HyLakeId": 0,
                "LakeVol": 0.0,
                "LakeDepth": 0.0,
                "LakeArea": 0.0,
                "Laketype": 0.0,
                "Has_POI": 0,
                "MeanElev": 1435.6017968032293,
                "FloodP_n": 0.103441809683391,
                "Q_Mean": 9.301717642706354,
                "Ch_n": 0.060692053276793,
                "DrainArea": 198033300.0,
                "Strahler": 2.0,
                "Seg_ID": 77.0,
                "Seg_order": 1.0,
                "Max_DEM": 1157.0,
                "Min_DEM": 1116.0,
                "Obs_NM": "<NA>",
                "SRC_obs": "<NA>",
                "centroid_x": -74.36847753039135,
                "centroid_y": 46.625347003677774,
                "DA_Chn_L": 36162.6406871,
                "DA_Slope": 6.1102314072,
                "DA_Chn_Slp": 0.0104251236314,
                "outletLat": 46.63984329,
                "outletLng": -74.32711516,
                "k": 0.0653543025255,
                "c": 0.969084024429,
                "SSDA_NM": "02_02",
                "SDA_NM": "02N",
                "rvhName": "sub23000246"
            },
            "geometry": {
                "type": "MultiLineString",
                "coordinates": [
                    [
                        [
                            -74.34199016127221,
                            46.626679797121234
                        ],
                        [
                            -74.34162103559876,
                            46.62745443506829
                        ],
                        [
                            -74.34198935250889,
                            46.62754069562742
                        ],
                        [
                            -74.34174326556843,
                            46.628057119949816
                        ],
                        [
                            -74.34211158741604,
                            46.62814337988346
                        ],
                        [
                            -74.34174245226798,
                            46.628918014903746
                        ],
                        [
                            -74.34063747462595,
                            46.62865922713215
                        ],
                        [
                            -74.34051442149547,
                            46.62891743687142
                        ],
                        [
                            -74.33940945061572,
                            46.628658634938446
                        ],
                        [
                            -74.3392863907535,
                            46.62891684310114
                        ],
                        [
                            -74.33854974665952,
                            46.628744300476356
                        ],
                        [
                            -74.3384266818597,
                            46.629002507468726
                        ],
                        [
                            -74.33658508627147,
                            46.62857112370967
                        ],
                        [
                            -74.33633893468307,
                            46.62908753255793
                        ],
                        [
                            -74.3367072546895,
                            46.6291738129985
                        ],
                        [
                            -74.33646110129052,
                            46.62969022122876
                        ],
                        [
                            -74.33682942623463,
                            46.629776501044056
                        ],
                        [
                            -74.33670634930466,
                            46.63003470502904
                        ],
                        [
                            -74.33633802256652,
                            46.62994842480735
                        ],
                        [
                            -74.33609186106942,
                            46.630464830891526
                        ],
                        [
                            -74.33572353209287,
                            46.63037854841903
                        ],
                        [
                            -74.33535427434185,
                            46.63115315364348
                        ],
                        [
                            -74.33572260870064,
                            46.63123943733518
                        ],
                        [
                            -74.33535334418362,
                            46.63201404055982
                        ],
                        [
                            -74.33572168527463,
                            46.63210032403271
                        ],
                        [
                            -74.33547550576901,
                            46.6326167252069
                        ],
                        [
                            -74.33584385179829,
                            46.63270300805462
                        ],
                        [
                            -74.33608911098827,
                            46.633047490327684
                        ],
                        [
                            -74.33596602144921,
                            46.63330569083344
                        ],
                        [
                            -74.33633437376679,
                            46.63339197161778
                        ],
                        [
                            -74.33621128467212,
                            46.63365017217238
                        ],
                        [
                            -74.3365796401339,
                            46.63373645192504
                        ],
                        [
                            -74.33633346148348,
                            46.634252852774104
                        ],
                        [
                            -74.33670182188389,
                            46.6343391319015
                        ],
                        [
                            -74.33620945556112,
                            46.63537193093364
                        ],
                        [
                            -74.3365778244892,
                            46.63545821024869
                        ],
                        [
                            -74.33620854095545,
                            46.636232806986925
                        ],
                        [
                            -74.33657691661703,
                            46.636319086083155
                        ],
                        [
                            -74.33583832386465,
                            46.637868272342324
                        ],
                        [
                            -74.33546993743566,
                            46.637781990807255
                        ],
                        [
                            -74.33534683212348,
                            46.63804018685899
                        ],
                        [
                            -74.3349784452501,
                            46.63795390347916
                        ],
                        [
                            -74.33485533679308,
                            46.63821209876671
                        ],
                        [
                            -74.33448694947532,
                            46.638125813542224
                        ],
                        [
                            -74.33461005972694,
                            46.63786761866114
                        ],
                        [
                            -74.33424167555403,
                            46.63778133240497
                        ],
                        [
                            -74.33448789559561,
                            46.63726494238303
                        ],
                        [
                            -74.33424262615198,
                            46.63692046036068
                        ],
                        [
                            -74.33436573459174,
                            46.63666226486211
                        ],
                        [
                            -74.33362898735311,
                            46.6364896884109
                        ],
                        [
                            -74.33350587532442,
                            46.636747883096454
                        ],
                        [
                            -74.33313750193601,
                            46.636661592307114
                        ],
                        [
                            -74.33289127023903,
                            46.63717797979231
                        ],
                        [
                            -74.33252289461201,
                            46.63709168675172
                        ],
                        [
                            -74.33239977494364,
                            46.63734987955127
                        ],
                        [
                            -74.33190827605937,
                            46.63752177670139
                        ],
                        [
                            -74.33166202638193,
                            46.638038159699
                        ],
                        [
                            -74.33129364627786,
                            46.63795186215594
                        ],
                        [
                            -74.33117051761907,
                            46.63821005271169
                        ],
                        [
                            -74.33067900526727,
                            46.63838194311537
                        ],
                        [
                            -74.33043273760843,
                            46.638898321625284
                        ],
                        [
                            -74.33006435302742,
                            46.638812019579575
                        ],
                        [
                            -74.32957179432523,
                            46.63984477068078
                        ],
                        [
                            -74.3288350148591,
                            46.639672159021984
                        ],
                        [
                            -74.32871186821802,
                            46.63993034508985
                        ],
                        [
                            -74.32834347871646,
                            46.63984403669656
                        ],
                        [
                            -74.32822032893023,
                            46.64010222200007
                        ],
                        [
                            -74.32711516314642,
                            46.63984328697123
                        ],
                        [
                            -74.32699200662607,
                            46.640101470697104
                        ]
                    ],
                    [
                        [
                            -74.37784291669686,
                            46.64941662507718
                        ],
                        [
                            -74.37772001340899,
                            46.64967486651313
                        ],
                        [
                            -74.37698290369492,
                            46.64950263007477
                        ],
                        [
                            -74.37710581057715,
                            46.64924438945074
                        ],
                        [
                            -74.37600016151231,
                            46.648986025218655
                        ],
                        [
                            -74.37612307243724,
                            46.64872778545544
                        ],
                        [
                            -74.37575452724334,
                            46.648641661572746
                        ]
                    ],
                    [
                        [
                            -74.40143482853506,
                            46.66009004788135
                        ],
                        [
                            -74.39996011470824,
                            46.65974594464839
                        ],
                        [
                            -74.39983730582124,
                            46.660004206445954
                        ],
                        [
                            -74.39860846357696,
                            46.66000437291256
                        ],
                        [
                            -74.39811718756944,
                            46.66103741024018
                        ],
                        [
                            -74.39774850573379,
                            46.660951374080085
                        ],
                        [
                            -74.39750285604326,
                            46.66146788979204
                        ],
                        [
                            -74.39713417195803,
                            46.6613818513808
                        ],
                        [
                            -74.39701134329154,
                            46.661640108295984
                        ],
                        [
                            -74.39664265875568,
                            46.66155406803939
                        ],
                        [
                            -74.39651982694203,
                            46.66181232419208
                        ],
                        [
                            -74.39615114195558,
                            46.661726282090115
                        ],
                        [
                            -74.39602830699474,
                            46.66198453748022
                        ],
                        [
                            -74.39529093746913,
                            46.661812448146236
                        ],
                        [
                            -74.39516809756219,
                            46.662070702368
                        ],
                        [
                            -74.39443072983241,
                            46.6618986064642
                        ],
                        [
                            -74.39393920133834,
                            46.662070809000554
                        ],
                        [
                            -74.39209580336016,
                            46.661640534822794
                        ],
                        [
                            -74.3923415133027,
                            46.66112403322955
                        ],
                        [
                            -74.39197284134994,
                            46.661037974887215
                        ],
                        [
                            -74.39246425224782,
                            46.66000496904268
                        ],
                        [
                            -74.39209558883799,
                            46.65991891088435
                        ],
                        [
                            -74.39221843998993,
                            46.65966065893709
                        ],
                        [
                            -74.39184977972708,
                            46.65957459974512
                        ],
                        [
                            -74.39135817229638,
                            46.65888597451316
                        ],
                        [
                            -74.38988356990465,
                            46.65854171508275
                        ],
                        [
                            -74.38963778417205,
                            46.65819739685588
                        ],
                        [
                            -74.38926914009208,
                            46.65811132736627
                        ],
                        [
                            -74.38939200203612,
                            46.65785307764448
                        ],
                        [
                            -74.38902336110293,
                            46.65776700712143
                        ],
                        [
                            -74.3891462234968,
                            46.6575087574486
                        ],
                        [
                            -74.38804031418285,
                            46.657250538461035
                        ],
                        [
                            -74.38779454868012,
                            46.656906214180324
                        ],
                        [
                            -74.38705728883996,
                            46.656734058925075
                        ],
                        [
                            -74.387180159326,
                            46.65647581097386
                        ],
                        [
                            -74.3868115332268,
                            46.6563897315931
                        ],
                        [
                            -74.38693440416243,
                            46.656131483690864
                        ],
                        [
                            -74.38656578120981,
                            46.656045403276806
                        ],
                        [
                            -74.38668865259498,
                            46.65578715542354
                        ],
                        [
                            -74.3863200327889,
                            46.65570107397612
                        ],
                        [
                            -74.38644290462362,
                            46.65544282617184
                        ],
                        [
                            -74.38607428796404,
                            46.65535674369103
                        ],
                        [
                            -74.38619716024823,
                            46.65509849593577
                        ],
                        [
                            -74.38595141946878,
                            46.65475416471527
                        ],
                        [
                            -74.38521420008382,
                            46.65458199418086
                        ],
                        [
                            -74.38509132375432,
                            46.65484024107536
                        ],
                        [
                            -74.38287968717684,
                            46.654323692495424
                        ],
                        [
                            -74.38300257429329,
                            46.65406544803642
                        ],
                        [
                            -74.38226537648498,
                            46.65389325447464
                        ],
                        [
                            -74.38263404052915,
                            46.65311852139156
                        ],
                        [
                            -74.38226544904096,
                            46.65303242366975
                        ],
                        [
                            -74.38275692584676,
                            46.65286027631665
                        ],
                        [
                            -74.38312557370847,
                            46.65208553895008
                        ],
                        [
                            -74.3816512446086,
                            46.65174114592248
                        ],
                        [
                            -74.38140555461625,
                            46.65139679959454
                        ],
                        [
                            -74.38103697885857,
                            46.65131069670671
                        ],
                        [
                            -74.38091408814975,
                            46.651568940774
                        ],
                        [
                            -74.38054551194314,
                            46.651482836041076
                        ],
                        [
                            -74.38042261808829,
                            46.65174107934549
                        ],
                        [
                            -74.37968546612592,
                            46.651568864750516
                        ],
                        [
                            -74.38005415442937,
                            46.650794136202016
                        ],
                        [
                            -74.37931701864579,
                            46.65062191828634
                        ],
                        [
                            -74.37907135157293,
                            46.6502775648243
                        ],
                        [
                            -74.37870278884992,
                            46.65019145267477
                        ],
                        [
                            -74.37894858599087,
                            46.64967496772419
                        ],
                        [
                            -74.37784291669686,
                            46.64941662507718
                        ]
                    ],
                    [
                        [
                            -74.37575452724334,
                            46.648641661572746
                        ],
                        [
                            -74.37587743861668,
                            46.648383421858476
                        ],
                        [
                            -74.37550889656848,
                            46.648297296942786
                        ],
                        [
                            -74.37563180839021,
                            46.648039057277394
                        ],
                        [
                            -74.3753861817577,
                            46.64769469171226
                        ],
                        [
                            -74.3757549104762,
                            46.646919970720305
                        ],
                        [
                            -74.37538638011003,
                            46.646833844956575
                        ],
                        [
                            -74.37550928878262,
                            46.64657560431772
                        ],
                        [
                            -74.37403518799127,
                            46.64623108849757
                        ],
                        [
                            -74.3741581025026,
                            46.64597284912553
                        ],
                        [
                            -74.37268403047611,
                            46.64562831190712
                        ],
                        [
                            -74.37243843798741,
                            46.64528393630606
                        ],
                        [
                            -74.37096440012066,
                            46.64493937193474
                        ],
                        [
                            -74.37108732810478,
                            46.64468113550229
                        ],
                        [
                            -74.37035032085666,
                            46.6445088454957
                        ],
                        [
                            -74.36985888588192,
                            46.644680933548614
                        ],
                        [
                            -74.36949038383317,
                            46.64459478454234
                        ],
                        [
                            -74.36973625282486,
                            46.644078314568354
                        ],
                        [
                            -74.3693677557178,
                            46.643992164935305
                        ],
                        [
                            -74.369490689987,
                            46.64373392981854
                        ],
                        [
                            -74.36912219602509,
                            46.64364777915278
                        ],
                        [
                            -74.36887663992518,
                            46.643303392386365
                        ],
                        [
                            -74.3685081504571,
                            46.6432172392491
                        ],
                        [
                            -74.36838521214749,
                            46.64347547350487
                        ],
                        [
                            -74.3680167222318,
                            46.64338931852282
                        ],
                        [
                            -74.36789378077707,
                            46.64364755201549
                        ],
                        [
                            -74.36752529041382,
                            46.64356139518868
                        ],
                        [
                            -74.36740234581394,
                            46.64381962791798
                        ],
                        [
                            -74.36629687742825,
                            46.6435611475869
                        ],
                        [
                            -74.36617392609057,
                            46.64381937874086
                        ],
                        [
                            -74.365068464456,
                            46.64356088424303
                        ],
                        [
                            -74.36482293846501,
                            46.64321648700328
                        ],
                        [
                            -74.36506885146355,
                            46.64270002687226
                        ],
                        [
                            -74.3647003736874,
                            46.64261385894171
                        ],
                        [
                            -74.36494628488263,
                            46.64209739819391
                        ],
                        [
                            -74.36457781204761,
                            46.64201122963688
                        ],
                        [
                            -74.36470076741803,
                            46.641752999133175
                        ],
                        [
                            -74.36322689675107,
                            46.641408312142815
                        ],
                        [
                            -74.362244035869,
                            46.64175241579292
                        ],
                        [
                            -74.36212106702449,
                            46.64201064314553
                        ],
                        [
                            -74.36175260003999,
                            46.641924463705784
                        ],
                        [
                            -74.36162962805051,
                            46.642182690294995
                        ],
                        [
                            -74.36138413440455,
                            46.641838282827365
                        ],
                        [
                            -74.36101567011812,
                            46.64175210051038
                        ],
                        [
                            -74.36113864435049,
                            46.6414938743761
                        ],
                        [
                            -74.36077018320904,
                            46.641407691026565
                        ],
                        [
                            -74.36089315788827,
                            46.641149464941144
                        ],
                        [
                            -74.36052469989174,
                            46.641063280559145
                        ],
                        [
                            -74.36027922016616,
                            46.64071886910806
                        ],
                        [
                            -74.36040219573904,
                            46.64046064312031
                        ],
                        [
                            -74.36015672005186,
                            46.640116230734364
                        ],
                        [
                            -74.36040266804416,
                            46.63959977778444
                        ],
                        [
                            -74.36015719684205,
                            46.63925536451251
                        ],
                        [
                            -74.35868343763264,
                            46.63891060508319
                        ],
                        [
                            -74.3588064172347,
                            46.63865237974551
                        ],
                        [
                            -74.35806954931522,
                            46.63847999221199
                        ],
                        [
                            -74.35794656612197,
                            46.638738216737416
                        ],
                        [
                            -74.35684126897385,
                            46.63847962342993
                        ],
                        [
                            -74.3567182790449,
                            46.63873784637956
                        ],
                        [
                            -74.35561298865215,
                            46.638479238907195
                        ],
                        [
                            -74.35573598396758,
                            46.63822101717612
                        ],
                        [
                            -74.3553675583304,
                            46.63813481221454
                        ],
                        [
                            -74.3556135485047,
                            46.63761836849258
                        ],
                        [
                            -74.35524512780748,
                            46.63753216290495
                        ],
                        [
                            -74.35536812266635,
                            46.63727394091399
                        ],
                        [
                            -74.35499970511361,
                            46.63718773429407
                        ],
                        [
                            -74.3551227004187,
                            46.636929512351955
                        ],
                        [
                            -74.3547542860104,
                            46.63684330469977
                        ],
                        [
                            -74.35500027616395,
                            46.63632686055561
                        ],
                        [
                            -74.35536868698165,
                            46.63641306739549
                        ],
                        [
                            -74.35549167823953,
                            46.636154844381174
                        ],
                        [
                            -74.35659691340092,
                            46.63641345505173
                        ],
                        [
                            -74.35684288109785,
                            46.635897005514
                        ],
                        [
                            -74.35647447161902,
                            46.63581080420782
                        ],
                        [
                            -74.35696639800678,
                            46.63477790246824
                        ],
                        [
                            -74.35659799705792,
                            46.63469170134811
                        ],
                        [
                            -74.35672097707784,
                            46.63443347542583
                        ],
                        [
                            -74.35635257927308,
                            46.63434727327345
                        ],
                        [
                            -74.35647555973931,
                            46.634089047399875
                        ],
                        [
                            -74.3561071650786,
                            46.63400284421524
                        ],
                        [
                            -74.3563531255548,
                            46.63348639220811
                        ],
                        [
                            -74.35598473583319,
                            46.63340018839733
                        ],
                        [
                            -74.35610771584312,
                            46.6331419622638
                        ],
                        [
                            -74.35573932926542,
                            46.633055757420784
                        ],
                        [
                            -74.35586230972159,
                            46.632797531335875
                        ],
                        [
                            -74.35549392628776,
                            46.632711325460654
                        ],
                        [
                            -74.35561690719014,
                            46.63245309942444
                        ],
                        [
                            -74.35537150824871,
                            46.63210866652947
                        ],
                        [
                            -74.35549448824845,
                            46.631850440184515
                        ],
                        [
                            -74.35512611289722,
                            46.63176423265101
                        ],
                        [
                            -74.3552490933431,
                            46.631506006354705
                        ],
                        [
                            -74.35500370202759,
                            46.6311615715413
                        ],
                        [
                            -74.35512668157084,
                            46.630903344936236
                        ]
                    ],
                    [
                        [
                            -74.35512668157084,
                            46.630903344936236
                        ],
                        [
                            -74.35475831430185,
                            46.630817135744444
                        ],
                        [
                            -74.3550042729318,
                            46.630300682274125
                        ],
                        [
                            -74.3546359106012,
                            46.630214472456224
                        ],
                        [
                            -74.35475888968789,
                            46.629956245590996
                        ],
                        [
                            -74.35439053050081,
                            46.62987003474099
                        ],
                        [
                            -74.35451351003353,
                            46.629611807924384
                        ],
                        [
                            -74.35402276149321,
                            46.62892292964051
                        ],
                        [
                            -74.3536544117364,
                            46.62883671569403
                        ],
                        [
                            -74.353531429517,
                            46.62909494200732
                        ],
                        [
                            -74.35316307931426,
                            46.62900872621653
                        ],
                        [
                            -74.35291710723989,
                            46.6295251769584
                        ],
                        [
                            -74.35254875479662,
                            46.629438958917206
                        ],
                        [
                            -74.35230277373775,
                            46.629955407416894
                        ],
                        [
                            -74.35181142470658,
                            46.630127410432685
                        ],
                        [
                            -74.35156543196517,
                            46.63064385597519
                        ],
                        [
                            -74.35119707324623,
                            46.63055763302692
                        ],
                        [
                            -74.3509510715197,
                            46.631074076327124
                        ],
                        [
                            -74.35058271056032,
                            46.6309878511283
                        ],
                        [
                            -74.3504597058789,
                            46.63124607183597
                        ],
                        [
                            -74.35082806863299,
                            46.631332297441055
                        ],
                        [
                            -74.35021303396391,
                            46.63262339764803
                        ],
                        [
                            -74.34984466223605,
                            46.63253717001211
                        ],
                        [
                            -74.34959863533518,
                            46.63305360678005
                        ],
                        [
                            -74.3492302613669,
                            46.63296737689341
                        ],
                        [
                            -74.34910724409791,
                            46.633225594334945
                        ],
                        [
                            -74.348738869684,
                            46.6331393626039
                        ],
                        [
                            -74.34824747441156,
                            46.633311345706076
                        ],
                        [
                            -74.34751072874043,
                            46.63313887424018
                        ],
                        [
                            -74.34738770159389,
                            46.633397089341756
                        ],
                        [
                            -74.34714235792877,
                            46.633052636349845
                        ],
                        [
                            -74.34677398846641,
                            46.63296639702131
                        ],
                        [
                            -74.34689701785308,
                            46.632708182374735
                        ],
                        [
                            -74.34652865153471,
                            46.6326219420142
                        ],
                        [
                            -74.34665168136672,
                            46.632363727416326
                        ],
                        [
                            -74.34591495636717,
                            46.63219124319317
                        ],
                        [
                            -74.34603798843912,
                            46.63193302905024
                        ],
                        [
                            -74.34566962975788,
                            46.63184678518761
                        ],
                        [
                            -74.34579266227509,
                            46.6315885710934
                        ],
                        [
                            -74.34542430673771,
                            46.63150232619885
                        ],
                        [
                            -74.34554733970016,
                            46.63124411215336
                        ],
                        [
                            -74.34530202071424,
                            46.63089965223005
                        ],
                        [
                            -74.34542505277264,
                            46.63064143787573
                        ],
                        [
                            -74.34505670531728,
                            46.63055519132357
                        ],
                        [
                            -74.34517973782086,
                            46.630296977017906
                        ],
                        [
                            -74.34481139350916,
                            46.63021072943387
                        ],
                        [
                            -74.3450574580574,
                            46.629694300562285
                        ],
                        [
                            -74.34468911868373,
                            46.62960805235266
                        ],
                        [
                            -74.34481215072836,
                            46.62934983778673
                        ],
                        [
                            -74.34444381449825,
                            46.62926358854521
                        ],
                        [
                            -74.34468987812852,
                            46.6287471591531
                        ],
                        [
                            -74.34432154683623,
                            46.62866090928595
                        ],
                        [
                            -74.34456760865825,
                            46.628144479275996
                        ],
                        [
                            -74.34419928230362,
                            46.62805822878322
                        ],
                        [
                            -74.34444534231747,
                            46.62754179815537
                        ],
                        [
                            -74.34407702090037,
                            46.627455547036995
                        ],
                        [
                            -74.34432307910602,
                            46.6269391157912
                        ],
                        [
                            -74.34395476262634,
                            46.626852864047244
                        ],
                        [
                            -74.3440777914996,
                            46.62659464829418
                        ],
                        [
                            -74.34370947816313,
                            46.62650839551842
                        ],
                        [
                            -74.34395553545056,
                            46.62599196375184
                        ],
                        [
                            -74.34358722705129,
                            46.62590571035048
                        ],
                        [
                            -74.34371025546541,
                            46.62564749433698
                        ],
                        [
                            -74.34334195020922,
                            46.62556123990386
                        ],
                        [
                            -74.34321892000109,
                            46.625819455511106
                        ],
                        [
                            -74.34272758094875,
                            46.625991414077106
                        ],
                        [
                            -74.34248151019888,
                            46.6265078426911
                        ],
                        [
                            -74.34199016127221,
                            46.626679797121234
                        ]
                    ]
                ]
            }
        },
        {
            "type": "Feature",
            "properties": {
                "SubId": 23000253,
                "DowSubId": 23000243,
                "RivSlope": 0.0162874288242,
                "RivLength": 1412.13203436,
                "BasSlope": 25.9071924475,
                "BasAspect": 159.800941777,
                "BasArea": 513900.0,
                "BkfWidth": 33.2020670273,
                "BkfDepth": 0.675559086063,
                "Lake_Cat": 0.0,
                "HyLakeId": 0,
                "LakeVol": 0.0,
                "LakeDepth": 0.0,
                "LakeArea": 0.0,
                "Laketype": 0.0,
                "Has_POI": 0,
                "MeanElev": 1394.74628701,
                "FloodP_n": 0.1,
                "Q_Mean": 21.2649933427,
                "Ch_n": 0.0960931353849,
                "DrainArea": 391328999.9999999,
                "Strahler": 3.0,
                "Seg_ID": 104.0,
                "Seg_order": 1.0,
                "Max_DEM": 1139.0,
                "Min_DEM": 1116.0,
                "Obs_NM": "<NA>",
                "SRC_obs": "<NA>",
                "centroid_x": -74.32399330020792,
                "centroid_y": 46.63748322344968,
                "DA_Chn_L": 40093.0064864,
                "DA_Slope": 4.09573328643,
                "DA_Chn_Slp": 0.00907889010827,
                "outletLat": 46.63415934,
                "outletLng": -74.32368343,
                "k": 0.0653543025255,
                "c": 0.969084024429,
                "SSDA_NM": "02_02",
                "SDA_NM": "02N",
                "rvhName": "sub23000253"
            },
            "geometry": {
                "type": "LineString",
                "coordinates": [
                    [
                        -74.32699200662607,
                        46.640101470697104
                    ],
                    [
                        -74.32662361893856,
                        46.640015155737856
                    ],
                    [
                        -74.3267467772533,
                        46.63975697241867
                    ],
                    [
                        -74.32601000951944,
                        46.63958433899901
                    ],
                    [
                        -74.32613317007217,
                        46.6393261561354
                    ],
                    [
                        -74.32539641133016,
                        46.639153517776556
                    ],
                    [
                        -74.32551957412075,
                        46.63889533536856
                    ],
                    [
                        -74.32453761834418,
                        46.63837818671868
                    ],
                    [
                        -74.3246607838159,
                        46.63812000481517
                    ],
                    [
                        -74.32367885364273,
                        46.63760284616702
                    ],
                    [
                        -74.32380202179532,
                        46.63734466476799
                    ],
                    [
                        -74.32306530260811,
                        46.63717200746648
                    ],
                    [
                        -74.32318847299804,
                        46.636913826523035
                    ],
                    [
                        -74.32282011722471,
                        46.63682749612193
                    ],
                    [
                        -74.32294328805787,
                        46.63656931522738
                    ],
                    [
                        -74.32269810670569,
                        46.636224802949194
                    ],
                    [
                        -74.32282127663126,
                        46.63596662174579
                    ],
                    [
                        -74.3231896256718,
                        46.63605295236496
                    ],
                    [
                        -74.32331279245264,
                        46.63579477039697
                    ],
                    [
                        -74.32404949099802,
                        46.63596742650789
                    ],
                    [
                        -74.32392632780515,
                        46.636225609289184
                    ],
                    [
                        -74.32466303534137,
                        46.6363982604613
                    ],
                    [
                        -74.32490823197415,
                        46.63674276753367
                    ],
                    [
                        -74.32527770540635,
                        46.6359682155301
                    ],
                    [
                        -74.3249093532003,
                        46.6358818929144
                    ],
                    [
                        -74.32466416104239,
                        46.63553738495721
                    ],
                    [
                        -74.32478731838923,
                        46.635279200696004
                    ],
                    [
                        -74.32441897247247,
                        46.635192876017506
                    ],
                    [
                        -74.32454213026264,
                        46.63493469180512
                    ],
                    [
                        -74.32417378749048,
                        46.63484836609526
                    ],
                    [
                        -74.32429694572396,
                        46.63459018193172
                    ],
                    [
                        -74.32392860609632,
                        46.6345038551905
                    ],
                    [
                        -74.3240517647731,
                        46.63424567107585
                    ],
                    [
                        -74.32331509315739,
                        46.6340730140927
                    ]
                ]
            }
        },
        {
            "type": "Feature",
            "properties": {
                "SubId": 23000259,
                "DowSubId": 23000277,
                "RivSlope": 0.0224413330258,
                "RivLength": 3609.41125497,
                "BasSlope": 22.842238878030074,
                "BasAspect": 168.91133736782152,
                "BasArea": 7730100.0,
                "BkfWidth": 38.7379637388,
                "BkfDepth": 0.741047999609,
                "Lake_Cat": 0.0,
                "HyLakeId": 0,
                "LakeVol": 0.0,
                "LakeDepth": 0.0,
                "LakeArea": 0.0,
                "Laketype": 0.0,
                "Has_POI": 0,
                "MeanElev": 1404.5811075707916,
                "FloodP_n": 0.113315591658,
                "Q_Mean": 28.9473347729,
                "Ch_n": 0.113315591658,
                "DrainArea": 537970499.9999995,
                "Strahler": 3.0,
                "Seg_ID": 106.0,
                "Seg_order": 1.0,
                "Max_DEM": 1121.0,
                "Min_DEM": 1040.0,
                "Obs_NM": "<NA>",
                "SRC_obs": "<NA>",
                "centroid_x": -74.22435484904402,
                "centroid_y": 46.614532233205395,
                "DA_Chn_L": 57454.3268299,
                "DA_Slope": 4.48147118183,
                "DA_Chn_Slp": 0.0129494163634,
                "outletLat": 46.60079892,
                "outletLng": -74.21719805,
                "k": 0.0653543025255,
                "c": 0.969084024429,
                "SSDA_NM": "02_02",
                "SDA_NM": "02N",
                "rvhName": "sub23000259"
            },
            "geometry": {
                "type": "LineString",
                "coordinates": [
                    [
                        -74.23186636629539,
                        46.61890354761877
                    ],
                    [
                        -74.23039418559974,
                        46.618556795078575
                    ],
                    [
                        -74.23051781515575,
                        46.61829871909218
                    ],
                    [
                        -74.23027340514764,
                        46.6179539518364
                    ],
                    [
                        -74.23039703378319,
                        46.617695875539766
                    ],
                    [
                        -74.23002899871724,
                        46.61760918360097
                    ],
                    [
                        -74.23101799334643,
                        46.615544563565855
                    ],
                    [
                        -74.2313860141022,
                        46.61563125224131
                    ],
                    [
                        -74.23163324563677,
                        46.615115092826194
                    ],
                    [
                        -74.22905715383209,
                        46.614508247644835
                    ],
                    [
                        -74.22881277417962,
                        46.61416347274773
                    ],
                    [
                        -74.2277087645816,
                        46.61390337161095
                    ],
                    [
                        -74.22783239663694,
                        46.61364529549276
                    ],
                    [
                        -74.22746439793515,
                        46.613558592649156
                    ],
                    [
                        -74.22783529133916,
                        46.612784363363694
                    ],
                    [
                        -74.22746729935707,
                        46.61269766030753
                    ],
                    [
                        -74.22771455843056,
                        46.61218150647082
                    ],
                    [
                        -74.22734657137963,
                        46.61209480279427
                    ],
                    [
                        -74.22747020067295,
                        46.61183672574513
                    ],
                    [
                        -74.22722584649189,
                        46.6114919440399
                    ],
                    [
                        -74.22685786572643,
                        46.61140523830667
                    ],
                    [
                        -74.22698149588733,
                        46.611147161355134
                    ],
                    [
                        -74.2262455419962,
                        46.610973746395814
                    ],
                    [
                        -74.226369174379,
                        46.61071566990096
                    ],
                    [
                        -74.22600120125331,
                        46.61062896067488
                    ],
                    [
                        -74.2263720956394,
                        46.60985473025919
                    ],
                    [
                        -74.22600412923246,
                        46.60976802082065
                    ],
                    [
                        -74.22612775977372,
                        46.609509943705014
                    ],
                    [
                        -74.22575979650925,
                        46.609423233238225
                    ],
                    [
                        -74.22600705710461,
                        46.608907078745304
                    ],
                    [
                        -74.22563909877056,
                        46.60882036765821
                    ],
                    [
                        -74.22588635752437,
                        46.608304212544425
                    ],
                    [
                        -74.2255184041206,
                        46.608217500836936
                    ],
                    [
                        -74.22576566103288,
                        46.60770134510229
                    ],
                    [
                        -74.22539771255929,
                        46.60761463277445
                    ],
                    [
                        -74.22564496763003,
                        46.607098476418855
                    ],
                    [
                        -74.22527702408645,
                        46.607011763470645
                    ],
                    [
                        -74.22540065137822,
                        46.60675368516202
                    ],
                    [
                        -74.22515633870204,
                        46.60640889292564
                    ],
                    [
                        -74.22527996507303,
                        46.60615081430651
                    ],
                    [
                        -74.2249120296014,
                        46.60606409970975
                    ],
                    [
                        -74.22528290595211,
                        46.605289862920756
                    ],
                    [
                        -74.22491497719787,
                        46.60520314811162
                    ],
                    [
                        -74.22516222490263,
                        46.60468698927203
                    ],
                    [
                        -74.22467362804585,
                        46.60399739833209
                    ],
                    [
                        -74.22393779431764,
                        46.603823961924476
                    ],
                    [
                        -74.22381416670036,
                        46.60408204061077
                    ],
                    [
                        -74.222710420902,
                        46.60382187400549
                    ],
                    [
                        -74.22221887222288,
                        46.60399322562721
                    ],
                    [
                        -74.22148304759557,
                        46.60381977035585
                    ],
                    [
                        -74.22135940654483,
                        46.60407784587631
                    ],
                    [
                        -74.22099149447524,
                        46.60399111567868
                    ],
                    [
                        -74.22086785028273,
                        46.60424919043196
                    ],
                    [
                        -74.22049993778006,
                        46.60416245839047
                    ],
                    [
                        -74.22012899171385,
                        46.60493667927085
                    ],
                    [
                        -74.21865733379853,
                        46.60458973184956
                    ],
                    [
                        -74.21878099099133,
                        46.60433166021385
                    ],
                    [
                        -74.21853673931177,
                        46.60398684858957
                    ],
                    [
                        -74.21816883314838,
                        46.60390010752426
                    ],
                    [
                        -74.21878710989613,
                        46.60260974623964
                    ],
                    [
                        -74.21841921402351,
                        46.60252300577817
                    ],
                    [
                        -74.21854286709701,
                        46.602264932851305
                    ],
                    [
                        -74.218174974366,
                        46.60217819136189
                    ],
                    [
                        -74.21829862787229,
                        46.601920118483626
                    ],
                    [
                        -74.21793073828282,
                        46.60183337596628
                    ],
                    [
                        -74.21805439222184,
                        46.60157530313671
                    ],
                    [
                        -74.21731862068036,
                        46.60140181461018
                    ],
                    [
                        -74.2174422768392,
                        46.60114374223716
                    ],
                    [
                        -74.2170743948871,
                        46.601056996228046
                    ],
                    [
                        -74.2171980514786,
                        46.600798923903625
                    ],
                    [
                        -74.21683017266794,
                        46.600712176866615
                    ]
                ]
            }
        },
        {
            "type": "Feature",
            "properties": {
                "SubId": 23000277,
                "DowSubId": 23000236,
                "RivSlope": 0.0132462108334,
                "RivLength": 5963.9696962,
                "BasSlope": 25.738018763893038,
                "BasAspect": 167.19126852126738,
                "BasArea": 9207000.0,
                "BkfWidth": 40.1675140385,
                "BkfDepth": 0.757337111279,
                "Lake_Cat": 0.0,
                "HyLakeId": 0,
                "LakeVol": 0.0,
                "LakeDepth": 0.0,
                "LakeArea": 0.0,
                "Laketype": 0.0,
                "Has_POI": 0,
                "MeanElev": 1392.6436207313284,
                "FloodP_n": 0.1,
                "Q_Mean": 31.1232481487,
                "Ch_n": 0.0871490661284,
                "DrainArea": 579747599.9999995,
                "Strahler": 3.0,
                "Seg_ID": 107.0,
                "Seg_order": 1.0,
                "Max_DEM": 1119.0,
                "Min_DEM": 1040.0,
                "Obs_NM": "<NA>",
                "SRC_obs": "<NA>",
                "centroid_x": -74.20184258047938,
                "centroid_y": 46.59288683625753,
                "DA_Chn_L": 63418.2965261,
                "DA_Slope": 4.56727933187,
                "DA_Chn_Slp": 0.0129773274446,
                "outletLat": 46.57757477,
                "outletLng": -74.18452846,
                "k": 0.0653543025255,
                "c": 0.969084024429,
                "SSDA_NM": "02_02",
                "SDA_NM": "02N",
                "rvhName": "sub23000277"
            },
            "geometry": {
                "type": "LineString",
                "coordinates": [
                    [
                        -74.21683017266794,
                        46.600712176866615
                    ],
                    [
                        -74.21646229521166,
                        46.60062542839375
                    ],
                    [
                        -74.21633863504613,
                        46.60088349990222
                    ],
                    [
                        -74.21560288062287,
                        46.600709997832915
                    ],
                    [
                        -74.21511133856202,
                        46.60088131456973
                    ],
                    [
                        -74.21400771578831,
                        46.60062104516564
                    ],
                    [
                        -74.21388404219218,
                        46.6008791135075
                    ],
                    [
                        -74.21314829687527,
                        46.600705592576254
                    ],
                    [
                        -74.21327197404516,
                        46.6004475250504
                    ],
                    [
                        -74.21290410520541,
                        46.6003607628391
                    ],
                    [
                        -74.21339880748674,
                        46.59932849077383
                    ],
                    [
                        -74.2131546211195,
                        46.59898366025189
                    ],
                    [
                        -74.2127867639227,
                        46.59889689720902
                    ],
                    [
                        -74.2129104383257,
                        46.59863882875086
                    ],
                    [
                        -74.21180688022235,
                        46.59837853223168
                    ],
                    [
                        -74.21193055863085,
                        46.598120464638086
                    ],
                    [
                        -74.21119486357442,
                        46.59794692726263
                    ],
                    [
                        -74.21131854420156,
                        46.59768886012566
                    ],
                    [
                        -74.21095070049168,
                        46.59760208969234
                    ],
                    [
                        -74.210706540982,
                        46.59725725114293
                    ],
                    [
                        -74.2099708639079,
                        46.59708370391382
                    ],
                    [
                        -74.21009454897201,
                        46.59682563769004
                    ],
                    [
                        -74.2097267142532,
                        46.596738862329985
                    ],
                    [
                        -74.2098503997492,
                        46.59648079615477
                    ],
                    [
                        -74.20948256817134,
                        46.596394019767075
                    ],
                    [
                        -74.2096062540992,
                        46.596135953640356
                    ],
                    [
                        -74.20923842566224,
                        46.596049176225044
                    ],
                    [
                        -74.20936211202195,
                        46.595791110146905
                    ],
                    [
                        -74.20862646278424,
                        46.59561755182534
                    ],
                    [
                        -74.20875015136205,
                        46.59535948620376
                    ],
                    [
                        -74.20543981291918,
                        46.5945784063661
                    ],
                    [
                        -74.205563516218,
                        46.59432034405745
                    ],
                    [
                        -74.20482790392575,
                        46.59414675578487
                    ],
                    [
                        -74.20495160944203,
                        46.593888693932826
                    ],
                    [
                        -74.20458380711386,
                        46.59380189805127
                    ],
                    [
                        -74.2047075130615,
                        46.59354383624776
                    ],
                    [
                        -74.20433971387396,
                        46.593457039338766
                    ],
                    [
                        -74.20446342025295,
                        46.59319897758376
                    ],
                    [
                        -74.20421933101626,
                        46.59285411794081
                    ],
                    [
                        -74.20385153810983,
                        46.59276731897694
                    ],
                    [
                        -74.20397524535139,
                        46.59250925731897
                    ],
                    [
                        -74.20348708473674,
                        46.5918195331385
                    ],
                    [
                        -74.20361079148616,
                        46.591561471217986
                    ],
                    [
                        -74.20324300978683,
                        46.59147466957993
                    ],
                    [
                        -74.20349042279351,
                        46.590958545476326
                    ],
                    [
                        -74.20312264602023,
                        46.59087174321884
                    ],
                    [
                        -74.20337005718017,
                        46.59035561849316
                    ],
                    [
                        -74.20300228533279,
                        46.59026881561633
                    ],
                    [
                        -74.20312599066665,
                        46.59001075312216
                    ],
                    [
                        -74.20275822195944,
                        46.58992394921794
                    ],
                    [
                        -74.2028819277244,
                        46.58966588677224
                    ],
                    [
                        -74.20251416215733,
                        46.589579081840725
                    ],
                    [
                        -74.20263786835338,
                        46.589321019443474
                    ],
                    [
                        -74.20227010592637,
                        46.589234213484566
                    ],
                    [
                        -74.20239381255351,
                        46.58897615113575
                    ],
                    [
                        -74.20202605326652,
                        46.58888934414949
                    ],
                    [
                        -74.20227346602836,
                        46.58837321918923
                    ],
                    [
                        -74.20202941780155,
                        46.588028348972216
                    ],
                    [
                        -74.2022768260076,
                        46.58751222267042
                    ],
                    [
                        -74.20190907835686,
                        46.5874254148536
                    ],
                    [
                        -74.20203278221366,
                        46.58716735157131
                    ],
                    [
                        -74.20252422879602,
                        46.58699609493022
                    ],
                    [
                        -74.20289532282098,
                        46.58622190062289
                    ],
                    [
                        -74.20215984672754,
                        46.586048287634135
                    ],
                    [
                        -74.20228354559787,
                        46.585790222961826
                    ],
                    [
                        -74.20191581136793,
                        46.58570341472246
                    ],
                    [
                        -74.20241060044738,
                        46.58467115406907
                    ],
                    [
                        -74.20204287471266,
                        46.58458434602643
                    ],
                    [
                        -74.20216657038208,
                        46.584326280371975
                    ],
                    [
                        -74.20106340665892,
                        46.58406584885646
                    ],
                    [
                        -74.20093970563406,
                        46.58432391328682
                    ],
                    [
                        -74.20057198531643,
                        46.58423709950311
                    ],
                    [
                        -74.20044828115216,
                        46.58449516316586
                    ],
                    [
                        -74.19934512296994,
                        46.58423471197912
                    ],
                    [
                        -74.19959254065459,
                        46.58371858674216
                    ],
                    [
                        -74.19885711577835,
                        46.583544947073584
                    ],
                    [
                        -74.19848597650969,
                        46.584319131941356
                    ],
                    [
                        -74.19872997961235,
                        46.5846640150287
                    ],
                    [
                        -74.19848254752236,
                        46.58518013657225
                    ],
                    [
                        -74.1973793841724,
                        46.584919663266035
                    ],
                    [
                        -74.19750310624975,
                        46.58466160389825
                    ],
                    [
                        -74.19603224788632,
                        46.584314287695726
                    ],
                    [
                        -74.19615597574902,
                        46.58405622960058
                    ],
                    [
                        -74.19542055826436,
                        46.583882563704286
                    ],
                    [
                        -74.1955442883423,
                        46.58362450606563
                    ],
                    [
                        -74.19517658341667,
                        46.58353767137276
                    ],
                    [
                        -74.1953003139249,
                        46.58327961378247
                    ],
                    [
                        -74.19493261213863,
                        46.58319277806258
                    ],
                    [
                        -74.19505634307711,
                        46.58293472052066
                    ],
                    [
                        -74.19468864443017,
                        46.58284788377372
                    ],
                    [
                        -74.1948123757989,
                        46.58258982628012
                    ],
                    [
                        -74.19444468029124,
                        46.582502988506135
                    ],
                    [
                        -74.19456841209018,
                        46.582244931060906
                    ],
                    [
                        -74.19420071972176,
                        46.58215809225986
                    ],
                    [
                        -74.19432445195088,
                        46.58190003486302
                    ],
                    [
                        -74.19395676272165,
                        46.58181319503488
                    ],
                    [
                        -74.19408049538092,
                        46.58155513768636
                    ],
                    [
                        -74.19371280929083,
                        46.58146829683126
                    ],
                    [
                        -74.19396027411511,
                        46.58095218187121
                    ],
                    [
                        -74.19359259294875,
                        46.58086534039716
                    ],
                    [
                        -74.19384005592426,
                        46.580349224814285
                    ],
                    [
                        -74.19347237968144,
                        46.58026238272136
                    ],
                    [
                        -74.19384356933998,
                        46.579488207873005
                    ],
                    [
                        -74.19359962876686,
                        46.57914330697501
                    ],
                    [
                        -74.19397080752609,
                        46.57836912903367
                    ],
                    [
                        -74.19360314648321,
                        46.57828228692711
                    ],
                    [
                        -74.19372687181199,
                        46.578024227301896
                    ],
                    [
                        -74.19323548679468,
                        46.57819544338552
                    ],
                    [
                        -74.19261683091338,
                        46.57948573407479
                    ],
                    [
                        -74.19139009261592,
                        46.57948324455289
                    ],
                    [
                        -74.19126635066866,
                        46.57974130002736
                    ],
                    [
                        -74.19016335444843,
                        46.57948073930735
                    ],
                    [
                        -74.19028710174872,
                        46.57922268505724
                    ],
                    [
                        -74.19004318856548,
                        46.578877774820256
                    ],
                    [
                        -74.18967553079104,
                        46.57879091775814
                    ],
                    [
                        -74.18979927895076,
                        46.57853286360463
                    ],
                    [
                        -74.1875933714558,
                        46.578011693546344
                    ],
                    [
                        -74.18771712896594,
                        46.57775364148189
                    ],
                    [
                        -74.18587891889284,
                        46.577319295679786
                    ],
                    [
                        -74.18575515246248,
                        46.57757734570348
                    ],
                    [
                        -74.18452846418589,
                        46.577574768218064
                    ],
                    [
                        -74.18440468969409,
                        46.577832816297466
                    ]
                ]
            }
        },
        {
            "type": "Feature",
            "properties": {
                "SubId": 23000278,
                "DowSubId": 23000236,
                "RivSlope": 0.0139533724832,
                "RivLength": 5733.38095117,
                "BasSlope": 16.8047981164,
                "BasAspect": 184.380435661,
                "BasArea": 13021200.0,
                "BkfWidth": 20.2684193719,
                "BkfDepth": 0.502407594069,
                "Lake_Cat": 0.0,
                "HyLakeId": 0,
                "LakeVol": 0.0,
                "LakeDepth": 0.0,
                "LakeArea": 0.0,
                "Laketype": 0.0,
                "Has_POI": 0,
                "MeanElev": 1434.8917457,
                "FloodP_n": 0.1,
                "Q_Mean": 7.9245529289,
                "Ch_n": 0.0874525340802,
                "DrainArea": 141310799.9999995,
                "Strahler": 2.0,
                "Seg_ID": 113.0,
                "Seg_order": 2.0,
                "Max_DEM": 1120.0,
                "Min_DEM": 1040.0,
                "Obs_NM": "<NA>",
                "SRC_obs": "<NA>",
                "centroid_x": -74.18807632940391,
                "centroid_y": 46.55596747091744,
                "DA_Chn_L": 36234.1839764,
                "DA_Slope": 9.25845994951,
                "DA_Chn_Slp": 0.00963178859573,
                "outletLat": 46.57748789,
                "outletLng": -74.18416083,
                "k": 0.0653543025255,
                "c": 0.969084024429,
                "SSDA_NM": "02_02",
                "SDA_NM": "02N",
                "rvhName": "sub23000278"
            },
            "geometry": {
                "type": "LineString",
                "coordinates": [
                    [
                        -74.19678235152311,
                        46.550304044093885
                    ],
                    [
                        -74.1966587156014,
                        46.550562129148105
                    ],
                    [
                        -74.19629126630342,
                        46.55047529011798
                    ],
                    [
                        -74.19616762724672,
                        46.550733374404565
                    ],
                    [
                        -74.19580017751898,
                        46.55064653353244
                    ],
                    [
                        -74.1956765353273,
                        46.55090461705139
                    ],
                    [
                        -74.19530908516981,
                        46.55081777433716
                    ],
                    [
                        -74.19493814513153,
                        46.55159202151127
                    ],
                    [
                        -74.1953056006362,
                        46.55167886544859
                    ],
                    [
                        -74.19382174012136,
                        46.55477582664285
                    ],
                    [
                        -74.19333059760733,
                        46.554947055164696
                    ],
                    [
                        -74.19283592159965,
                        46.555979360973836
                    ],
                    [
                        -74.19307973680556,
                        46.556324287803236
                    ],
                    [
                        -74.19271224921506,
                        46.5562374365263
                    ],
                    [
                        -74.19246490038647,
                        46.55675358655131
                    ],
                    [
                        -74.19283239154235,
                        46.55684043864391
                    ],
                    [
                        -74.19258504086658,
                        46.55735658804483
                    ],
                    [
                        -74.19295253694108,
                        46.55744343951857
                    ],
                    [
                        -74.19344370681775,
                        46.557272214221705
                    ],
                    [
                        -74.1945462018713,
                        46.5575327545089
                    ],
                    [
                        -74.1944225347708,
                        46.55779083106846
                    ],
                    [
                        -74.19479003761104,
                        46.557877675369596
                    ],
                    [
                        -74.19466637094027,
                        46.55813575197697
                    ],
                    [
                        -74.19429886631715,
                        46.55804890726801
                    ],
                    [
                        -74.19417519651037,
                        46.558306983107755
                    ],
                    [
                        -74.19294900890287,
                        46.55830451340661
                    ],
                    [
                        -74.19245782648221,
                        46.558475735632484
                    ],
                    [
                        -74.19233414548438,
                        46.55873380876121
                    ],
                    [
                        -74.19257797125792,
                        46.55907873401613
                    ],
                    [
                        -74.19233060606156,
                        46.55959487928951
                    ],
                    [
                        -74.19269811910527,
                        46.55968173115686
                    ],
                    [
                        -74.19245075206143,
                        46.560197875806274
                    ],
                    [
                        -74.19318226534136,
                        46.56123264319357
                    ],
                    [
                        -74.19305858107833,
                        46.561490715122275
                    ],
                    [
                        -74.19354627528821,
                        46.56218055524916
                    ],
                    [
                        -74.19342259053118,
                        46.56243862691388
                    ],
                    [
                        -74.19366644341527,
                        46.562783545557124
                    ],
                    [
                        -74.19354275773453,
                        46.563041616909956
                    ],
                    [
                        -74.19378661461481,
                        46.563386534622445
                    ],
                    [
                        -74.19366292801037,
                        46.56364460566341
                    ],
                    [
                        -74.19403047506158,
                        46.563731451356134
                    ],
                    [
                        -74.19365941247712,
                        46.56450566354339
                    ],
                    [
                        -74.19402696623176,
                        46.56459250902505
                    ],
                    [
                        -74.19316111864345,
                        46.566398994388464
                    ],
                    [
                        -74.19242598752037,
                        46.56622529627973
                    ],
                    [
                        -74.1925496876607,
                        46.5659672288375
                    ],
                    [
                        -74.19218212591312,
                        46.56588037803902
                    ],
                    [
                        -74.19230582648314,
                        46.565622310644876
                    ],
                    [
                        -74.1919382678726,
                        46.56553545881958
                    ],
                    [
                        -74.19206196887227,
                        46.56527739147346
                    ],
                    [
                        -74.19169441339875,
                        46.565190538621394
                    ],
                    [
                        -74.19157071061575,
                        46.56544860555957
                    ],
                    [
                        -74.19034433748095,
                        46.56544610252599
                    ],
                    [
                        -74.1902206266406,
                        46.565704167520536
                    ],
                    [
                        -74.18985307123215,
                        46.5656173077059
                    ],
                    [
                        -74.18972935725472,
                        46.5658753719326
                    ],
                    [
                        -74.18936180141684,
                        46.56578851027538
                    ],
                    [
                        -74.18849575318315,
                        46.56759494692872
                    ],
                    [
                        -74.18886332150426,
                        46.56768181144189
                    ],
                    [
                        -74.1886158705329,
                        46.56819793377673
                    ],
                    [
                        -74.18898344377479,
                        46.56828479767126
                    ],
                    [
                        -74.1887359909542,
                        46.56880091938255
                    ],
                    [
                        -74.189103569117,
                        46.56888778265832
                    ],
                    [
                        -74.18897984245912,
                        46.56914584338214
                    ],
                    [
                        -74.18934742375946,
                        46.56923270563121
                    ],
                    [
                        -74.18909996994853,
                        46.56974882681523
                    ],
                    [
                        -74.18946755616997,
                        46.56983568844559
                    ],
                    [
                        -74.18922010050986,
                        46.57035180900609
                    ],
                    [
                        -74.18811733520653,
                        46.57009121736261
                    ],
                    [
                        -74.18824106906429,
                        46.569833158486375
                    ],
                    [
                        -74.18750590253316,
                        46.56965942436642
                    ],
                    [
                        -74.18701458209061,
                        46.569830612806335
                    ],
                    [
                        -74.18578809524975,
                        46.56982805140541
                    ],
                    [
                        -74.18566434798272,
                        46.570086107113376
                    ],
                    [
                        -74.18603193050471,
                        46.57017298185393
                    ],
                    [
                        -74.18590818366685,
                        46.570431037610085
                    ],
                    [
                        -74.18627576932658,
                        46.57051791132392
                    ],
                    [
                        -74.18615202291792,
                        46.57077596712826
                    ],
                    [
                        -74.18688720186725,
                        46.570949711067875
                    ],
                    [
                        -74.18676345767132,
                        46.57120776732846
                    ],
                    [
                        -74.18713105096099,
                        46.57129463755424
                    ],
                    [
                        -74.1868835620734,
                        46.57181074981181
                    ],
                    [
                        -74.18725116028455,
                        46.57189761941896
                    ],
                    [
                        -74.18675981559817,
                        46.57206880540076
                    ],
                    [
                        -74.18663606776856,
                        46.572326860629786
                    ],
                    [
                        -74.18626846734452,
                        46.57223998877169
                    ],
                    [
                        -74.18614471637693,
                        46.57249804323273
                    ],
                    [
                        -74.18590086827487,
                        46.57215311547877
                    ],
                    [
                        -74.1855332705596,
                        46.5720662407511
                    ],
                    [
                        -74.18504191788037,
                        46.57223741782536
                    ],
                    [
                        -74.18491816020756,
                        46.57249547070217
                    ],
                    [
                        -74.18516200289189,
                        46.57284040060587
                    ],
                    [
                        -74.18552960595797,
                        46.57292727655785
                    ],
                    [
                        -74.18528209097445,
                        46.57344338214438
                    ],
                    [
                        -74.18454687906222,
                        46.57326962717296
                    ],
                    [
                        -74.18429935152605,
                        46.573785729687266
                    ],
                    [
                        -74.1838079764509,
                        46.573956899542196
                    ],
                    [
                        -74.1836842075127,
                        46.574214949491406
                    ],
                    [
                        -74.1840518185716,
                        46.574301830761904
                    ],
                    [
                        -74.18392805006246,
                        46.57455988075931
                    ],
                    [
                        -74.1842956642597,
                        46.57464676100318
                    ],
                    [
                        -74.18404812674491,
                        46.575162860734615
                    ],
                    [
                        -74.18368050898025,
                        46.57507597967444
                    ],
                    [
                        -74.18343296247932,
                        46.57559207714986
                    ],
                    [
                        -74.18306534250188,
                        46.57550519383851
                    ],
                    [
                        -74.18294156543558,
                        46.57576324162813
                    ],
                    [
                        -74.18257394502915,
                        46.57567635647382
                    ],
                    [
                        -74.18232638326475,
                        46.57619245015691
                    ],
                    [
                        -74.18195876064563,
                        46.57610556275122
                    ],
                    [
                        -74.18183497594747,
                        46.57636360864472
                    ],
                    [
                        -74.18220260035035,
                        46.5764504964586
                    ],
                    [
                        -74.18207881608112,
                        46.57670854240032
                    ],
                    [
                        -74.18281407251898,
                        46.57688231453989
                    ],
                    [
                        -74.18293785322061,
                        46.576624267781725
                    ],
                    [
                        -74.18440837521874,
                        46.57697179320976
                    ],
                    [
                        -74.18416082673161,
                        46.577487889631826
                    ],
                    [
                        -74.18440468969409,
                        46.577832816297466
                    ]
                ]
            }
        },
        {
            "type": "Feature",
            "properties": {
                "SubId": 23000445,
                "DowSubId": 23000198,
                "RivSlope": 0.016490144025015,
                "RivLength": 2061.8376618439997,
                "BasSlope": 23.859243768116098,
                "BasAspect": 221.085052361321,
                "BasArea": 1945800.0,
                "BkfWidth": 8.1071500405,
                "BkfDepth": 0.289924684144,
                "Lake_Cat": 0.0,
                "HyLakeId": 0,
                "LakeVol": 0.0,
                "LakeDepth": 0.0,
                "LakeArea": 0.0,
                "Laketype": 0.0,
                "Has_POI": 0,
                "MeanElev": 1435.2594812836542,
                "FloodP_n": 0.106162804824593,
                "Q_Mean": 1.241767754493228,
                "Ch_n": 0.08808081354626,
                "DrainArea": 21324599.9999999,
                "Strahler": 1.0,
                "Seg_ID": 17.0,
                "Seg_order": 2.0,
                "Max_DEM": 1139.0,
                "Min_DEM": 1105.0,
                "Obs_NM": "<NA>",
                "SRC_obs": "<NA>",
                "centroid_x": -73.9477483780158,
                "centroid_y": 46.59501773709772,
                "DA_Chn_L": 7367.05627485,
                "DA_Slope": 30.3360516771,
                "DA_Chn_Slp": 0.010859154188,
                "outletLat": 46.59905391,
                "outletLng": -73.96033762,
                "k": 0.0653543025255,
                "c": 0.969084024429,
                "SSDA_NM": "02_02",
                "SDA_NM": "02N",
                "rvhName": "sub23000445"
            },
            "geometry": {
                "type": "MultiLineString",
                "coordinates": [
                    [
                        [
                            -73.95091103612701,
                            46.59651463761168
                        ],
                        [
                            -73.9516457449106,
                            46.59669017429417
                        ],
                        [
                            -73.95177084253177,
                            46.59643244336749
                        ],
                        [
                            -73.95250555323632,
                            46.59660797349567
                        ],
                        [
                            -73.95274781834763,
                            46.59695346857402
                        ],
                        [
                            -73.95531937091968,
                            46.59756777175445
                        ],
                        [
                            -73.95581181912972,
                            46.59739778816145
                        ],
                        [
                            -73.95801605795462,
                            46.59792426680577
                        ],
                        [
                            -73.95789099052766,
                            46.59818200473811
                        ],
                        [
                            -73.96009528925735,
                            46.598708434280105
                        ],
                        [
                            -73.95997023112076,
                            46.598966174322264
                        ],
                        [
                            -73.96033762080656,
                            46.599053907976945
                        ],
                        [
                            -73.96057995590874,
                            46.59939938070269
                        ]
                    ],
                    [
                        [
                            -73.94073456279997,
                            46.59552073080938
                        ],
                        [
                            -73.94085971698254,
                            46.5952630132382
                        ],
                        [
                            -73.94122704221255,
                            46.595350821187886
                        ],
                        [
                            -73.9409848697964,
                            46.5950052953043
                        ],
                        [
                            -73.94123517131806,
                            46.59448985834824
                        ],
                        [
                            -73.94160249122189,
                            46.594577665060996
                        ],
                        [
                            -73.9425874205302,
                            46.59423783330892
                        ],
                        [
                            -73.9433220628164,
                            46.59441343505901
                        ],
                        [
                            -73.94381452133057,
                            46.594243511564365
                        ],
                        [
                            -73.94454916827696,
                            46.59441910389576
                        ],
                        [
                            -73.9450416224262,
                            46.59424917409232
                        ],
                        [
                            -73.94491649380288,
                            46.59450689791289
                        ],
                        [
                            -73.94675314195891,
                            46.594945846512765
                        ],
                        [
                            -73.94724559366522,
                            46.594775905641754
                        ],
                        [
                            -73.9479802616918,
                            46.594951471365576
                        ],
                        [
                            -73.9478551472732,
                            46.59520919848374
                        ],
                        [
                            -73.94858982432446,
                            46.595384759302185
                        ],
                        [
                            -73.94846471208895,
                            46.59564248688206
                        ],
                        [
                            -73.94919939816496,
                            46.59581804279508
                        ],
                        [
                            -73.9490742881127,
                            46.596075770836634
                        ],
                        [
                            -73.95091103612701,
                            46.59651463761168
                        ]
                    ]
                ]
            }
        },
        {
            "type": "Feature",
            "properties": {
                "SubId": 23012041,
                "DowSubId": -1,
                "RivSlope": 0.006913434677155,
                "RivLength": 7660.660171784,
                "BasSlope": 27.515145626956123,
                "BasAspect": 188.90703126877605,
                "BasArea": 27294300.0,
                "BkfWidth": 54.3508995091,
                "BkfDepth": 0.908005142042,
                "Lake_Cat": 0.0,
                "HyLakeId": 0,
                "LakeVol": 0.0,
                "LakeDepth": 0.0,
                "LakeArea": 0.0,
                "Laketype": 0.0,
                "Has_POI": 1,
                "MeanElev": 1389.025099932774,
                "FloodP_n": 0.09612472489432,
                "Q_Mean": 56.477197146577744,
                "Ch_n": 0.063407140465411,
                "DrainArea": 1082136600.0000002,
                "Strahler": 3.0,
                "Seg_ID": 118.0,
                "Seg_order": 1.0,
                "Max_DEM": 1087.0,
                "Min_DEM": 1040.0,
                "Obs_NM": "02NF004",
                "SRC_obs": "WSC",
                "centroid_x": -73.98583003528097,
                "centroid_y": 46.65196362354065,
                "DA_Chn_L": 98448.2164339,
                "DA_Slope": 3.9072364426,
                "DA_Chn_Slp": 0.0131541235272,
                "outletLat": 46.66549814,
                "outletLng": -73.97608206,
                "k": 0.0653543025255,
                "c": 0.969084024429,
                "SSDA_NM": "02_02",
                "SDA_NM": "02N",
                "rvhName": "02NF004"
            },
            "geometry": {
                "type": "MultiLineString",
                "coordinates": [
                    [
                        [
                            -74.01097645817399,
                            46.63585556352618
                        ],
                        [
                            -74.01060868710782,
                            46.635768033837074
                        ],
                        [
                            -74.0104838070599,
                            46.63602581116158
                        ],
                        [
                            -74.01011603557983,
                            46.63593827962655
                        ],
                        [
                            -74.00961649458867,
                            46.636969383661665
                        ],
                        [
                            -74.0099842731941,
                            46.637056916843406
                        ],
                        [
                            -74.00973449805642,
                            46.63757246751471
                        ],
                        [
                            -74.00997739375346,
                            46.637917775290646
                        ],
                        [
                            -74.00972761397347,
                            46.63843332461576
                        ],
                        [
                            -74.00935982509343,
                            46.6383457908097
                        ],
                        [
                            -74.0091100362802,
                            46.63886133786499
                        ],
                        [
                            -74.00874224520483,
                            46.63877380180115
                        ],
                        [
                            -74.00775686218452,
                            46.63911426850921
                        ],
                        [
                            -74.00738907164929,
                            46.63902672731908
                        ],
                        [
                            -74.00651469869094,
                            46.64083111403015
                        ],
                        [
                            -74.00688250169652,
                            46.64091865810274
                        ],
                        [
                            -74.00675758758409,
                            46.64117642659821
                        ],
                        [
                            -74.00712539373913,
                            46.64126396964827
                        ],
                        [
                            -74.00700048004038,
                            46.64152173819394
                        ],
                        [
                            -74.00736828934488,
                            46.6416092802215
                        ],
                        [
                            -74.00724337605985,
                            46.641867048817396
                        ],
                        [
                            -74.00748627564258,
                            46.6422123584685
                        ],
                        [
                            -74.00711152882116,
                            46.642985662237095
                        ],
                        [
                            -74.00661878911568,
                            46.64315588637265
                        ],
                        [
                            -74.00624402053323,
                            46.64392918456658
                        ],
                        [
                            -74.00587619519368,
                            46.64384163883259
                        ],
                        [
                            -74.00550140895325,
                            46.64461493253663
                        ],
                        [
                            -74.00513357963659,
                            46.644527384132715
                        ],
                        [
                            -74.0048837117387,
                            46.64504291063694
                        ],
                        [
                            -74.00451588022672,
                            46.64495535997493
                        ],
                        [
                            -74.00439094244368,
                            46.64521312227278
                        ],
                        [
                            -74.00402311051818,
                            46.64512556976449
                        ],
                        [
                            -74.00389816958514,
                            46.645383331288805
                        ],
                        [
                            -74.00291261317749,
                            46.645723741461566
                        ],
                        [
                            -74.00254478001166,
                            46.64563618341455
                        ],
                        [
                            -74.00205199604925,
                            46.64580638272493
                        ],
                        [
                            -74.00021284867984,
                            46.64536856174334
                        ],
                        [
                            -74.00008788623809,
                            46.64562631811372
                        ],
                        [
                            -73.9993522333064,
                            46.645451178856945
                        ],
                        [
                            -73.99836664260705,
                            46.645791542222916
                        ],
                        [
                            -73.99811669389089,
                            46.64630704913612
                        ],
                        [
                            -73.99774886508871,
                            46.64621947283972
                        ],
                        [
                            -73.99749890733477,
                            46.64673497748216
                        ],
                        [
                            -73.99774176055175,
                            46.64708030679329
                        ],
                        [
                            -73.99711684427866,
                            46.64836906232163
                        ],
                        [
                            -73.99674900122335,
                            46.64828148272906
                        ],
                        [
                            -73.99662401208064,
                            46.648539232337626
                        ],
                        [
                            -73.9958883265132,
                            46.64836406802526
                        ],
                        [
                            -73.99539548992622,
                            46.648534231728256
                        ],
                        [
                            -73.99489549281049,
                            46.64956522015402
                        ],
                        [
                            -73.99366694406162,
                            46.64956019740961
                        ],
                        [
                            -73.9935419346461,
                            46.64981794201376
                        ],
                        [
                            -73.99243839557536,
                            46.64955515892176
                        ],
                        [
                            -73.9920633430792,
                            46.65032838685477
                        ],
                        [
                            -73.99243119341192,
                            46.65041598388952
                        ],
                        [
                            -73.99218115513185,
                            46.65093146819385
                        ],
                        [
                            -73.99254901039717,
                            46.651019064618545
                        ],
                        [
                            -73.992173948053,
                            46.651792289598646
                        ],
                        [
                            -73.99254181003279,
                            46.65187988582544
                        ],
                        [
                            -73.99229176518723,
                            46.652395368161166
                        ],
                        [
                            -73.99253460940504,
                            46.65274070481546
                        ],
                        [
                            -73.99228455990728,
                            46.65325618580534
                        ],
                        [
                            -73.99265243353487,
                            46.6533437812242
                        ],
                        [
                            -73.99252740851388,
                            46.65360152158874
                        ],
                        [
                            -73.99289528529275,
                            46.653689115985344
                        ],
                        [
                            -73.99239517864268,
                            46.65472007547532
                        ],
                        [
                            -73.99202729473598,
                            46.65463247942995
                        ],
                        [
                            -73.99190226286792,
                            46.654890217986
                        ],
                        [
                            -73.99116649559897,
                            46.6547150207675
                        ],
                        [
                            -73.9915415977865,
                            46.65394180648748
                        ],
                        [
                            -73.99117372155199,
                            46.6538542069632
                        ],
                        [
                            -73.99142378639354,
                            46.65333872979236
                        ],
                        [
                            -73.99105591509222,
                            46.653251129658095
                        ],
                        [
                            -73.9911809472407,
                            46.65299339094228
                        ],
                        [
                            -73.99044521230996,
                            46.65281818719498
                        ],
                        [
                            -73.99057024665262,
                            46.652560448941834
                        ],
                        [
                            -73.99020238302315,
                            46.65247284532883
                        ],
                        [
                            -73.99032741777815,
                            46.65221510712616
                        ],
                        [
                            -73.98922384045144,
                            46.65195228891755
                        ],
                        [
                            -73.9889737588818,
                            46.65246776248789
                        ],
                        [
                            -73.98860589894845,
                            46.652380152725236
                        ],
                        [
                            -73.98848085432772,
                            46.652637888555574
                        ],
                        [
                            -73.98872367183421,
                            46.65298323461122
                        ],
                        [
                            -73.98859862625612,
                            46.65324097013028
                        ],
                        [
                            -73.98896649290413,
                            46.653328579695234
                        ],
                        [
                            -73.98884144773825,
                            46.65358631526475
                        ],
                        [
                            -73.98920931753756,
                            46.6536739238076
                        ],
                        [
                            -73.9890842727839,
                            46.65393165942758
                        ],
                        [
                            -73.98945214573456,
                            46.65401926694833
                        ],
                        [
                            -73.98932710139314,
                            46.654277002618784
                        ],
                        [
                            -73.9895699335661,
                            46.6546223448384
                        ],
                        [
                            -73.98944488826739,
                            46.65488008019766
                        ],
                        [
                            -73.98981276930279,
                            46.654967686086295
                        ],
                        [
                            -73.98956267816037,
                            46.65548315654417
                        ],
                        [
                            -73.98993056412924,
                            46.65557076182285
                        ],
                        [
                            -73.98905521446018,
                            46.65737489991696
                        ],
                        [
                            -73.98856225880358,
                            46.6575450239067
                        ],
                        [
                            -73.9881870789436,
                            46.65831821819922
                        ],
                        [
                            -73.98781917474226,
                            46.658230606951015
                        ],
                        [
                            -73.98756904442206,
                            46.658746067179464
                        ],
                        [
                            -73.98720113802645,
                            46.658658453672096
                        ],
                        [
                            -73.98695099866232,
                            46.65917391162901
                        ],
                        [
                            -73.98658309007247,
                            46.659086295862515
                        ],
                        [
                            -73.98609010755139,
                            46.65925640627272
                        ],
                        [
                            -73.98425058309253,
                            46.65881829668909
                        ],
                        [
                            -73.98412549751107,
                            46.65907602187665
                        ],
                        [
                            -73.9837575949476,
                            46.65898839524418
                        ],
                        [
                            -73.98350741611027,
                            46.659503843709224
                        ],
                        [
                            -73.98387532223772,
                            46.65959147116655
                        ],
                        [
                            -73.98411814182549,
                            46.659936821703994
                        ],
                        [
                            -73.9859577087763,
                            46.66037493236269
                        ],
                        [
                            -73.98583262840683,
                            46.66063265857749
                        ],
                        [
                            -73.98620054768955,
                            46.66072027681812
                        ],
                        [
                            -73.98582530370689,
                            46.661493454529364
                        ],
                        [
                            -73.9853322932274,
                            46.66166355981948
                        ],
                        [
                            -73.98496436818601,
                            46.66157593849481
                        ],
                        [
                            -73.98483927918343,
                            46.661833662488604
                        ],
                        [
                            -73.98447135373007,
                            46.661746039316995
                        ],
                        [
                            -73.98434626157501,
                            46.6620037625366
                        ],
                        [
                            -73.98397833570971,
                            46.66191613751808
                        ],
                        [
                            -73.98385324040214,
                            46.66217385996351
                        ],
                        [
                            -73.98336021566485,
                            46.66234395476937
                        ],
                        [
                            -73.9829922889758,
                            46.662256326056934
                        ],
                        [
                            -73.98286718736314,
                            46.66251404695403
                        ],
                        [
                            -73.98249926026229,
                            46.66242641639461
                        ],
                        [
                            -73.98237415549701,
                            46.66268413651751
                        ],
                        [
                            -73.9805345316386,
                            46.662245960140694
                        ],
                        [
                            -73.98065964531452,
                            46.66198824208014
                        ],
                        [
                            -73.97918797802494,
                            46.661637676807786
                        ],
                        [
                            -73.97906285722087,
                            46.661895393218444
                        ],
                        [
                            -73.97869494204282,
                            46.661807747901726
                        ],
                        [
                            -73.97831956606115,
                            46.66258089372528
                        ],
                        [
                            -73.97856236029877,
                            46.662926255242894
                        ],
                        [
                            -73.97831210361392,
                            46.66344168408432
                        ]
                    ],
                    [
                        [
                            -73.97831210361392,
                            46.66344168408432
                        ],
                        [
                            -73.97868003085486,
                            46.66352933044161
                        ],
                        [
                            -73.97855490223849,
                            46.66378704473214
                        ],
                        [
                            -73.97892283263224,
                            46.663874690067495
                        ],
                        [
                            -73.97879770442731,
                            46.66413240440871
                        ],
                        [
                            -73.97916563797389,
                            46.664220048722086
                        ],
                        [
                            -73.97904051018045,
                            46.66447776311404
                        ],
                        [
                            -73.97928331949795,
                            46.66482312084814
                        ],
                        [
                            -73.97878279626269,
                            46.665853975001056
                        ],
                        [
                            -73.97841485065202,
                            46.66576632964704
                        ],
                        [
                            -73.97828971463395,
                            46.66602404186824
                        ],
                        [
                            -73.97779662944065,
                            46.66619410611398
                        ],
                        [
                            -73.97669279425283,
                            46.665931154665465
                        ],
                        [
                            -73.97681793877071,
                            46.66567344445634
                        ],
                        [
                            -73.97608205906447,
                            46.665498137143175
                        ],
                        [
                            -73.97558897140333,
                            46.66566819030626
                        ]
                    ]
                ]
            }
        },
        {
            "type": "Feature",
            "properties": {
                "Hylak_id": 106724.0,
                "Lake_name": null,
                "Country": "Canada",
                "Continent": "North America",
                "Poly_src": "CanVec",
                "Lake_type": 1.0,
                "Grand_id": 0.0,
                "Lake_area": 2.79,
                "Shore_len": 14.43,
                "Shore_dev": 2.43,
                "Vol_total": 20.71,
                "Vol_res": 0.0,
                "Vol_src": 3.0,
                "Depth_avg": 7.4,
                "Dis_avg": 0.326,
                "Res_time": 735.3,
                "Elevation": 487.0,
                "Slope_100": 3.66,
                "Wshd_area": 20.9,
                "Pour_long": -74.295336,
                "Pour_lat": 46.811402,
                "Shape_Le_1": 0.15791409178,
                "Shape_Le_2": 0.15791409178,
                "SDA_NM": "02N",
                "SSDA_NM": "02_02"
            },
            "geometry": {
                "type": "Polygon",
                "coordinates": [
                    [
                        [
                            -74.30645278044389,
                            46.8311844532832
                        ],
                        [
                            -74.30508994391656,
                            46.8307797742365
                        ],
                        [
                            -74.30400735077286,
                            46.829875546741
                        ],
                        [
                            -74.30242530360066,
                            46.82951832577063
                        ],
                        [
                            -74.30224702112332,
                            46.829530336784984
                        ],
                        [
                            -74.30217657450459,
                            46.829789338238825
                        ],
                        [
                            -74.30158801107387,
                            46.82977619000059
                        ],
                        [
                            -74.30072277474612,
                            46.829159828043885
                        ],
                        [
                            -74.30050895246728,
                            46.82916965677375
                        ],
                        [
                            -74.30070662973657,
                            46.82945929271322
                        ],
                        [
                            -74.3005389390529,
                            46.83012409791079
                        ],
                        [
                            -74.29895764811688,
                            46.830359158117915
                        ],
                        [
                            -74.29832777069625,
                            46.82969995539554
                        ],
                        [
                            -74.2968639298644,
                            46.82890695897903
                        ],
                        [
                            -74.29649133243382,
                            46.82825622772781
                        ],
                        [
                            -74.2959719438695,
                            46.82797360491162
                        ],
                        [
                            -74.29612022571445,
                            46.827769011884875
                        ],
                        [
                            -74.29482390504295,
                            46.82683682461458
                        ],
                        [
                            -74.29415963145625,
                            46.82596730772824
                        ],
                        [
                            -74.29427644835317,
                            46.82551007997939
                        ],
                        [
                            -74.29452902883597,
                            46.825421112430384
                        ],
                        [
                            -74.29285737082121,
                            46.824960105821184
                        ],
                        [
                            -74.2869815454231,
                            46.825159361169526
                        ],
                        [
                            -74.28769651432329,
                            46.82576018107313
                        ],
                        [
                            -74.28815487639126,
                            46.8267427988284
                        ],
                        [
                            -74.28843143738331,
                            46.82683541604908
                        ],
                        [
                            -74.28921070960851,
                            46.82648013273022
                        ],
                        [
                            -74.2899202130325,
                            46.825525694778726
                        ],
                        [
                            -74.29125877709077,
                            46.82573696512664
                        ],
                        [
                            -74.29145303222394,
                            46.82608165879917
                        ],
                        [
                            -74.29121326540192,
                            46.82722137584345
                        ],
                        [
                            -74.29017045089991,
                            46.82847279003111
                        ],
                        [
                            -74.28951932839209,
                            46.82867655628662
                        ],
                        [
                            -74.2888978975808,
                            46.82943700066102
                        ],
                        [
                            -74.28873190831854,
                            46.82889014160851
                        ],
                        [
                            -74.28785786072022,
                            46.82837536728379
                        ],
                        [
                            -74.2880057372816,
                            46.827659690365174
                        ],
                        [
                            -74.28715969571975,
                            46.82706371070694
                        ],
                        [
                            -74.28560074879714,
                            46.826669675144444
                        ],
                        [
                            -74.28386632004353,
                            46.82563437758797
                        ],
                        [
                            -74.2829738882232,
                            46.82480553562914
                        ],
                        [
                            -74.28233484439737,
                            46.82467368931262
                        ],
                        [
                            -74.28196435521009,
                            46.82499473628478
                        ],
                        [
                            -74.28265007405129,
                            46.82578583076241
                        ],
                        [
                            -74.28279365105834,
                            46.82635927309007
                        ],
                        [
                            -74.28253917113194,
                            46.826566237641806
                        ],
                        [
                            -74.28163308970508,
                            46.82677095993724
                        ],
                        [
                            -74.28056344559643,
                            46.82609365089452
                        ],
                        [
                            -74.27919201408223,
                            46.8259654901184
                        ],
                        [
                            -74.2795923345507,
                            46.82543752565366
                        ],
                        [
                            -74.27929941467819,
                            46.82494301278721
                        ],
                        [
                            -74.27980463767813,
                            46.82426755745504
                        ],
                        [
                            -74.2798325394134,
                            46.82349706679757
                        ],
                        [
                            -74.27866931252666,
                            46.82255622517176
                        ],
                        [
                            -74.27851705128835,
                            46.821952022079095
                        ],
                        [
                            -74.27787545522727,
                            46.821370405479726
                        ],
                        [
                            -74.27768404250843,
                            46.820450077091
                        ],
                        [
                            -74.27807764160718,
                            46.82036868392579
                        ],
                        [
                            -74.27809734493351,
                            46.820242873110615
                        ],
                        [
                            -74.27750383537685,
                            46.82017909768761
                        ],
                        [
                            -74.27732274158285,
                            46.8197358773432
                        ],
                        [
                            -74.27780466039908,
                            46.81869978135696
                        ],
                        [
                            -74.27838385946076,
                            46.81816511112544
                        ],
                        [
                            -74.27983886441368,
                            46.818158630331524
                        ],
                        [
                            -74.28092419169694,
                            46.81766702154582
                        ],
                        [
                            -74.28007092555808,
                            46.81752148881934
                        ],
                        [
                            -74.2798962473526,
                            46.8166073256147
                        ],
                        [
                            -74.2817602500393,
                            46.816203470974806
                        ],
                        [
                            -74.28198629787983,
                            46.81597860056534
                        ],
                        [
                            -74.28179255140292,
                            46.81522057741396
                        ],
                        [
                            -74.28209124946424,
                            46.81482032679053
                        ],
                        [
                            -74.28417173399151,
                            46.814037063822575
                        ],
                        [
                            -74.28488070843433,
                            46.813522242036676
                        ],
                        [
                            -74.28488180802213,
                            46.81332308027679
                        ],
                        [
                            -74.2844949553156,
                            46.81303830866065
                        ],
                        [
                            -74.28455002114904,
                            46.8116918832292
                        ],
                        [
                            -74.28389214149729,
                            46.809825473278266
                        ],
                        [
                            -74.28428124060315,
                            46.808690995981166
                        ],
                        [
                            -74.28599482914798,
                            46.80939356017055
                        ],
                        [
                            -74.28638882187796,
                            46.810262513388054
                        ],
                        [
                            -74.28615421397143,
                            46.81078299843317
                        ],
                        [
                            -74.2867156903287,
                            46.811145779986084
                        ],
                        [
                            -74.28675332219777,
                            46.81170970690927
                        ],
                        [
                            -74.28700562544618,
                            46.8116503561791
                        ],
                        [
                            -74.28859466890434,
                            46.81037452762315
                        ],
                        [
                            -74.28937643146807,
                            46.81043155889251
                        ],
                        [
                            -74.28979380280492,
                            46.81191454680741
                        ],
                        [
                            -74.29047402576589,
                            46.812517411831834
                        ],
                        [
                            -74.28987263485303,
                            46.81353092475652
                        ],
                        [
                            -74.28952140648099,
                            46.81356829766324
                        ],
                        [
                            -74.28929001427099,
                            46.814266566900066
                        ],
                        [
                            -74.28980061043806,
                            46.81524491217767
                        ],
                        [
                            -74.29051090042988,
                            46.81540953823021
                        ],
                        [
                            -74.29114613048782,
                            46.81501482722566
                        ],
                        [
                            -74.29172969834379,
                            46.81522651098847
                        ],
                        [
                            -74.2940953906673,
                            46.81753719688771
                        ],
                        [
                            -74.29575214393532,
                            46.8178390496064
                        ],
                        [
                            -74.2968523663152,
                            46.81773542604185
                        ],
                        [
                            -74.2973680393155,
                            46.81812023675409
                        ],
                        [
                            -74.29814728591096,
                            46.81787948817169
                        ],
                        [
                            -74.29812816189414,
                            46.817375261774586
                        ],
                        [
                            -74.29751238058999,
                            46.816771268072955
                        ],
                        [
                            -74.2972002721702,
                            46.81580669532062
                        ],
                        [
                            -74.29662352343021,
                            46.81542642484933
                        ],
                        [
                            -74.29593208617634,
                            46.814382267454285
                        ],
                        [
                            -74.29548051198739,
                            46.81256787927179
                        ],
                        [
                            -74.29555153448061,
                            46.81177233287083
                        ],
                        [
                            -74.2948522910241,
                            46.81136586706971
                        ],
                        [
                            -74.29481658127779,
                            46.81043483251115
                        ],
                        [
                            -74.29442613849237,
                            46.81037669023097
                        ],
                        [
                            -74.29374821537981,
                            46.80930785514617
                        ],
                        [
                            -74.29402411253801,
                            46.809127387255224
                        ],
                        [
                            -74.29476457857538,
                            46.81010419379575
                        ],
                        [
                            -74.29517088947986,
                            46.8102545797835
                        ],
                        [
                            -74.2953026180084,
                            46.81110880335323
                        ],
                        [
                            -74.29601944964503,
                            46.81159003076323
                        ],
                        [
                            -74.29605747944743,
                            46.81247333727706
                        ],
                        [
                            -74.29700413359757,
                            46.812923760212136
                        ],
                        [
                            -74.29755905238338,
                            46.81389433097348
                        ],
                        [
                            -74.29760705777224,
                            46.81446712078844
                        ],
                        [
                            -74.29886164712565,
                            46.81595485414118
                        ],
                        [
                            -74.29913140664114,
                            46.81688159256842
                        ],
                        [
                            -74.29874636219198,
                            46.81734807762254
                        ],
                        [
                            -74.29866199394934,
                            46.81942253667066
                        ],
                        [
                            -74.29880711642741,
                            46.82016697510777
                        ],
                        [
                            -74.29974906001615,
                            46.82171006161064
                        ],
                        [
                            -74.3020226308361,
                            46.822967388155185
                        ],
                        [
                            -74.30200041451813,
                            46.82312984516039
                        ],
                        [
                            -74.30442814674342,
                            46.82339469549966
                        ],
                        [
                            -74.30704634191096,
                            46.82451228126482
                        ],
                        [
                            -74.30761701223653,
                            46.8250865808261
                        ],
                        [
                            -74.30779782562945,
                            46.82570838684858
                        ],
                        [
                            -74.30898161192168,
                            46.82622271083905
                        ],
                        [
                            -74.30983421337015,
                            46.826944086104106
                        ],
                        [
                            -74.31033712997952,
                            46.82669532669382
                        ],
                        [
                            -74.31150427165005,
                            46.82674552602421
                        ],
                        [
                            -74.31205148588359,
                            46.82702637901843
                        ],
                        [
                            -74.31348130987115,
                            46.82692352841668
                        ],
                        [
                            -74.31438478838497,
                            46.82761881223763
                        ],
                        [
                            -74.31529483042685,
                            46.827830626212744
                        ],
                        [
                            -74.31598817985586,
                            46.82866163083944
                        ],
                        [
                            -74.31584629670412,
                            46.82920482022801
                        ],
                        [
                            -74.3164316554057,
                            46.829311412993334
                        ],
                        [
                            -74.31630835089133,
                            46.82966808983903
                        ],
                        [
                            -74.31562580572016,
                            46.829525773092634
                        ],
                        [
                            -74.31519088360089,
                            46.83014013356224
                        ],
                        [
                            -74.31475700213532,
                            46.830268756783674
                        ],
                        [
                            -74.31248467032822,
                            46.830291395136
                        ],
                        [
                            -74.31105527352834,
                            46.83113756002223
                        ],
                        [
                            -74.31005636248433,
                            46.830908991841724
                        ],
                        [
                            -74.30783809034416,
                            46.83088691805524
                        ],
                        [
                            -74.30645278044389,
                            46.8311844532832
                        ]
                    ]
                ]
            }
        },
        {
            "type": "Feature",
            "properties": {
                "Hylak_id": 106990.0,
                "Lake_name": null,
                "Country": "Canada",
                "Continent": "North America",
                "Poly_src": "CanVec",
                "Lake_type": 1.0,
                "Grand_id": 0.0,
                "Lake_area": 7.81,
                "Shore_len": 60.24,
                "Shore_dev": 6.08,
                "Vol_total": 69.78,
                "Vol_res": 0.0,
                "Vol_src": 3.0,
                "Depth_avg": 8.9,
                "Dis_avg": 1.246,
                "Res_time": 648.2,
                "Elevation": 430.0,
                "Slope_100": 3.17,
                "Wshd_area": 79.7,
                "Pour_long": -74.11175,
                "Pour_lat": 46.637145,
                "Shape_Le_1": 0.65430734594,
                "Shape_Le_2": 0.65430734594,
                "SDA_NM": "02N",
                "SSDA_NM": "02_02"
            },
            "geometry": {
                "type": "Polygon",
                "coordinates": [
                    [
                        [
                            -74.13593015764343,
                            46.70763559373057
                        ],
                        [
                            -74.13630908688313,
                            46.70743544158863
                        ],
                        [
                            -74.13662998088257,
                            46.70672758584567
                        ],
                        [
                            -74.1381842830384,
                            46.705984680790756
                        ],
                        [
                            -74.13923006448152,
                            46.7064527300622
                        ],
                        [
                            -74.13874146917574,
                            46.70685883639429
                        ],
                        [
                            -74.13881390445572,
                            46.70751894789672
                        ],
                        [
                            -74.13903225139647,
                            46.70760881116724
                        ],
                        [
                            -74.13957041656903,
                            46.70733287997312
                        ],
                        [
                            -74.14082718355077,
                            46.70599273601923
                        ],
                        [
                            -74.13970754761277,
                            46.70612926030223
                        ],
                        [
                            -74.13892085801326,
                            46.70564549781113
                        ],
                        [
                            -74.13929170323604,
                            46.70482442494134
                        ],
                        [
                            -74.13997968240919,
                            46.704484780932596
                        ],
                        [
                            -74.14070823184888,
                            46.70483693641675
                        ],
                        [
                            -74.14114467399696,
                            46.70468912909508
                        ],
                        [
                            -74.14086464917997,
                            46.704203875340255
                        ],
                        [
                            -74.1414294047385,
                            46.70351752512545
                        ],
                        [
                            -74.14254551378313,
                            46.70277542922053
                        ],
                        [
                            -74.14329868180165,
                            46.70178332586667
                        ],
                        [
                            -74.14387678530454,
                            46.70185961690065
                        ],
                        [
                            -74.14352995554259,
                            46.70247468476396
                        ],
                        [
                            -74.14381769226291,
                            46.70276984464386
                        ],
                        [
                            -74.14458229447999,
                            46.701307708853946
                        ],
                        [
                            -74.14541225409351,
                            46.70135562530741
                        ],
                        [
                            -74.14558499777493,
                            46.7015939916948
                        ],
                        [
                            -74.14531530460673,
                            46.70198940256107
                        ],
                        [
                            -74.14544766049659,
                            46.70200821297782
                        ],
                        [
                            -74.14575033961401,
                            46.70180714285911
                        ],
                        [
                            -74.14582669509288,
                            46.70139190949134
                        ],
                        [
                            -74.14697314465057,
                            46.70113283556281
                        ],
                        [
                            -74.14742763717996,
                            46.700809941466524
                        ],
                        [
                            -74.14548160977569,
                            46.69978075904044
                        ],
                        [
                            -74.14539012229471,
                            46.69917243685273
                        ],
                        [
                            -74.1452196167541,
                            46.699083338191755
                        ],
                        [
                            -74.14399665174875,
                            46.69901863731015
                        ],
                        [
                            -74.14475308980332,
                            46.69920691910425
                        ],
                        [
                            -74.1460944577036,
                            46.70036495848363
                        ],
                        [
                            -74.14614427876961,
                            46.700848758211364
                        ],
                        [
                            -74.14469911009006,
                            46.700548598352896
                        ],
                        [
                            -74.1444825644765,
                            46.70082242103271
                        ],
                        [
                            -74.14387550074578,
                            46.70087323372483
                        ],
                        [
                            -74.14319068743887,
                            46.700419326439416
                        ],
                        [
                            -74.14231549917994,
                            46.70044172067113
                        ],
                        [
                            -74.14188475448819,
                            46.70015090496158
                        ],
                        [
                            -74.14179764176741,
                            46.699721611731846
                        ],
                        [
                            -74.14245087143381,
                            46.69927694503366
                        ],
                        [
                            -74.1419267236471,
                            46.6992764900445
                        ],
                        [
                            -74.14094971209117,
                            46.69981956047914
                        ],
                        [
                            -74.14047700174766,
                            46.6996224896295
                        ],
                        [
                            -74.1402040298779,
                            46.698390000395946
                        ],
                        [
                            -74.140346672464,
                            46.6973805848415
                        ],
                        [
                            -74.13994315045304,
                            46.69644029630995
                        ],
                        [
                            -74.1392573746271,
                            46.69570699274806
                        ],
                        [
                            -74.13951176457849,
                            46.69482297874863
                        ],
                        [
                            -74.14042622149299,
                            46.693972475286785
                        ],
                        [
                            -74.13800309352612,
                            46.69434592992089
                        ],
                        [
                            -74.13784812387695,
                            46.6947726348901
                        ],
                        [
                            -74.13899204470866,
                            46.69517753129406
                        ],
                        [
                            -74.13872035938334,
                            46.69623592155369
                        ],
                        [
                            -74.1381091925367,
                            46.69596523808539
                        ],
                        [
                            -74.13763459121851,
                            46.69625963871966
                        ],
                        [
                            -74.13638926193956,
                            46.695551304784985
                        ],
                        [
                            -74.13618435021665,
                            46.694558012003554
                        ],
                        [
                            -74.1366400705692,
                            46.693685546177754
                        ],
                        [
                            -74.13701849644136,
                            46.69123351741931
                        ],
                        [
                            -74.13870188784915,
                            46.69055265512185
                        ],
                        [
                            -74.13927386912056,
                            46.689817280101906
                        ],
                        [
                            -74.13912479354407,
                            46.689147404232024
                        ],
                        [
                            -74.13781710860898,
                            46.68864607492528
                        ],
                        [
                            -74.13693110149336,
                            46.68783326689793
                        ],
                        [
                            -74.1368070633257,
                            46.687324812312305
                        ],
                        [
                            -74.1371346743228,
                            46.686166200013915
                        ],
                        [
                            -74.13692626731988,
                            46.68547971169237
                        ],
                        [
                            -74.13819203064358,
                            46.684825825262706
                        ],
                        [
                            -74.13863659360959,
                            46.68502747328335
                        ],
                        [
                            -74.13801988175697,
                            46.685692043493226
                        ],
                        [
                            -74.13811494236111,
                            46.68586447018102
                        ],
                        [
                            -74.13849931036617,
                            46.68586189604731
                        ],
                        [
                            -74.13884482746899,
                            46.68546437580398
                        ],
                        [
                            -74.13920202998911,
                            46.68455442512378
                        ],
                        [
                            -74.13887450855859,
                            46.68388461696706
                        ],
                        [
                            -74.14075837899102,
                            46.68212207089599
                        ],
                        [
                            -74.14100059421092,
                            46.68168401944792
                        ],
                        [
                            -74.14077740080558,
                            46.681069992019104
                        ],
                        [
                            -74.14105271359035,
                            46.68022531671442
                        ],
                        [
                            -74.1421770376649,
                            46.679071524840005
                        ],
                        [
                            -74.14283297548876,
                            46.67872284621167
                        ],
                        [
                            -74.14310294057697,
                            46.678083625174885
                        ],
                        [
                            -74.14450280166724,
                            46.67786732336502
                        ],
                        [
                            -74.14578750941708,
                            46.6785971988164
                        ],
                        [
                            -74.14560670808314,
                            46.677587139459305
                        ],
                        [
                            -74.14441799863512,
                            46.67654120782454
                        ],
                        [
                            -74.14455797305442,
                            46.67610237634401
                        ],
                        [
                            -74.14436875216578,
                            46.675813029950625
                        ],
                        [
                            -74.14497148666825,
                            46.67499804572295
                        ],
                        [
                            -74.14470372460768,
                            46.67433241683733
                        ],
                        [
                            -74.14660635119729,
                            46.67106715757944
                        ],
                        [
                            -74.147849489896,
                            46.67048067075335
                        ],
                        [
                            -74.14866207760932,
                            46.66980788914575
                        ],
                        [
                            -74.14933076112861,
                            46.66848122950644
                        ],
                        [
                            -74.14901139887488,
                            46.667983873261406
                        ],
                        [
                            -74.14923745572722,
                            46.66742955930086
                        ],
                        [
                            -74.15069171764787,
                            46.666320824510606
                        ],
                        [
                            -74.15188107788835,
                            46.666048573077724
                        ],
                        [
                            -74.15122010276609,
                            46.6655490237501
                        ],
                        [
                            -74.15001507323869,
                            46.66356215441141
                        ],
                        [
                            -74.15003548611617,
                            46.661296739862884
                        ],
                        [
                            -74.14855326374071,
                            46.66080395908238
                        ],
                        [
                            -74.14824842789763,
                            46.66043310650937
                        ],
                        [
                            -74.14827562822695,
                            46.659831030228865
                        ],
                        [
                            -74.1480200827067,
                            46.659623184319635
                        ],
                        [
                            -74.1469990895476,
                            46.65925971104125
                        ],
                        [
                            -74.14629597163145,
                            46.659479802852424
                        ],
                        [
                            -74.14550590926245,
                            46.6592462357791
                        ],
                        [
                            -74.14474183474665,
                            46.65934642096009
                        ],
                        [
                            -74.1444338144423,
                            46.6590166723043
                        ],
                        [
                            -74.14460174005113,
                            46.65836226501219
                        ],
                        [
                            -74.14267273555457,
                            46.659511557969665
                        ],
                        [
                            -74.14205891859368,
                            46.65959403834258
                        ],
                        [
                            -74.14099367952797,
                            46.65877695360827
                        ],
                        [
                            -74.14148017536306,
                            46.65801758640775
                        ],
                        [
                            -74.14073183641179,
                            46.65813108073852
                        ],
                        [
                            -74.14029071684062,
                            46.658506075393376
                        ],
                        [
                            -74.1401356520097,
                            46.658477466647206
                        ],
                        [
                            -74.14014365311634,
                            46.65800031620931
                        ],
                        [
                            -74.14075539722386,
                            46.657321482089046
                        ],
                        [
                            -74.14059116958293,
                            46.65710269068244
                        ],
                        [
                            -74.13971272108579,
                            46.65704003922005
                        ],
                        [
                            -74.13902013062742,
                            46.65664297886326
                        ],
                        [
                            -74.13834657408111,
                            46.65679125765804
                        ],
                        [
                            -74.13868634480816,
                            46.65735167205816
                        ],
                        [
                            -74.13821395250746,
                            46.657637673811294
                        ],
                        [
                            -74.13810329158328,
                            46.65845052586661
                        ],
                        [
                            -74.13754602794354,
                            46.65834625770338
                        ],
                        [
                            -74.13730553648958,
                            46.65720618208314
                        ],
                        [
                            -74.13682311845014,
                            46.65674447234902
                        ],
                        [
                            -74.13715810583358,
                            46.655994718641075
                        ],
                        [
                            -74.13695700709823,
                            46.655229597172074
                        ],
                        [
                            -74.13494297000256,
                            46.65442228982809
                        ],
                        [
                            -74.13461294059071,
                            46.653813506827326
                        ],
                        [
                            -74.13456154448242,
                            46.652717959843365
                        ],
                        [
                            -74.13433795166395,
                            46.65256665985517
                        ],
                        [
                            -74.13236477668397,
                            46.65244094289267
                        ],
                        [
                            -74.1306046905647,
                            46.65318136068593
                        ],
                        [
                            -74.12867987832502,
                            46.65312672914697
                        ],
                        [
                            -74.12848739629544,
                            46.65381183280742
                        ],
                        [
                            -74.12908084069358,
                            46.65449837169779
                        ],
                        [
                            -74.12828467063196,
                            46.6549382010204
                        ],
                        [
                            -74.12853830759711,
                            46.65524602793384
                        ],
                        [
                            -74.13118969746364,
                            46.65647956625257
                        ],
                        [
                            -74.13371552482282,
                            46.65851342792755
                        ],
                        [
                            -74.13428454663777,
                            46.65830886404271
                        ],
                        [
                            -74.13460202769662,
                            46.657113024845216
                        ],
                        [
                            -74.13567374471769,
                            46.65710909270139
                        ],
                        [
                            -74.1360297443415,
                            46.65746091197893
                        ],
                        [
                            -74.13513564925051,
                            46.65809767941106
                        ],
                        [
                            -74.1348883476527,
                            46.65857201255084
                        ],
                        [
                            -74.13515764297671,
                            46.66062440517289
                        ],
                        [
                            -74.13422133315521,
                            46.660805972588626
                        ],
                        [
                            -74.13353598397251,
                            46.661210774211455
                        ],
                        [
                            -74.13363232436755,
                            46.66153299952081
                        ],
                        [
                            -74.13235327771226,
                            46.66206380960819
                        ],
                        [
                            -74.13264280243837,
                            46.6629611592498
                        ],
                        [
                            -74.13152515701051,
                            46.66258048869841
                        ],
                        [
                            -74.1317103190792,
                            46.66199188778927
                        ],
                        [
                            -74.1316170399167,
                            46.66192952691424
                        ],
                        [
                            -74.12957757885474,
                            46.663018944692865
                        ],
                        [
                            -74.13143120679257,
                            46.6643726951497
                        ],
                        [
                            -74.13220626154573,
                            46.66566541166587
                        ],
                        [
                            -74.13206670055239,
                            46.66617608686932
                        ],
                        [
                            -74.13230324597546,
                            46.6665671774535
                        ],
                        [
                            -74.1324851645565,
                            46.66829287198439
                        ],
                        [
                            -74.13207658289,
                            46.66920708089324
                        ],
                        [
                            -74.13209803044332,
                            46.669745367196924
                        ],
                        [
                            -74.13160042181985,
                            46.6702095995828
                        ],
                        [
                            -74.1319447161108,
                            46.67054606974538
                        ],
                        [
                            -74.13173733349034,
                            46.6715807672212
                        ],
                        [
                            -74.13128924677194,
                            46.67188938856224
                        ],
                        [
                            -74.13146274466357,
                            46.67223549165715
                        ],
                        [
                            -74.13115433864203,
                            46.67488876634228
                        ],
                        [
                            -74.1304477061023,
                            46.675317802849534
                        ],
                        [
                            -74.12986152174433,
                            46.676254626761605
                        ],
                        [
                            -74.12890164197853,
                            46.67704172053983
                        ],
                        [
                            -74.12624931754108,
                            46.676983322199035
                        ],
                        [
                            -74.12488748467999,
                            46.67733483451839
                        ],
                        [
                            -74.12329525757531,
                            46.678217138124694
                        ],
                        [
                            -74.12263907551494,
                            46.678154732968686
                        ],
                        [
                            -74.12281623177496,
                            46.67847599597115
                        ],
                        [
                            -74.12190127541146,
                            46.68040670512966
                        ],
                        [
                            -74.12133326010269,
                            46.680938539196724
                        ],
                        [
                            -74.1207379465155,
                            46.680888623610855
                        ],
                        [
                            -74.11996767551017,
                            46.68117820284271
                        ],
                        [
                            -74.11934004926594,
                            46.68101068914166
                        ],
                        [
                            -74.11834843126309,
                            46.6813655599256
                        ],
                        [
                            -74.11831464672808,
                            46.680691684364625
                        ],
                        [
                            -74.11794014710595,
                            46.680450017929026
                        ],
                        [
                            -74.11651979028628,
                            46.680411521321375
                        ],
                        [
                            -74.11611148683019,
                            46.68064520309096
                        ],
                        [
                            -74.11575910215534,
                            46.68033658983375
                        ],
                        [
                            -74.1130684530001,
                            46.68087563490549
                        ],
                        [
                            -74.11243491452525,
                            46.68071919931321
                        ],
                        [
                            -74.11216490367202,
                            46.68021959181956
                        ],
                        [
                            -74.11242581568823,
                            46.67986858473672
                        ],
                        [
                            -74.1161499189936,
                            46.678260263766006
                        ],
                        [
                            -74.11694147393693,
                            46.67812238154274
                        ],
                        [
                            -74.11743756017898,
                            46.67834048522143
                        ],
                        [
                            -74.11889655988422,
                            46.677753022841465
                        ],
                        [
                            -74.12132339160016,
                            46.67749741281383
                        ],
                        [
                            -74.12279046772467,
                            46.67544777758333
                        ],
                        [
                            -74.12260774343666,
                            46.67484452475175
                        ],
                        [
                            -74.12394995094178,
                            46.67448086712364
                        ],
                        [
                            -74.1242362490454,
                            46.67428623727046
                        ],
                        [
                            -74.12426164147972,
                            46.67384509496487
                        ],
                        [
                            -74.12515692244291,
                            46.67335016297892
                        ],
                        [
                            -74.12607353748369,
                            46.67365620190247
                        ],
                        [
                            -74.12756350410226,
                            46.67286305247778
                        ],
                        [
                            -74.12845159303333,
                            46.671580965984475
                        ],
                        [
                            -74.12840679254802,
                            46.67082521181535
                        ],
                        [
                            -74.12869845211499,
                            46.670288659270625
                        ],
                        [
                            -74.13046443995795,
                            46.66940892526668
                        ],
                        [
                            -74.12983698344388,
                            46.668631778670274
                        ],
                        [
                            -74.12870282734778,
                            46.66892402078547
                        ],
                        [
                            -74.1283421977763,
                            46.66834961539755
                        ],
                        [
                            -74.12769575489662,
                            46.66815412585332
                        ],
                        [
                            -74.12763592749873,
                            46.66765045308183
                        ],
                        [
                            -74.12666451168636,
                            46.66756253805154
                        ],
                        [
                            -74.12646647766469,
                            46.66707604785279
                        ],
                        [
                            -74.12562046663243,
                            46.66713926127086
                        ],
                        [
                            -74.12548773028442,
                            46.666881762180196
                        ],
                        [
                            -74.12474264589089,
                            46.66789592677996
                        ],
                        [
                            -74.12455645487839,
                            46.668793505254705
                        ],
                        [
                            -74.12362801631024,
                            46.669436559317106
                        ],
                        [
                            -74.1232853985474,
                            46.668337773052826
                        ],
                        [
                            -74.12351332345764,
                            46.668166435751175
                        ],
                        [
                            -74.12289373551471,
                            46.667941868082686
                        ],
                        [
                            -74.12301323189486,
                            46.6674413796111
                        ],
                        [
                            -74.12282752550529,
                            46.666841338826636
                        ],
                        [
                            -74.12227160046002,
                            46.66637323623569
                        ],
                        [
                            -74.1216689193878,
                            46.66623191128439
                        ],
                        [
                            -74.12103567297096,
                            46.66650090343344
                        ],
                        [
                            -74.12045735147514,
                            46.666301188788424
                        ],
                        [
                            -74.12035626846915,
                            46.665895229290804
                        ],
                        [
                            -74.12078665754122,
                            46.665704860306775
                        ],
                        [
                            -74.1210363371838,
                            46.66483791884763
                        ],
                        [
                            -74.12067464773138,
                            46.6644844337983
                        ],
                        [
                            -74.12002928040175,
                            46.66429416897112
                        ],
                        [
                            -74.12012411415827,
                            46.66379547894428
                        ],
                        [
                            -74.1204863676419,
                            46.663594469968025
                        ],
                        [
                            -74.12165269864116,
                            46.66365009750362
                        ],
                        [
                            -74.12205612194109,
                            46.66327292619823
                        ],
                        [
                            -74.12304421868738,
                            46.6630060175361
                        ],
                        [
                            -74.12365010048406,
                            46.66246611304465
                        ],
                        [
                            -74.12401698349942,
                            46.66139700090886
                        ],
                        [
                            -74.12529422975618,
                            46.65969640278245
                        ],
                        [
                            -74.1261062065544,
                            46.65717595615039
                        ],
                        [
                            -74.12599004848052,
                            46.655206591929115
                        ],
                        [
                            -74.12627072457498,
                            46.65452357823036
                        ],
                        [
                            -74.12443964453676,
                            46.65329046501436
                        ],
                        [
                            -74.12300347519997,
                            46.6528784599064
                        ],
                        [
                            -74.12363164416045,
                            46.65203738138406
                        ],
                        [
                            -74.12346207296156,
                            46.651882297357815
                        ],
                        [
                            -74.12239003435018,
                            46.65181985871396
                        ],
                        [
                            -74.12227097377851,
                            46.651392994286624
                        ],
                        [
                            -74.12276603030277,
                            46.65118862512571
                        ],
                        [
                            -74.12356762406112,
                            46.65150019772378
                        ],
                        [
                            -74.12446724077306,
                            46.65135789426099
                        ],
                        [
                            -74.1248663191228,
                            46.65178007689846
                        ],
                        [
                            -74.12463823373204,
                            46.65219758288669
                        ],
                        [
                            -74.12565858745704,
                            46.652345848326355
                        ],
                        [
                            -74.12603107300721,
                            46.652262179944906
                        ],
                        [
                            -74.12682654330514,
                            46.65142716407094
                        ],
                        [
                            -74.12817304424091,
                            46.65142764940826
                        ],
                        [
                            -74.12848381914209,
                            46.651677777505625
                        ],
                        [
                            -74.1283565619998,
                            46.652085556974086
                        ],
                        [
                            -74.1286675555489,
                            46.652283605165984
                        ],
                        [
                            -74.12978018864648,
                            46.65240959770661
                        ],
                        [
                            -74.13148130116387,
                            46.65203838059284
                        ],
                        [
                            -74.13274805845735,
                            46.651160752955704
                        ],
                        [
                            -74.13278847955276,
                            46.65077965714744
                        ],
                        [
                            -74.13257531124653,
                            46.650436922996896
                        ],
                        [
                            -74.13016738873675,
                            46.6517989617735
                        ],
                        [
                            -74.12878195102456,
                            46.6515729991443
                        ],
                        [
                            -74.12872269394454,
                            46.65118933123211
                        ],
                        [
                            -74.12902907507454,
                            46.65091273627405
                        ],
                        [
                            -74.13009913618319,
                            46.65049486024086
                        ],
                        [
                            -74.13037963721733,
                            46.65017754273256
                        ],
                        [
                            -74.1302459578742,
                            46.64884910407666
                        ],
                        [
                            -74.12922131864896,
                            46.64825257401946
                        ],
                        [
                            -74.12847837161861,
                            46.64823617907054
                        ],
                        [
                            -74.12697999171607,
                            46.64864310258943
                        ],
                        [
                            -74.12608025615818,
                            46.64821989888972
                        ],
                        [
                            -74.12598150859692,
                            46.64792342289545
                        ],
                        [
                            -74.1256980310865,
                            46.648406658600905
                        ],
                        [
                            -74.12518735658209,
                            46.64833989901612
                        ],
                        [
                            -74.12506003411913,
                            46.64794547243471
                        ],
                        [
                            -74.1251969384313,
                            46.64686212619266
                        ],
                        [
                            -74.12572050436427,
                            46.64693230769835
                        ],
                        [
                            -74.12573770082123,
                            46.64715345439887
                        ],
                        [
                            -74.12637100386256,
                            46.64735770813118
                        ],
                        [
                            -74.1267587744319,
                            46.64774161284218
                        ],
                        [
                            -74.12746512747935,
                            46.647356345081064
                        ],
                        [
                            -74.12809082725408,
                            46.64733319292219
                        ],
                        [
                            -74.1281372885191,
                            46.64633444819676
                        ],
                        [
                            -74.12732070737314,
                            46.645952598080946
                        ],
                        [
                            -74.12583767161179,
                            46.64599363089541
                        ],
                        [
                            -74.12551030540217,
                            46.64655739908677
                        ],
                        [
                            -74.12515375900973,
                            46.646489976438545
                        ],
                        [
                            -74.12471507062244,
                            46.64590732466673
                        ],
                        [
                            -74.12469522405773,
                            46.644122527712106
                        ],
                        [
                            -74.12313065146144,
                            46.643269565985456
                        ],
                        [
                            -74.12232481895411,
                            46.64336483526233
                        ],
                        [
                            -74.12098414282033,
                            46.64300135907028
                        ],
                        [
                            -74.12083605905767,
                            46.642654976471015
                        ],
                        [
                            -74.12119213407466,
                            46.64230001348136
                        ],
                        [
                            -74.12098046226839,
                            46.642178832345145
                        ],
                        [
                            -74.12041339364136,
                            46.64266120213218
                        ],
                        [
                            -74.11872930235722,
                            46.64199770186084
                        ],
                        [
                            -74.11645557658554,
                            46.64200756169637
                        ],
                        [
                            -74.11600935989684,
                            46.64182840766789
                        ],
                        [
                            -74.11634021158754,
                            46.641547714573605
                        ],
                        [
                            -74.11625763561477,
                            46.641307880158294
                        ],
                        [
                            -74.11544127756441,
                            46.641571960833645
                        ],
                        [
                            -74.11465054227965,
                            46.64113289519487
                        ],
                        [
                            -74.11343466525001,
                            46.64087057539882
                        ],
                        [
                            -74.11311507449815,
                            46.64064859083759
                        ],
                        [
                            -74.11352291113245,
                            46.64031524387159
                        ],
                        [
                            -74.11312196238163,
                            46.64009690710461
                        ],
                        [
                            -74.11338621382485,
                            46.639802191826284
                        ],
                        [
                            -74.11289025956494,
                            46.63943131732583
                        ],
                        [
                            -74.11194696721641,
                            46.63924839936561
                        ],
                        [
                            -74.11137250782137,
                            46.63830058974808
                        ],
                        [
                            -74.11081644796437,
                            46.63825355753586
                        ],
                        [
                            -74.11045461764368,
                            46.63781985427707
                        ],
                        [
                            -74.11088089525204,
                            46.637041594409006
                        ],
                        [
                            -74.11156563584102,
                            46.63662484456846
                        ],
                        [
                            -74.11307849131738,
                            46.63670388530006
                        ],
                        [
                            -74.1135759744398,
                            46.63712221626699
                        ],
                        [
                            -74.11351927480824,
                            46.63753156698428
                        ],
                        [
                            -74.11264365701004,
                            46.63732205183106
                        ],
                        [
                            -74.1125422823971,
                            46.6376922666587
                        ],
                        [
                            -74.11347709681222,
                            46.6382444077673
                        ],
                        [
                            -74.11477889268453,
                            46.63827680838975
                        ],
                        [
                            -74.11567327108885,
                            46.63894729359691
                        ],
                        [
                            -74.11608289585045,
                            46.63981450925551
                        ],
                        [
                            -74.11637649722842,
                            46.63999435336327
                        ],
                        [
                            -74.1167356844373,
                            46.63970062321143
                        ],
                        [
                            -74.11749777061834,
                            46.64008647827687
                        ],
                        [
                            -74.1209570306385,
                            46.640926544901134
                        ],
                        [
                            -74.12218944319073,
                            46.6417905828321
                        ],
                        [
                            -74.12238283501648,
                            46.64104466980936
                        ],
                        [
                            -74.12251883042,
                            46.64100104531646
                        ],
                        [
                            -74.1232550832511,
                            46.641642316780306
                        ],
                        [
                            -74.12298113053203,
                            46.64226821429945
                        ],
                        [
                            -74.12332190993297,
                            46.642451473273574
                        ],
                        [
                            -74.1239489310406,
                            46.641590645218386
                        ],
                        [
                            -74.12463301185772,
                            46.642214877946095
                        ],
                        [
                            -74.12457205358979,
                            46.642590730864896
                        ],
                        [
                            -74.12509139972202,
                            46.6428626782675
                        ],
                        [
                            -74.12541629342894,
                            46.64289045423411
                        ],
                        [
                            -74.12488277827735,
                            46.6425838672219
                        ],
                        [
                            -74.12512816937193,
                            46.64231108112985
                        ],
                        [
                            -74.12692384771087,
                            46.64310508531415
                        ],
                        [
                            -74.12915173149968,
                            46.64336584475886
                        ],
                        [
                            -74.12919175744209,
                            46.6436987337752
                        ],
                        [
                            -74.13026360023596,
                            46.64401680790381
                        ],
                        [
                            -74.13133843130682,
                            46.64504964305522
                        ],
                        [
                            -74.13188992938326,
                            46.644403644885344
                        ],
                        [
                            -74.13245716286934,
                            46.64469434035975
                        ],
                        [
                            -74.13302853008535,
                            46.644553395642156
                        ],
                        [
                            -74.13309478825907,
                            46.644051458248626
                        ],
                        [
                            -74.13264444222739,
                            46.64349387280688
                        ],
                        [
                            -74.13290616209072,
                            46.64296798537909
                        ],
                        [
                            -74.13624865536791,
                            46.64160165618999
                        ],
                        [
                            -74.13667969123708,
                            46.64074342523862
                        ],
                        [
                            -74.13727686375806,
                            46.64070337520266
                        ],
                        [
                            -74.13789150942252,
                            46.640296463009726
                        ],
                        [
                            -74.13811298879438,
                            46.640724591142025
                        ],
                        [
                            -74.13790159167924,
                            46.64106616681905
                        ],
                        [
                            -74.1382353519305,
                            46.64128243081408
                        ],
                        [
                            -74.1382310830468,
                            46.641962368238254
                        ],
                        [
                            -74.13743201955613,
                            46.64256405980395
                        ],
                        [
                            -74.13724088540373,
                            46.643358267879634
                        ],
                        [
                            -74.13672447641008,
                            46.64398019030245
                        ],
                        [
                            -74.13547267357673,
                            46.644515719496084
                        ],
                        [
                            -74.13524055028883,
                            46.64544663481197
                        ],
                        [
                            -74.13584154015173,
                            46.64571818762534
                        ],
                        [
                            -74.13738368691382,
                            46.645417622901014
                        ],
                        [
                            -74.13751956388514,
                            46.64587977385501
                        ],
                        [
                            -74.13779785987022,
                            46.64526258523368
                        ],
                        [
                            -74.13838430189959,
                            46.64525210750691
                        ],
                        [
                            -74.13836935913697,
                            46.645940853407424
                        ],
                        [
                            -74.13794760414379,
                            46.64638629891445
                        ],
                        [
                            -74.13725507050304,
                            46.64660590224088
                        ],
                        [
                            -74.13654459205065,
                            46.646478117645096
                        ],
                        [
                            -74.13650599609984,
                            46.64660097010014
                        ],
                        [
                            -74.13715519677953,
                            46.64705373298434
                        ],
                        [
                            -74.1385729231965,
                            46.64670582540453
                        ],
                        [
                            -74.13929729161788,
                            46.64750161656617
                        ],
                        [
                            -74.13926601172133,
                            46.647929810719425
                        ],
                        [
                            -74.13986718564324,
                            46.64817502128099
                        ],
                        [
                            -74.14023220665624,
                            46.648011962903
                        ],
                        [
                            -74.14034415678464,
                            46.6473271853527
                        ],
                        [
                            -74.14114807639803,
                            46.647322901216604
                        ],
                        [
                            -74.14111300087451,
                            46.6468284302695
                        ],
                        [
                            -74.14141260377775,
                            46.646544496250606
                        ],
                        [
                            -74.14055264336905,
                            46.64569720528854
                        ],
                        [
                            -74.13971027832754,
                            46.64395007322784
                        ],
                        [
                            -74.13914227739413,
                            46.64342356773009
                        ],
                        [
                            -74.13914770872924,
                            46.64295202962552
                        ],
                        [
                            -74.13944908108512,
                            46.64273397121775
                        ],
                        [
                            -74.13903990932248,
                            46.64223715428235
                        ],
                        [
                            -74.13911506106592,
                            46.64183077708614
                        ],
                        [
                            -74.13988435195962,
                            46.64112516270416
                        ],
                        [
                            -74.1421341162663,
                            46.6405205249918
                        ],
                        [
                            -74.14230941494175,
                            46.64068601230131
                        ],
                        [
                            -74.14207065205524,
                            46.64113543791423
                        ],
                        [
                            -74.14222257857111,
                            46.64131524920019
                        ],
                        [
                            -74.14313721039323,
                            46.64143156356222
                        ],
                        [
                            -74.14495619975767,
                            46.64247528476481
                        ],
                        [
                            -74.14529027372213,
                            46.64376896249475
                        ],
                        [
                            -74.14631987051933,
                            46.64451765797354
                        ],
                        [
                            -74.14624881265404,
                            46.644811730305854
                        ],
                        [
                            -74.1469367322478,
                            46.64475784488084
                        ],
                        [
                            -74.14742687155169,
                            46.64515335914048
                        ],
                        [
                            -74.1475316247204,
                            46.64589207180293
                        ],
                        [
                            -74.14723987613974,
                            46.646182060919614
                        ],
                        [
                            -74.14764542630665,
                            46.646906671751665
                        ],
                        [
                            -74.14743224325652,
                            46.64715263438429
                        ],
                        [
                            -74.1467841453756,
                            46.64699274771227
                        ],
                        [
                            -74.1464702317649,
                            46.64728123511978
                        ],
                        [
                            -74.14637938346227,
                            46.64797379030071
                        ],
                        [
                            -74.14531573894813,
                            46.64851396506447
                        ],
                        [
                            -74.14575233099762,
                            46.649095712306945
                        ],
                        [
                            -74.14551606658534,
                            46.65000599529911
                        ],
                        [
                            -74.14659138732468,
                            46.65028909361514
                        ],
                        [
                            -74.14686640384822,
                            46.65130026558449
                        ],
                        [
                            -74.14686509932622,
                            46.6517296668912
                        ],
                        [
                            -74.14643742910943,
                            46.65211235820594
                        ],
                        [
                            -74.14608083424191,
                            46.65177768893865
                        ],
                        [
                            -74.14569129330711,
                            46.651909761343695
                        ],
                        [
                            -74.14560083705537,
                            46.65235045189246
                        ],
                        [
                            -74.14602772979175,
                            46.652536578331876
                        ],
                        [
                            -74.14604180956397,
                            46.6529426919176
                        ],
                        [
                            -74.14551507993637,
                            46.653834697151396
                        ],
                        [
                            -74.14574133875118,
                            46.65401451117561
                        ],
                        [
                            -74.14562208643349,
                            46.65498902633315
                        ],
                        [
                            -74.14503232544436,
                            46.65488416403148
                        ],
                        [
                            -74.14479092259893,
                            46.655185020516576
                        ],
                        [
                            -74.14439314900557,
                            46.65512067575652
                        ],
                        [
                            -74.14385318260504,
                            46.65401988898736
                        ],
                        [
                            -74.1437108895717,
                            46.65424665065452
                        ],
                        [
                            -74.14400811559226,
                            46.65530609862986
                        ],
                        [
                            -74.14268817350352,
                            46.65502747963481
                        ],
                        [
                            -74.14168844813634,
                            46.65518920946442
                        ],
                        [
                            -74.14103991684199,
                            46.65597529919895
                        ],
                        [
                            -74.14049251734643,
                            46.656047547322274
                        ],
                        [
                            -74.14049831195389,
                            46.6562878418095
                        ],
                        [
                            -74.14129109180335,
                            46.65626092427937
                        ],
                        [
                            -74.14224253318912,
                            46.65665526296954
                        ],
                        [
                            -74.1435028689853,
                            46.65618192061446
                        ],
                        [
                            -74.14374877020889,
                            46.65572452526632
                        ],
                        [
                            -74.14424284111166,
                            46.65557874527645
                        ],
                        [
                            -74.14473058031928,
                            46.65668020431358
                        ],
                        [
                            -74.14567791213067,
                            46.6574666934107
                        ],
                        [
                            -74.1462134341653,
                            46.65758394212054
                        ],
                        [
                            -74.14678743386118,
                            46.65729692641708
                        ],
                        [
                            -74.14864797582703,
                            46.65889217852991
                        ],
                        [
                            -74.14937643487356,
                            46.65875869605656
                        ],
                        [
                            -74.15022049107881,
                            46.65828288062123
                        ],
                        [
                            -74.15161751783145,
                            46.65879690918433
                        ],
                        [
                            -74.15156952705334,
                            46.659141426675205
                        ],
                        [
                            -74.15170880320214,
                            46.65917946994282
                        ],
                        [
                            -74.15324631518158,
                            46.65899602821931
                        ],
                        [
                            -74.15382442618224,
                            46.65856632612944
                        ],
                        [
                            -74.15512316932657,
                            46.65814742402785
                        ],
                        [
                            -74.15614689892377,
                            46.658473495214686
                        ],
                        [
                            -74.1561629438883,
                            46.659247126288484
                        ],
                        [
                            -74.15315009820421,
                            46.660362458319845
                        ],
                        [
                            -74.15237635554088,
                            46.661741352903526
                        ],
                        [
                            -74.15251017741295,
                            46.66213331144274
                        ],
                        [
                            -74.15319278430796,
                            46.66192901600526
                        ],
                        [
                            -74.15292710846595,
                            46.66151121088837
                        ],
                        [
                            -74.15327713379179,
                            46.66115276305728
                        ],
                        [
                            -74.15465533091259,
                            46.66124065013701
                        ],
                        [
                            -74.15573052904502,
                            46.660902758992215
                        ],
                        [
                            -74.1572372421375,
                            46.65867187322278
                        ],
                        [
                            -74.15658454392111,
                            46.65857757533684
                        ],
                        [
                            -74.15646780740437,
                            46.65825261503408
                        ],
                        [
                            -74.1560476228574,
                            46.65803950577519
                        ],
                        [
                            -74.15649099139206,
                            46.657595980679545
                        ],
                        [
                            -74.15777430844614,
                            46.65805322183821
                        ],
                        [
                            -74.1583563450665,
                            46.657781893040244
                        ],
                        [
                            -74.15954789895508,
                            46.65839439487829
                        ],
                        [
                            -74.1597832192779,
                            46.658822792263464
                        ],
                        [
                            -74.15957382612264,
                            46.65905938561482
                        ],
                        [
                            -74.16043513491125,
                            46.66039427613718
                        ],
                        [
                            -74.16016408429033,
                            46.661441702849615
                        ],
                        [
                            -74.16174837225559,
                            46.66109948112783
                        ],
                        [
                            -74.1624279871913,
                            46.6616080301211
                        ],
                        [
                            -74.16229742444882,
                            46.66202489879279
                        ],
                        [
                            -74.16165911415801,
                            46.66213618046263
                        ],
                        [
                            -74.16176297356529,
                            46.66234747316239
                        ],
                        [
                            -74.16234500472663,
                            46.66244579364731
                        ],
                        [
                            -74.16234714554622,
                            46.66277500473318
                        ],
                        [
                            -74.16114443955186,
                            46.66373235806299
                        ],
                        [
                            -74.16034579023368,
                            46.663901902950194
                        ],
                        [
                            -74.15879682966,
                            46.66353249799812
                        ],
                        [
                            -74.15817709482575,
                            46.664014960613265
                        ],
                        [
                            -74.15714351720776,
                            46.663794216193594
                        ],
                        [
                            -74.15630073583735,
                            46.66399215548705
                        ],
                        [
                            -74.15634595011679,
                            46.66490870486409
                        ],
                        [
                            -74.1555340904173,
                            46.66508967127695
                        ],
                        [
                            -74.15547499887694,
                            46.66565015578873
                        ],
                        [
                            -74.15583201188156,
                            46.66596662763975
                        ],
                        [
                            -74.15665872264815,
                            46.6658380135049
                        ],
                        [
                            -74.15754226602357,
                            46.665178223422735
                        ],
                        [
                            -74.15830710387944,
                            46.665515425010646
                        ],
                        [
                            -74.1574910145543,
                            46.66593811625702
                        ],
                        [
                            -74.15748229552216,
                            46.66621206506151
                        ],
                        [
                            -74.15835652450251,
                            46.66652191693415
                        ],
                        [
                            -74.15810851021902,
                            46.667169170733075
                        ],
                        [
                            -74.15845240202388,
                            46.667210037368605
                        ],
                        [
                            -74.15925959504098,
                            46.66682820968593
                        ],
                        [
                            -74.15909663924901,
                            46.66611721674049
                        ],
                        [
                            -74.15968534864592,
                            46.66598844907721
                        ],
                        [
                            -74.16117160672128,
                            46.66649622486601
                        ],
                        [
                            -74.16151154853894,
                            46.6675951080696
                        ],
                        [
                            -74.16029081726593,
                            46.670643090112485
                        ],
                        [
                            -74.1592000857131,
                            46.67062696580751
                        ],
                        [
                            -74.15794105254221,
                            46.67135324973343
                        ],
                        [
                            -74.15725874999696,
                            46.672044859477786
                        ],
                        [
                            -74.1551122225872,
                            46.67274618602629
                        ],
                        [
                            -74.15503553608468,
                            46.67340376783719
                        ],
                        [
                            -74.1543271643075,
                            46.674228344166444
                        ],
                        [
                            -74.15510950961287,
                            46.673912249338336
                        ],
                        [
                            -74.15722107126139,
                            46.673857320441
                        ],
                        [
                            -74.15758609947947,
                            46.67272097916335
                        ],
                        [
                            -74.15815530750977,
                            46.67242049282096
                        ],
                        [
                            -74.15912385719089,
                            46.673016577206866
                        ],
                        [
                            -74.15917650707344,
                            46.673378453601345
                        ],
                        [
                            -74.15853761667033,
                            46.67423174162753
                        ],
                        [
                            -74.15788436348456,
                            46.6765209830561
                        ],
                        [
                            -74.1571739476579,
                            46.677241621587115
                        ],
                        [
                            -74.15675437252168,
                            46.678282104941935
                        ],
                        [
                            -74.15601762512672,
                            46.67914416820386
                        ],
                        [
                            -74.15592780094842,
                            46.68003080112634
                        ],
                        [
                            -74.15531938835676,
                            46.68055810178122
                        ],
                        [
                            -74.15439792350713,
                            46.680044288825364
                        ],
                        [
                            -74.15345188825617,
                            46.67984710395895
                        ],
                        [
                            -74.15304659740305,
                            46.677511776783405
                        ],
                        [
                            -74.15394037127616,
                            46.677309888181256
                        ],
                        [
                            -74.15400842698578,
                            46.67696288544224
                        ],
                        [
                            -74.1528287423615,
                            46.67685645176068
                        ],
                        [
                            -74.15131473811682,
                            46.67742726260801
                        ],
                        [
                            -74.15161085430465,
                            46.67764069228307
                        ],
                        [
                            -74.15127339928674,
                            46.67862997266384
                        ],
                        [
                            -74.15183491751348,
                            46.67923863013554
                        ],
                        [
                            -74.15176563940803,
                            46.67970711320344
                        ],
                        [
                            -74.15232326178624,
                            46.681844592516406
                        ],
                        [
                            -74.15143503963426,
                            46.68261316999037
                        ],
                        [
                            -74.15256633515367,
                            46.6828832943511
                        ],
                        [
                            -74.15292910088712,
                            46.683334270390105
                        ],
                        [
                            -74.1532279798115,
                            46.68448674261479
                        ],
                        [
                            -74.15424987568142,
                            46.68545240024334
                        ],
                        [
                            -74.15517160529942,
                            46.68533322351291
                        ],
                        [
                            -74.15537259558837,
                            46.68566967228438
                        ],
                        [
                            -74.15465211392845,
                            46.68611711296033
                        ],
                        [
                            -74.15421676021144,
                            46.687544567038245
                        ],
                        [
                            -74.15340449494265,
                            46.688426249592716
                        ],
                        [
                            -74.15374138694717,
                            46.68997140846481
                        ],
                        [
                            -74.15351674626284,
                            46.69042019025057
                        ],
                        [
                            -74.15286134870786,
                            46.690782234851454
                        ],
                        [
                            -74.15292459072951,
                            46.692067206735985
                        ],
                        [
                            -74.1523175424022,
                            46.69263868312736
                        ],
                        [
                            -74.15209444677342,
                            46.69344112582524
                        ],
                        [
                            -74.15156470831107,
                            46.69384187680948
                        ],
                        [
                            -74.15160249894437,
                            46.694882205203214
                        ],
                        [
                            -74.15115415892505,
                            46.695268319989495
                        ],
                        [
                            -74.14993995754915,
                            46.69559263397404
                        ],
                        [
                            -74.14948743238365,
                            46.69510917464151
                        ],
                        [
                            -74.14930994265379,
                            46.69513827057283
                        ],
                        [
                            -74.14962858735021,
                            46.695434392114905
                        ],
                        [
                            -74.14934320141028,
                            46.69613230494148
                        ],
                        [
                            -74.1483494109016,
                            46.69684090011748
                        ],
                        [
                            -74.14839484886696,
                            46.69718025942033
                        ],
                        [
                            -74.14772726101121,
                            46.69742593375083
                        ],
                        [
                            -74.14754014858687,
                            46.6982788025432
                        ],
                        [
                            -74.1478368094956,
                            46.70026384436612
                        ],
                        [
                            -74.14823609562272,
                            46.700548491728824
                        ],
                        [
                            -74.14789857860993,
                            46.700740921799024
                        ],
                        [
                            -74.14788740934452,
                            46.70184370813558
                        ],
                        [
                            -74.14755656108592,
                            46.702301227442256
                        ],
                        [
                            -74.14772018710899,
                            46.70312516766739
                        ],
                        [
                            -74.14648847819566,
                            46.70378103863598
                        ],
                        [
                            -74.14572591964857,
                            46.70374636406955
                        ],
                        [
                            -74.14496627856488,
                            46.70405980273539
                        ],
                        [
                            -74.14463946024922,
                            46.7038845927728
                        ],
                        [
                            -74.14492836065007,
                            46.70357879750769
                        ],
                        [
                            -74.14480716222421,
                            46.702992093395416
                        ],
                        [
                            -74.14497217860146,
                            46.70252656886636
                        ],
                        [
                            -74.14402026902697,
                            46.703245475970014
                        ],
                        [
                            -74.14351491930086,
                            46.70330342203512
                        ],
                        [
                            -74.14356141344601,
                            46.703885088661096
                        ],
                        [
                            -74.14450411247542,
                            46.7041250756987
                        ],
                        [
                            -74.14411046783499,
                            46.70516019034841
                        ],
                        [
                            -74.14257588198176,
                            46.705786236528574
                        ],
                        [
                            -74.14220351827107,
                            46.706131471760415
                        ],
                        [
                            -74.14241996957297,
                            46.706392888911836
                        ],
                        [
                            -74.14120696598236,
                            46.707052857521276
                        ],
                        [
                            -74.14098238245714,
                            46.70743279934621
                        ],
                        [
                            -74.13912982654675,
                            46.7081824742613
                        ],
                        [
                            -74.13706587193631,
                            46.709760120857034
                        ],
                        [
                            -74.13616786501822,
                            46.70915226696153
                        ],
                        [
                            -74.13585042397587,
                            46.7082995719354
                        ],
                        [
                            -74.13593015764343,
                            46.70763559373057
                        ]
                    ],
                    [
                        [
                            -74.14473695611481,
                            46.6952755642597
                        ],
                        [
                            -74.14474726603868,
                            46.6946928762775
                        ],
                        [
                            -74.14522261966364,
                            46.693508024001744
                        ],
                        [
                            -74.1461554183929,
                            46.6919013580418
                        ],
                        [
                            -74.1478431068284,
                            46.690776162494885
                        ],
                        [
                            -74.14913654522785,
                            46.69065705558603
                        ],
                        [
                            -74.14911874179299,
                            46.69004355239089
                        ],
                        [
                            -74.14681147659773,
                            46.690428313881526
                        ],
                        [
                            -74.14661399374009,
                            46.69124910480319
                        ],
                        [
                            -74.14542609251808,
                            46.692383032211296
                        ],
                        [
                            -74.14483334662033,
                            46.693963126156355
                        ],
                        [
                            -74.14347257718005,
                            46.69448986977151
                        ],
                        [
                            -74.14453515922736,
                            46.69454710900371
                        ],
                        [
                            -74.1445053150352,
                            46.69530163445847
                        ],
                        [
                            -74.14473695611481,
                            46.6952755642597
                        ]
                    ],
                    [
                        [
                            -74.1431446257692,
                            46.65279567539522
                        ],
                        [
                            -74.14238934659019,
                            46.65176038019139
                        ],
                        [
                            -74.14010566169154,
                            46.65074347554717
                        ],
                        [
                            -74.13911093197184,
                            46.65124006017037
                        ],
                        [
                            -74.13823297558078,
                            46.6507514900382
                        ],
                        [
                            -74.13791354604652,
                            46.64984897561185
                        ],
                        [
                            -74.13858738343684,
                            46.64913482137174
                        ],
                        [
                            -74.13772649840107,
                            46.64860115375854
                        ],
                        [
                            -74.13835120417079,
                            46.64819552228574
                        ],
                        [
                            -74.13799058559326,
                            46.6475047550065
                        ],
                        [
                            -74.13578592283086,
                            46.6478861907917
                        ],
                        [
                            -74.13422819975904,
                            46.647269425946256
                        ],
                        [
                            -74.13297394580732,
                            46.647263421013804
                        ],
                        [
                            -74.13232884132451,
                            46.646771705277665
                        ],
                        [
                            -74.13251825011852,
                            46.64654046386871
                        ],
                        [
                            -74.13137962856518,
                            46.64663663933093
                        ],
                        [
                            -74.13034982242826,
                            46.6458179845183
                        ],
                        [
                            -74.13067909841064,
                            46.646492671973775
                        ],
                        [
                            -74.13122029073055,
                            46.64681311658118
                        ],
                        [
                            -74.1311211744063,
                            46.647160687400245
                        ],
                        [
                            -74.13166100569126,
                            46.64709478478329
                        ],
                        [
                            -74.13189958538402,
                            46.64769546013505
                        ],
                        [
                            -74.13253806219316,
                            46.647934783621864
                        ],
                        [
                            -74.13214083505989,
                            46.64755397348712
                        ],
                        [
                            -74.13245876948314,
                            46.647135280797535
                        ],
                        [
                            -74.13482377608004,
                            46.64784645810035
                        ],
                        [
                            -74.13557692895357,
                            46.6487818121049
                        ],
                        [
                            -74.13536899261489,
                            46.649246847956874
                        ],
                        [
                            -74.13560172822073,
                            46.64982716475374
                        ],
                        [
                            -74.13540653619472,
                            46.650158338428085
                        ],
                        [
                            -74.1351011969959,
                            46.64997843386497
                        ],
                        [
                            -74.1354097175266,
                            46.65038387695669
                        ],
                        [
                            -74.13522165900329,
                            46.65110819517549
                        ],
                        [
                            -74.13539082962822,
                            46.65129598684694
                        ],
                        [
                            -74.1364509311656,
                            46.650735924197754
                        ],
                        [
                            -74.13680554522017,
                            46.65117350669432
                        ],
                        [
                            -74.13716711228655,
                            46.651264728956
                        ],
                        [
                            -74.13722573557916,
                            46.65074197847449
                        ],
                        [
                            -74.13750348962786,
                            46.65070602293109
                        ],
                        [
                            -74.13790153552199,
                            46.651473258235484
                        ],
                        [
                            -74.13875024102735,
                            46.6512708934416
                        ],
                        [
                            -74.14083965492173,
                            46.652436345625915
                        ],
                        [
                            -74.14152221735921,
                            46.65222084930829
                        ],
                        [
                            -74.14236178972858,
                            46.652295922848495
                        ],
                        [
                            -74.1431446257692,
                            46.65279567539522
                        ]
                    ]
                ]
            }
        },
        {
            "type": "Feature",
            "properties": {
                "Hylak_id": 107056.0,
                "Lake_name": null,
                "Country": "Canada",
                "Continent": "North America",
                "Poly_src": "CanVec",
                "Lake_type": 1.0,
                "Grand_id": 0.0,
                "Lake_area": 2.1,
                "Shore_len": 11.3,
                "Shore_dev": 2.2,
                "Vol_total": 20.09,
                "Vol_res": 0.0,
                "Vol_src": 3.0,
                "Depth_avg": 9.6,
                "Dis_avg": 0.253,
                "Res_time": 919.2,
                "Elevation": 435.0,
                "Slope_100": 5.46,
                "Wshd_area": 15.6,
                "Pour_long": -73.935336,
                "Pour_lat": 46.59839,
                "Shape_Le_1": 0.126740901207,
                "Shape_Le_2": 0.126740901207,
                "SDA_NM": "02N",
                "SSDA_NM": "02_02"
            },
            "geometry": {
                "type": "Polygon",
                "coordinates": [
                    [
                        [
                            -73.90849631733795,
                            46.6090167907087
                        ],
                        [
                            -73.90839196938373,
                            46.6084969303575
                        ],
                        [
                            -73.90882129230778,
                            46.608139023093756
                        ],
                        [
                            -73.90969006771707,
                            46.60808822281659
                        ],
                        [
                            -73.91077906873895,
                            46.60863542781826
                        ],
                        [
                            -73.9115597035324,
                            46.60866988266172
                        ],
                        [
                            -73.91253993733605,
                            46.6084326812821
                        ],
                        [
                            -73.91264124182705,
                            46.60825052752177
                        ],
                        [
                            -73.91174617788585,
                            46.607179118215456
                        ],
                        [
                            -73.90775323922485,
                            46.60571685925266
                        ],
                        [
                            -73.90697812733903,
                            46.60437590662929
                        ],
                        [
                            -73.90699178497552,
                            46.603311075989275
                        ],
                        [
                            -73.90653351251096,
                            46.603107278040056
                        ],
                        [
                            -73.9076376506317,
                            46.602313391819294
                        ],
                        [
                            -73.91050755859133,
                            46.602308926774946
                        ],
                        [
                            -73.9132802397139,
                            46.601486794631626
                        ],
                        [
                            -73.91393334836744,
                            46.60061209274277
                        ],
                        [
                            -73.91463466671948,
                            46.60015826291711
                        ],
                        [
                            -73.91534771165267,
                            46.598791532509296
                        ],
                        [
                            -73.91809674499676,
                            46.596388883057344
                        ],
                        [
                            -73.91824834452805,
                            46.59486567570523
                        ],
                        [
                            -73.9186471903717,
                            46.59384889734163
                        ],
                        [
                            -73.91842496061139,
                            46.59296049084678
                        ],
                        [
                            -73.91867169712418,
                            46.591908129668965
                        ],
                        [
                            -73.9199995768021,
                            46.589962857350166
                        ],
                        [
                            -73.92071630031505,
                            46.58944976215572
                        ],
                        [
                            -73.92187342470805,
                            46.58941804805897
                        ],
                        [
                            -73.9226818319479,
                            46.58970088411345
                        ],
                        [
                            -73.92367778185069,
                            46.59209786870383
                        ],
                        [
                            -73.92569723269438,
                            46.59316207879976
                        ],
                        [
                            -73.9256366338329,
                            46.59405250450046
                        ],
                        [
                            -73.92427602156818,
                            46.59511607104948
                        ],
                        [
                            -73.92418956550769,
                            46.595432816852714
                        ],
                        [
                            -73.92542383796557,
                            46.5966669784204
                        ],
                        [
                            -73.92582178450847,
                            46.598052763960254
                        ],
                        [
                            -73.92689884314102,
                            46.59866055621393
                        ],
                        [
                            -73.92710445715937,
                            46.59859582195138
                        ],
                        [
                            -73.92704523808308,
                            46.59812937457679
                        ],
                        [
                            -73.92732944576194,
                            46.597863757843875
                        ],
                        [
                            -73.92913543042799,
                            46.59750092291175
                        ],
                        [
                            -73.93176638370669,
                            46.597760101233035
                        ],
                        [
                            -73.93298910010593,
                            46.59715458002655
                        ],
                        [
                            -73.93417368062305,
                            46.59747544812287
                        ],
                        [
                            -73.9355287223925,
                            46.59733560618478
                        ],
                        [
                            -73.93666606716819,
                            46.59659894525811
                        ],
                        [
                            -73.93843690813338,
                            46.59622651276156
                        ],
                        [
                            -73.93998955768943,
                            46.59556469270125
                        ],
                        [
                            -73.94043027253984,
                            46.59575062984142
                        ],
                        [
                            -73.93884448769838,
                            46.596661684944294
                        ],
                        [
                            -73.9380384216035,
                            46.59806379531236
                        ],
                        [
                            -73.93829369922632,
                            46.59999834639087
                        ],
                        [
                            -73.94007271438542,
                            46.60045742324416
                        ],
                        [
                            -73.94018044650133,
                            46.60143690429698
                        ],
                        [
                            -73.93957668997679,
                            46.60150950417716
                        ],
                        [
                            -73.93938350981152,
                            46.60191759176438
                        ],
                        [
                            -73.93857257500488,
                            46.60172353182601
                        ],
                        [
                            -73.93714046470679,
                            46.602286130039865
                        ],
                        [
                            -73.93672224840586,
                            46.602788698843455
                        ],
                        [
                            -73.93457767628989,
                            46.603934821323605
                        ],
                        [
                            -73.93109544234252,
                            46.60389907223111
                        ],
                        [
                            -73.92879739732982,
                            46.60443298020905
                        ],
                        [
                            -73.9277224600201,
                            46.6043214391379
                        ],
                        [
                            -73.92521317137226,
                            46.60325944210105
                        ],
                        [
                            -73.92111782654317,
                            46.603520369132696
                        ],
                        [
                            -73.91938933348176,
                            46.60475464310929
                        ],
                        [
                            -73.91890275557154,
                            46.60535137515268
                        ],
                        [
                            -73.91792521205706,
                            46.605339573464775
                        ],
                        [
                            -73.9176005717062,
                            46.605583357959105
                        ],
                        [
                            -73.91715487957876,
                            46.606742047186806
                        ],
                        [
                            -73.91745099271802,
                            46.60763115419544
                        ],
                        [
                            -73.91640365933299,
                            46.609261276137524
                        ],
                        [
                            -73.91408623044298,
                            46.609103334912625
                        ],
                        [
                            -73.91293768660606,
                            46.60874061213069
                        ],
                        [
                            -73.91142619244623,
                            46.60927461582348
                        ],
                        [
                            -73.91207558116348,
                            46.610099058156315
                        ],
                        [
                            -73.91356821146063,
                            46.611255053275315
                        ],
                        [
                            -73.91492026017391,
                            46.611898283845285
                        ],
                        [
                            -73.91487637003112,
                            46.612011160853605
                        ],
                        [
                            -73.91063328348334,
                            46.610675231312754
                        ],
                        [
                            -73.9093234340174,
                            46.60996115900652
                        ],
                        [
                            -73.90849631733795,
                            46.6090167907087
                        ]
                    ],
                    [
                        [
                            -73.93764745414973,
                            46.598963028664166
                        ],
                        [
                            -73.93738193743273,
                            46.59869076484252
                        ],
                        [
                            -73.93568009741317,
                            46.59948663572446
                        ],
                        [
                            -73.93535128703276,
                            46.60083083372306
                        ],
                        [
                            -73.93558952473732,
                            46.601096363844384
                        ],
                        [
                            -73.9360191363682,
                            46.60106674519142
                        ],
                        [
                            -73.93724034286777,
                            46.60027335937391
                        ],
                        [
                            -73.9377454737162,
                            46.59975632680755
                        ],
                        [
                            -73.93764745414973,
                            46.598963028664166
                        ]
                    ]
                ]
            }
        },
        {
            "type": "Feature",
            "properties": {
                "Hylak_id": 106963.0,
                "Lake_name": null,
                "Country": "Canada",
                "Continent": "North America",
                "Poly_src": "CanVec",
                "Lake_type": 1.0,
                "Grand_id": 0.0,
                "Lake_area": 3.71,
                "Shore_len": 25.6,
                "Shore_dev": 3.75,
                "Vol_total": 20.11,
                "Vol_res": 0.0,
                "Vol_src": 3.0,
                "Depth_avg": 5.4,
                "Dis_avg": 0.827,
                "Res_time": 281.4,
                "Elevation": 462.0,
                "Slope_100": 2.29,
                "Wshd_area": 51.0,
                "Pour_long": -74.449893,
                "Pour_lat": 46.654428,
                "Shape_Le_1": 0.276870343064,
                "Shape_Le_2": 0.276870343064,
                "SDA_NM": "02N",
                "SSDA_NM": "02_02"
            },
            "geometry": {
                "type": "Polygon",
                "coordinates": [
                    [
                        [
                            -74.47394652832655,
                            46.664943586137575
                        ],
                        [
                            -74.47348405603276,
                            46.66482110265941
                        ],
                        [
                            -74.47183921462488,
                            46.665108491704736
                        ],
                        [
                            -74.47016440596838,
                            46.66388861210885
                        ],
                        [
                            -74.47061972206792,
                            46.663408425805535
                        ],
                        [
                            -74.4718279458069,
                            46.66333744354516
                        ],
                        [
                            -74.47252094115409,
                            46.66271460949148
                        ],
                        [
                            -74.47347434225786,
                            46.662544785814966
                        ],
                        [
                            -74.47445691422328,
                            46.66194709181936
                        ],
                        [
                            -74.47346037515968,
                            46.66178633442913
                        ],
                        [
                            -74.47226984687975,
                            46.662435638593664
                        ],
                        [
                            -74.46931778958958,
                            46.66299470352385
                        ],
                        [
                            -74.46799404377578,
                            46.662632516810184
                        ],
                        [
                            -74.46616226565791,
                            46.661575625840044
                        ],
                        [
                            -74.4656048585861,
                            46.659202572119966
                        ],
                        [
                            -74.46572788118188,
                            46.65829833147251
                        ],
                        [
                            -74.46614872993291,
                            46.657877437755765
                        ],
                        [
                            -74.46665974487274,
                            46.65619373031775
                        ],
                        [
                            -74.46578135890958,
                            46.65557721210496
                        ],
                        [
                            -74.46521538142055,
                            46.65571644481439
                        ],
                        [
                            -74.46468708346448,
                            46.656374840167565
                        ],
                        [
                            -74.46437271928127,
                            46.657392144686725
                        ],
                        [
                            -74.46254052608964,
                            46.65854642059354
                        ],
                        [
                            -74.46138178652572,
                            46.658545766127055
                        ],
                        [
                            -74.46041103277211,
                            46.658202308995826
                        ],
                        [
                            -74.46043874536367,
                            46.65788928525027
                        ],
                        [
                            -74.46107835049897,
                            46.657839191142294
                        ],
                        [
                            -74.46127637751495,
                            46.65759536193328
                        ],
                        [
                            -74.46119172838154,
                            46.65669528910262
                        ],
                        [
                            -74.46055783530684,
                            46.656131709430284
                        ],
                        [
                            -74.46056227556429,
                            46.654926890743305
                        ],
                        [
                            -74.45982826799774,
                            46.65482231430263
                        ],
                        [
                            -74.45922823083332,
                            46.65510736024655
                        ],
                        [
                            -74.45860158537933,
                            46.65491270952256
                        ],
                        [
                            -74.45857834246706,
                            46.6553998730486
                        ],
                        [
                            -74.45940912713709,
                            46.655893077081814
                        ],
                        [
                            -74.45893079247827,
                            46.657150806131234
                        ],
                        [
                            -74.45965668041183,
                            46.658378031212564
                        ],
                        [
                            -74.45984139634594,
                            46.65972751023692
                        ],
                        [
                            -74.45982814125489,
                            46.660052504674944
                        ],
                        [
                            -74.4594059672434,
                            46.66036962019122
                        ],
                        [
                            -74.45926323832575,
                            46.66106762050251
                        ],
                        [
                            -74.45938848794606,
                            46.66208085501657
                        ],
                        [
                            -74.45879776857701,
                            46.66219856178331
                        ],
                        [
                            -74.45601432370619,
                            46.66142286037685
                        ],
                        [
                            -74.45565317634097,
                            46.66109465530118
                        ],
                        [
                            -74.45536166749557,
                            46.659793318767214
                        ],
                        [
                            -74.45464392300862,
                            46.658983405072064
                        ],
                        [
                            -74.45462292485468,
                            46.65875755277278
                        ],
                        [
                            -74.45586724034217,
                            46.658717968949176
                        ],
                        [
                            -74.45672214892534,
                            46.65779160442056
                        ],
                        [
                            -74.45690671758105,
                            46.657277638602686
                        ],
                        [
                            -74.45667163491743,
                            46.65627158639445
                        ],
                        [
                            -74.45575555871451,
                            46.65567426781848
                        ],
                        [
                            -74.45595874001218,
                            46.65499404988197
                        ],
                        [
                            -74.4556169465877,
                            46.65448197002459
                        ],
                        [
                            -74.45458672014533,
                            46.653786686007585
                        ],
                        [
                            -74.4542835944683,
                            46.653922684687274
                        ],
                        [
                            -74.45408963098282,
                            46.65438646002741
                        ],
                        [
                            -74.45273632320988,
                            46.65473508477195
                        ],
                        [
                            -74.4523540241033,
                            46.655334622043355
                        ],
                        [
                            -74.4501768217193,
                            46.65542003874784
                        ],
                        [
                            -74.44963162283895,
                            46.654350073087784
                        ],
                        [
                            -74.44963958956247,
                            46.65386753068923
                        ],
                        [
                            -74.4499961876095,
                            46.653431286029445
                        ],
                        [
                            -74.44981032731728,
                            46.652765790808225
                        ],
                        [
                            -74.44872484346976,
                            46.65209850802222
                        ],
                        [
                            -74.44972669056533,
                            46.65178292387682
                        ],
                        [
                            -74.45071589417363,
                            46.65256838234327
                        ],
                        [
                            -74.45287129134522,
                            46.65261122419393
                        ],
                        [
                            -74.45388518619143,
                            46.653303781897556
                        ],
                        [
                            -74.45433294560267,
                            46.65322427900754
                        ],
                        [
                            -74.45533847731392,
                            46.65130842578884
                        ],
                        [
                            -74.45588782135358,
                            46.65097329398335
                        ],
                        [
                            -74.45709609615638,
                            46.65081652885738
                        ],
                        [
                            -74.45707607148303,
                            46.650671995995665
                        ],
                        [
                            -74.45608184422254,
                            46.650607921864605
                        ],
                        [
                            -74.45530277593006,
                            46.65016209067634
                        ],
                        [
                            -74.45549869767662,
                            46.64916803086696
                        ],
                        [
                            -74.45613752656624,
                            46.64876144735002
                        ],
                        [
                            -74.45701519490565,
                            46.64868792262992
                        ],
                        [
                            -74.45725536649594,
                            46.6482191898089
                        ],
                        [
                            -74.4572156005331,
                            46.64757212992878
                        ],
                        [
                            -74.45770287527213,
                            46.64705572189205
                        ],
                        [
                            -74.45740293781263,
                            46.64638997272498
                        ],
                        [
                            -74.45757757328377,
                            46.64556391820151
                        ],
                        [
                            -74.45822674900089,
                            46.64512336405707
                        ],
                        [
                            -74.45915012944593,
                            46.644933767993706
                        ],
                        [
                            -74.45774008825624,
                            46.6442923598729
                        ],
                        [
                            -74.45676817945765,
                            46.64300916808894
                        ],
                        [
                            -74.45582926648916,
                            46.6395039078237
                        ],
                        [
                            -74.45600009046616,
                            46.63899879624439
                        ],
                        [
                            -74.45491040191942,
                            46.638437726614036
                        ],
                        [
                            -74.4548901344825,
                            46.63807610726348
                        ],
                        [
                            -74.45411588738192,
                            46.63729676795854
                        ],
                        [
                            -74.45417203847491,
                            46.6369012460918
                        ],
                        [
                            -74.45365247049412,
                            46.637087101133794
                        ],
                        [
                            -74.45179269241652,
                            46.63522986671047
                        ],
                        [
                            -74.45175656294131,
                            46.63441757927113
                        ],
                        [
                            -74.45235447428756,
                            46.63450073826197
                        ],
                        [
                            -74.45290204840421,
                            46.63360259608468
                        ],
                        [
                            -74.45231866060908,
                            46.633108772674355
                        ],
                        [
                            -74.4529232107901,
                            46.63217475350808
                        ],
                        [
                            -74.45258202949582,
                            46.63168675509555
                        ],
                        [
                            -74.452568456657,
                            46.63118240179808
                        ],
                        [
                            -74.45150856236533,
                            46.63097182216664
                        ],
                        [
                            -74.45111310962037,
                            46.630632594042375
                        ],
                        [
                            -74.4509879825481,
                            46.63024767667771
                        ],
                        [
                            -74.45132366101106,
                            46.62994060115337
                        ],
                        [
                            -74.45089772273519,
                            46.629410745344835
                        ],
                        [
                            -74.4498213962274,
                            46.62990580446814
                        ],
                        [
                            -74.44884720623376,
                            46.62926519083783
                        ],
                        [
                            -74.4497601310025,
                            46.62907718083876
                        ],
                        [
                            -74.44985917059549,
                            46.62871069605298
                        ],
                        [
                            -74.4495337065042,
                            46.62839406280461
                        ],
                        [
                            -74.44874211801307,
                            46.628372825624766
                        ],
                        [
                            -74.44894073989983,
                            46.62786583587796
                        ],
                        [
                            -74.44829618795899,
                            46.62672407583649
                        ],
                        [
                            -74.44993514451373,
                            46.62588464635392
                        ],
                        [
                            -74.45154022298172,
                            46.62557089511751
                        ],
                        [
                            -74.45269094272578,
                            46.624879366754286
                        ],
                        [
                            -74.45525875741276,
                            46.62255470150426
                        ],
                        [
                            -74.45604561845397,
                            46.621416794385716
                        ],
                        [
                            -74.45650974849677,
                            46.62136014898581
                        ],
                        [
                            -74.456632118586,
                            46.620973224723926
                        ],
                        [
                            -74.45742553653253,
                            46.620632954758506
                        ],
                        [
                            -74.45820002220378,
                            46.619766124851054
                        ],
                        [
                            -74.45897676254882,
                            46.6194077869261
                        ],
                        [
                            -74.45890402043314,
                            46.61891941570811
                        ],
                        [
                            -74.45935325759426,
                            46.61873737946003
                        ],
                        [
                            -74.46298231323206,
                            46.61892674646153
                        ],
                        [
                            -74.4632140760835,
                            46.61909761184812
                        ],
                        [
                            -74.46313796331845,
                            46.619943308485944
                        ],
                        [
                            -74.46171469106123,
                            46.62111352505239
                        ],
                        [
                            -74.46072115761912,
                            46.62158963170333
                        ],
                        [
                            -74.45930777437694,
                            46.62295359989107
                        ],
                        [
                            -74.45751854308489,
                            46.62366244400829
                        ],
                        [
                            -74.45630020675453,
                            46.624875481278806
                        ],
                        [
                            -74.45535748928864,
                            46.62742970612837
                        ],
                        [
                            -74.45417219310286,
                            46.62823878403417
                        ],
                        [
                            -74.4538654731618,
                            46.628737206451405
                        ],
                        [
                            -74.45415912754171,
                            46.63086504705468
                        ],
                        [
                            -74.45489373373739,
                            46.63154953084227
                        ],
                        [
                            -74.45531118689152,
                            46.63363361855552
                        ],
                        [
                            -74.45662312069223,
                            46.63533459386185
                        ],
                        [
                            -74.45806701775076,
                            46.636896102770585
                        ],
                        [
                            -74.45995866860581,
                            46.637759025127295
                        ],
                        [
                            -74.46032811211374,
                            46.63823341339451
                        ],
                        [
                            -74.46009567205712,
                            46.6385846145981
                        ],
                        [
                            -74.46093659628121,
                            46.638930186370025
                        ],
                        [
                            -74.46128813178659,
                            46.63934579976005
                        ],
                        [
                            -74.46146731375983,
                            46.639292174712516
                        ],
                        [
                            -74.46147089360724,
                            46.63842989485642
                        ],
                        [
                            -74.46309023608805,
                            46.63734384563189
                        ],
                        [
                            -74.46362968811876,
                            46.63776439732346
                        ],
                        [
                            -74.46395323952038,
                            46.637485873776605
                        ],
                        [
                            -74.46410335984947,
                            46.63656877908672
                        ],
                        [
                            -74.46475303153437,
                            46.63618942482448
                        ],
                        [
                            -74.46596320664429,
                            46.63636266349451
                        ],
                        [
                            -74.46647673759074,
                            46.63688718774235
                        ],
                        [
                            -74.46881161380617,
                            46.637058126139664
                        ],
                        [
                            -74.46920038233272,
                            46.63755029328715
                        ],
                        [
                            -74.46888827355605,
                            46.63873872579756
                        ],
                        [
                            -74.47042307788938,
                            46.639181617176625
                        ],
                        [
                            -74.46924677153012,
                            46.64051206016376
                        ],
                        [
                            -74.46829839129872,
                            46.640890449068934
                        ],
                        [
                            -74.46834020155748,
                            46.641138528186
                        ],
                        [
                            -74.4693401676509,
                            46.64194785791193
                        ],
                        [
                            -74.46955251950266,
                            46.64254771187665
                        ],
                        [
                            -74.4694572686666,
                            46.6430380259585
                        ],
                        [
                            -74.46854487559763,
                            46.64377197528517
                        ],
                        [
                            -74.4675606683634,
                            46.64415805670119
                        ],
                        [
                            -74.46461679466955,
                            46.644561002910756
                        ],
                        [
                            -74.46403344277225,
                            46.644444458754144
                        ],
                        [
                            -74.46203516922579,
                            46.64322827860408
                        ],
                        [
                            -74.46093173135814,
                            46.64309897022613
                        ],
                        [
                            -74.46030770884337,
                            46.643302356938875
                        ],
                        [
                            -74.4609595107019,
                            46.6435949258194
                        ],
                        [
                            -74.462694619534,
                            46.643755325630565
                        ],
                        [
                            -74.46343771760907,
                            46.64453757982443
                        ],
                        [
                            -74.46360332061137,
                            46.64503882386415
                        ],
                        [
                            -74.46342207827372,
                            46.64582086152912
                        ],
                        [
                            -74.4626865228873,
                            46.646325158654605
                        ],
                        [
                            -74.46169206327812,
                            46.64658607979988
                        ],
                        [
                            -74.46139403374931,
                            46.64714846166296
                        ],
                        [
                            -74.46154669790653,
                            46.647348604783694
                        ],
                        [
                            -74.46183168176285,
                            46.64735092714324
                        ],
                        [
                            -74.46292331879052,
                            46.64671644988549
                        ],
                        [
                            -74.46355303913478,
                            46.64721265369109
                        ],
                        [
                            -74.463891701698,
                            46.64722001365196
                        ],
                        [
                            -74.46706347587786,
                            46.646348924060185
                        ],
                        [
                            -74.46838228739102,
                            46.646349824256596
                        ],
                        [
                            -74.46958868024025,
                            46.646995025606095
                        ],
                        [
                            -74.4718003240732,
                            46.64902848003353
                        ],
                        [
                            -74.47192903445963,
                            46.65011029911224
                        ],
                        [
                            -74.47235120705311,
                            46.65075049287887
                        ],
                        [
                            -74.47187919270537,
                            46.65181687280196
                        ],
                        [
                            -74.47187822950515,
                            46.65246912826921
                        ],
                        [
                            -74.47260216555452,
                            46.65364632334013
                        ],
                        [
                            -74.47359004002433,
                            46.653991373237595
                        ],
                        [
                            -74.47247811445514,
                            46.654906976220936
                        ],
                        [
                            -74.47110058105899,
                            46.65523073445174
                        ],
                        [
                            -74.47080281714719,
                            46.65562781241426
                        ],
                        [
                            -74.47143917570017,
                            46.65607698379582
                        ],
                        [
                            -74.47231087539863,
                            46.656127763742504
                        ],
                        [
                            -74.47360195428686,
                            46.65582147228032
                        ],
                        [
                            -74.47481551946233,
                            46.6551737941784
                        ],
                        [
                            -74.47563733439956,
                            46.65525707998875
                        ],
                        [
                            -74.47544383825424,
                            46.65587422866449
                        ],
                        [
                            -74.47600310840369,
                            46.65651071714509
                        ],
                        [
                            -74.4764994600454,
                            46.65791839429396
                        ],
                        [
                            -74.47673568181177,
                            46.65962658990214
                        ],
                        [
                            -74.47739141875884,
                            46.66085162209674
                        ],
                        [
                            -74.4783044377445,
                            46.66168197671424
                        ],
                        [
                            -74.47823870552978,
                            46.66200279110949
                        ],
                        [
                            -74.47750810095054,
                            46.66241102814259
                        ],
                        [
                            -74.47797541772377,
                            46.66270441766977
                        ],
                        [
                            -74.47812992045972,
                            46.6634718684154
                        ],
                        [
                            -74.47728810434778,
                            46.66379382238247
                        ],
                        [
                            -74.47780172042742,
                            46.664101617906304
                        ],
                        [
                            -74.47795098564563,
                            46.66503899133666
                        ],
                        [
                            -74.47827914435453,
                            46.66544307709472
                        ],
                        [
                            -74.47792517027223,
                            46.66619770978197
                        ],
                        [
                            -74.47796838440044,
                            46.6665083877125
                        ],
                        [
                            -74.47839194600184,
                            46.66681237720294
                        ],
                        [
                            -74.47821856237712,
                            46.66766066487605
                        ],
                        [
                            -74.47848065580438,
                            46.66828390624825
                        ],
                        [
                            -74.47719793268288,
                            46.66900631997929
                        ],
                        [
                            -74.47711449820984,
                            46.66926076088136
                        ],
                        [
                            -74.47551691289524,
                            46.66923293501767
                        ],
                        [
                            -74.47508022966981,
                            46.66899419892153
                        ],
                        [
                            -74.47514930252362,
                            46.66810602578491
                        ],
                        [
                            -74.4744192667593,
                            46.666844854519425
                        ],
                        [
                            -74.47394652832655,
                            46.664943586137575
                        ]
                    ],
                    [
                        [
                            -74.46915604188413,
                            46.656667107572815
                        ],
                        [
                            -74.4691727807233,
                            46.65578276852561
                        ],
                        [
                            -74.46816996547558,
                            46.65550071226563
                        ],
                        [
                            -74.46800805956586,
                            46.65555279531549
                        ],
                        [
                            -74.4683284063748,
                            46.65579561675704
                        ],
                        [
                            -74.46835338841287,
                            46.65623562608679
                        ],
                        [
                            -74.46690487668648,
                            46.656997692092474
                        ],
                        [
                            -74.46690753232542,
                            46.657343102099226
                        ],
                        [
                            -74.46762801871614,
                            46.65739038530478
                        ],
                        [
                            -74.46796573132143,
                            46.65819398110478
                        ],
                        [
                            -74.46839073906239,
                            46.65840747977661
                        ],
                        [
                            -74.46842640565139,
                            46.65913786572523
                        ],
                        [
                            -74.46855897616317,
                            46.6592331712401
                        ],
                        [
                            -74.46880634836081,
                            46.659214893162186
                        ],
                        [
                            -74.46950714540264,
                            46.65852601043044
                        ],
                        [
                            -74.47021174211545,
                            46.6583500469027
                        ],
                        [
                            -74.46915604188413,
                            46.656667107572815
                        ]
                    ],
                    [
                        [
                            -74.46443210759992,
                            46.64959215997208
                        ],
                        [
                            -74.46416901227936,
                            46.64914817145782
                        ],
                        [
                            -74.46315345551075,
                            46.64925349964799
                        ],
                        [
                            -74.46264466909714,
                            46.64876926779227
                        ],
                        [
                            -74.46248881641972,
                            46.6481307008217
                        ],
                        [
                            -74.46221642396183,
                            46.6480129563429
                        ],
                        [
                            -74.46077700657588,
                            46.64889498200124
                        ],
                        [
                            -74.46056882243634,
                            46.649373335048644
                        ],
                        [
                            -74.46136099808493,
                            46.64985793673319
                        ],
                        [
                            -74.46358251586143,
                            46.650023584660104
                        ],
                        [
                            -74.46443210759992,
                            46.64959215997208
                        ]
                    ]
                ]
            }
        },
        {
            "type": "Feature",
            "properties": {
                "Hylak_id": 107128.0,
                "Lake_name": null,
                "Country": "Canada",
                "Continent": "North America",
                "Poly_src": "CanVec",
                "Lake_type": 1.0,
                "Grand_id": 0.0,
                "Lake_area": 8.7,
                "Shore_len": 31.55,
                "Shore_dev": 3.02,
                "Vol_total": 112.69,
                "Vol_res": 0.0,
                "Vol_src": 3.0,
                "Depth_avg": 13.0,
                "Dis_avg": 2.112,
                "Res_time": 617.5,
                "Elevation": 414.0,
                "Slope_100": 4.74,
                "Wshd_area": 125.8,
                "Pour_long": -74.214123,
                "Pour_lat": 46.547272,
                "Shape_Le_1": 0.350184885691,
                "Shape_Le_2": 0.350184885691,
                "SDA_NM": "02N",
                "SSDA_NM": "02_02"
            },
            "geometry": {
                "type": "Polygon",
                "coordinates": [
                    [
                        [
                            -74.19803583761521,
                            46.550445211667686
                        ],
                        [
                            -74.1958497517681,
                            46.54932247884351
                        ],
                        [
                            -74.19476014140751,
                            46.54943465893565
                        ],
                        [
                            -74.19463093778215,
                            46.54877031618704
                        ],
                        [
                            -74.19609808036276,
                            46.54781445788111
                        ],
                        [
                            -74.19601872871375,
                            46.547142275777105
                        ],
                        [
                            -74.19656250700238,
                            46.5466351796085
                        ],
                        [
                            -74.1966342300521,
                            46.546145893268516
                        ],
                        [
                            -74.20010770280919,
                            46.543510659540374
                        ],
                        [
                            -74.20145013704273,
                            46.54131159265792
                        ],
                        [
                            -74.20214682215003,
                            46.54113125023203
                        ],
                        [
                            -74.20252235492178,
                            46.5403179567069
                        ],
                        [
                            -74.20351672029294,
                            46.53981947821781
                        ],
                        [
                            -74.20354409509429,
                            46.53944878428216
                        ],
                        [
                            -74.20476603762859,
                            46.53918072569598
                        ],
                        [
                            -74.2045634593787,
                            46.53832243701582
                        ],
                        [
                            -74.20341088530553,
                            46.53802997735025
                        ],
                        [
                            -74.20220616009586,
                            46.53687012734486
                        ],
                        [
                            -74.20215095769734,
                            46.53605255090388
                        ],
                        [
                            -74.20185056751792,
                            46.53560535216531
                        ],
                        [
                            -74.20071776095013,
                            46.534716867108884
                        ],
                        [
                            -74.20091223174451,
                            46.53411484828433
                        ],
                        [
                            -74.20070581727657,
                            46.53369559729074
                        ],
                        [
                            -74.19952329869548,
                            46.53306306394864
                        ],
                        [
                            -74.19835062667026,
                            46.53279751553129
                        ],
                        [
                            -74.19782498155016,
                            46.53297021571445
                        ],
                        [
                            -74.19702746905234,
                            46.53376059230173
                        ],
                        [
                            -74.19572261622422,
                            46.53348914045657
                        ],
                        [
                            -74.19516362663093,
                            46.53313920454833
                        ],
                        [
                            -74.19457982163642,
                            46.53190459824296
                        ],
                        [
                            -74.1932805397143,
                            46.53154003582324
                        ],
                        [
                            -74.1930535984417,
                            46.53086104495002
                        ],
                        [
                            -74.19427220523518,
                            46.528546159366805
                        ],
                        [
                            -74.1934018390362,
                            46.527245513762054
                        ],
                        [
                            -74.19297410981368,
                            46.52695635401833
                        ],
                        [
                            -74.19328537638248,
                            46.5260385163113
                        ],
                        [
                            -74.1951879637435,
                            46.52364499386336
                        ],
                        [
                            -74.19619874749274,
                            46.523363906757744
                        ],
                        [
                            -74.19600746553738,
                            46.521589691990485
                        ],
                        [
                            -74.19668560491571,
                            46.5213219476256
                        ],
                        [
                            -74.19714053795379,
                            46.52188433385963
                        ],
                        [
                            -74.19747433195263,
                            46.521566022423976
                        ],
                        [
                            -74.19840125367331,
                            46.52191243946282
                        ],
                        [
                            -74.19852505675908,
                            46.52183767070322
                        ],
                        [
                            -74.1984186298762,
                            46.52103436529279
                        ],
                        [
                            -74.19675431872511,
                            46.520400499674054
                        ],
                        [
                            -74.19572183990022,
                            46.51856951751007
                        ],
                        [
                            -74.19398561426839,
                            46.5178063086654
                        ],
                        [
                            -74.19124799246524,
                            46.5157045368001
                        ],
                        [
                            -74.18945830738568,
                            46.51523939716472
                        ],
                        [
                            -74.18679063716954,
                            46.51550686350236
                        ],
                        [
                            -74.18566840224506,
                            46.514612791899886
                        ],
                        [
                            -74.18770608240413,
                            46.51435289338742
                        ],
                        [
                            -74.18923346469397,
                            46.51447043584814
                        ],
                        [
                            -74.19022921330289,
                            46.51366580743774
                        ],
                        [
                            -74.19061853059159,
                            46.513623123153586
                        ],
                        [
                            -74.19402461114498,
                            46.514407924232735
                        ],
                        [
                            -74.19668929731378,
                            46.5145259584448
                        ],
                        [
                            -74.19670714351365,
                            46.51439167094403
                        ],
                        [
                            -74.19512207526905,
                            46.51309127218671
                        ],
                        [
                            -74.1962866735103,
                            46.51220177125785
                        ],
                        [
                            -74.19622986048705,
                            46.51200943199932
                        ],
                        [
                            -74.19475571351572,
                            46.5107302242451
                        ],
                        [
                            -74.19169517338311,
                            46.509368560373176
                        ],
                        [
                            -74.19162270429844,
                            46.50911041613887
                        ],
                        [
                            -74.19202495869624,
                            46.50879080391204
                        ],
                        [
                            -74.191866725478,
                            46.508381314736795
                        ],
                        [
                            -74.1909387825001,
                            46.50784790498544
                        ],
                        [
                            -74.18982778331234,
                            46.507593958774656
                        ],
                        [
                            -74.18870545359071,
                            46.50681772514267
                        ],
                        [
                            -74.18750099132664,
                            46.50658996112038
                        ],
                        [
                            -74.1859472413568,
                            46.50666846239779
                        ],
                        [
                            -74.18448772182002,
                            46.50600207620604
                        ],
                        [
                            -74.183976557416,
                            46.50551471481767
                        ],
                        [
                            -74.18213341197831,
                            46.505295192726805
                        ],
                        [
                            -74.18115266176211,
                            46.50486087434712
                        ],
                        [
                            -74.17951144258866,
                            46.504802561916726
                        ],
                        [
                            -74.17852573751303,
                            46.5043678870526
                        ],
                        [
                            -74.17747204263706,
                            46.50438076188921
                        ],
                        [
                            -74.17605604668807,
                            46.50382734019013
                        ],
                        [
                            -74.17529507643896,
                            46.50393492215318
                        ],
                        [
                            -74.17540431349627,
                            46.50319550077478
                        ],
                        [
                            -74.17512383589413,
                            46.50259772411616
                        ],
                        [
                            -74.17363428544249,
                            46.50117693833273
                        ],
                        [
                            -74.17339222651532,
                            46.501183549237375
                        ],
                        [
                            -74.17305856549332,
                            46.501633836947626
                        ],
                        [
                            -74.17202565573652,
                            46.500902676540626
                        ],
                        [
                            -74.1714148699681,
                            46.5009569544546
                        ],
                        [
                            -74.17058507794961,
                            46.50155142271116
                        ],
                        [
                            -74.1703259749969,
                            46.501148506916934
                        ],
                        [
                            -74.16975429001515,
                            46.501063559644756
                        ],
                        [
                            -74.1690858115806,
                            46.50058120785032
                        ],
                        [
                            -74.16962861431459,
                            46.500139091175946
                        ],
                        [
                            -74.17039437399096,
                            46.500406418375654
                        ],
                        [
                            -74.17060074013538,
                            46.50023346008426
                        ],
                        [
                            -74.16979781966874,
                            46.49981826823705
                        ],
                        [
                            -74.17006010256186,
                            46.499679110247854
                        ],
                        [
                            -74.16975107931299,
                            46.499455350808766
                        ],
                        [
                            -74.16811864169928,
                            46.499497539897
                        ],
                        [
                            -74.1675683983571,
                            46.499214092132355
                        ],
                        [
                            -74.16748121691141,
                            46.49885590351066
                        ],
                        [
                            -74.16691602017258,
                            46.498671527000205
                        ],
                        [
                            -74.16686192053085,
                            46.49824355655996
                        ],
                        [
                            -74.1679486157469,
                            46.49737761575352
                        ],
                        [
                            -74.16809102235774,
                            46.49654795717025
                        ],
                        [
                            -74.16899271637774,
                            46.496401421159774
                        ],
                        [
                            -74.1696838726848,
                            46.49672412286768
                        ],
                        [
                            -74.16965020297053,
                            46.49693731740315
                        ],
                        [
                            -74.17015794147164,
                            46.4972846570971
                        ],
                        [
                            -74.17013628639336,
                            46.49771154343768
                        ],
                        [
                            -74.17064999934462,
                            46.49852703247649
                        ],
                        [
                            -74.17221973364937,
                            46.499203406763215
                        ],
                        [
                            -74.17275062620384,
                            46.49970502224267
                        ],
                        [
                            -74.17418244809137,
                            46.499875292186616
                        ],
                        [
                            -74.1759911372931,
                            46.5004772462764
                        ],
                        [
                            -74.17832204938703,
                            46.500704991353174
                        ],
                        [
                            -74.17985810946686,
                            46.50139409619303
                        ],
                        [
                            -74.18616783035743,
                            46.502760920975525
                        ],
                        [
                            -74.18783217470657,
                            46.50274962690436
                        ],
                        [
                            -74.18622250948184,
                            46.50125153606475
                        ],
                        [
                            -74.1844866054959,
                            46.500057235950884
                        ],
                        [
                            -74.18281596060258,
                            46.49958054546264
                        ],
                        [
                            -74.18241124152426,
                            46.499671539782426
                        ],
                        [
                            -74.18173782124022,
                            46.49900552516894
                        ],
                        [
                            -74.18108140027438,
                            46.49897969075085
                        ],
                        [
                            -74.180923302429,
                            46.49869531081742
                        ],
                        [
                            -74.1813133443633,
                            46.49852629474402
                        ],
                        [
                            -74.18120498471413,
                            46.49820067794667
                        ],
                        [
                            -74.18202552475162,
                            46.49805084402145
                        ],
                        [
                            -74.18216496690093,
                            46.497743905863544
                        ],
                        [
                            -74.18201686118528,
                            46.49740692897833
                        ],
                        [
                            -74.18234871638907,
                            46.49728590963408
                        ],
                        [
                            -74.17942822263369,
                            46.49677166604243
                        ],
                        [
                            -74.17764854536074,
                            46.49671226209117
                        ],
                        [
                            -74.17739228793126,
                            46.49626969654279
                        ],
                        [
                            -74.17703532408984,
                            46.49611842667043
                        ],
                        [
                            -74.17701629750394,
                            46.49589411905301
                        ],
                        [
                            -74.17642579206887,
                            46.49608626130311
                        ],
                        [
                            -74.17602531969496,
                            46.49552857695532
                        ],
                        [
                            -74.17669156966112,
                            46.495018376277095
                        ],
                        [
                            -74.17673449646708,
                            46.49468293719464
                        ],
                        [
                            -74.17561697272737,
                            46.49271171240168
                        ],
                        [
                            -74.1741782359718,
                            46.492063970324196
                        ],
                        [
                            -74.17111993120798,
                            46.49170332714275
                        ],
                        [
                            -74.17122295069177,
                            46.491216940059275
                        ],
                        [
                            -74.17081957373124,
                            46.49083855391415
                        ],
                        [
                            -74.17085569897684,
                            46.49009447821656
                        ],
                        [
                            -74.1717087008578,
                            46.48976697905014
                        ],
                        [
                            -74.17351279650623,
                            46.488074980728136
                        ],
                        [
                            -74.17311735957914,
                            46.48695825198998
                        ],
                        [
                            -74.17246553746074,
                            46.48626440665817
                        ],
                        [
                            -74.17294216354512,
                            46.48575282076542
                        ],
                        [
                            -74.17253713804472,
                            46.48548210808796
                        ],
                        [
                            -74.17280279425025,
                            46.485134061362125
                        ],
                        [
                            -74.17467932712033,
                            46.4873589760338
                        ],
                        [
                            -74.17457138850538,
                            46.4878155629402
                        ],
                        [
                            -74.17480633558273,
                            46.48808465070007
                        ],
                        [
                            -74.17529262723983,
                            46.48812707328967
                        ],
                        [
                            -74.17591881959653,
                            46.487780445103766
                        ],
                        [
                            -74.17598840449106,
                            46.487447023731384
                        ],
                        [
                            -74.17696741267874,
                            46.48728124250515
                        ],
                        [
                            -74.17729884328365,
                            46.48761989119081
                        ],
                        [
                            -74.17781266128061,
                            46.487724423298665
                        ],
                        [
                            -74.17858138741386,
                            46.48869910611748
                        ],
                        [
                            -74.18067337807226,
                            46.48955382696407
                        ],
                        [
                            -74.18086603109,
                            46.489831122711195
                        ],
                        [
                            -74.18190477488412,
                            46.49007606172496
                        ],
                        [
                            -74.18270983181874,
                            46.49062945561642
                        ],
                        [
                            -74.18382611644755,
                            46.490469143646784
                        ],
                        [
                            -74.18446005360825,
                            46.49108942149686
                        ],
                        [
                            -74.18645626369624,
                            46.4916899241095
                        ],
                        [
                            -74.1893630688029,
                            46.49352582265259
                        ],
                        [
                            -74.18974813295274,
                            46.493905016076994
                        ],
                        [
                            -74.19006368014769,
                            46.49502173216837
                        ],
                        [
                            -74.19455417552676,
                            46.498032822788076
                        ],
                        [
                            -74.19483616103774,
                            46.4986490880842
                        ],
                        [
                            -74.19518999035425,
                            46.498650388926066
                        ],
                        [
                            -74.1956961938514,
                            46.497896123937544
                        ],
                        [
                            -74.19635006939586,
                            46.49795722392843
                        ],
                        [
                            -74.19711865702911,
                            46.499337579837196
                        ],
                        [
                            -74.19891213482906,
                            46.50021400685689
                        ],
                        [
                            -74.20115273846768,
                            46.5018388817188
                        ],
                        [
                            -74.20238322079994,
                            46.501922684349374
                        ],
                        [
                            -74.20298343115853,
                            46.503242997954885
                        ],
                        [
                            -74.20346082346589,
                            46.50338778420679
                        ],
                        [
                            -74.20399989705317,
                            46.50397408514954
                        ],
                        [
                            -74.2041946026687,
                            46.503959873888654
                        ],
                        [
                            -74.20410816363005,
                            46.50342794656884
                        ],
                        [
                            -74.20506257068762,
                            46.50384449290001
                        ],
                        [
                            -74.20587169909278,
                            46.50484177095703
                        ],
                        [
                            -74.2058652744612,
                            46.505087491180596
                        ],
                        [
                            -74.20542179908374,
                            46.50529246136262
                        ],
                        [
                            -74.20534863356531,
                            46.50565707980973
                        ],
                        [
                            -74.20649473577839,
                            46.506743600420585
                        ],
                        [
                            -74.20750524949206,
                            46.50677739804258
                        ],
                        [
                            -74.20849846500347,
                            46.507824282414234
                        ],
                        [
                            -74.20954012260275,
                            46.50958292984924
                        ],
                        [
                            -74.20952146099187,
                            46.510155568052745
                        ],
                        [
                            -74.20822163094786,
                            46.51222041596454
                        ],
                        [
                            -74.20756662296927,
                            46.51374568674511
                        ],
                        [
                            -74.20794198953647,
                            46.51489107298028
                        ],
                        [
                            -74.20742739655083,
                            46.51553709208472
                        ],
                        [
                            -74.20891517112221,
                            46.51608815771784
                        ],
                        [
                            -74.20994258426082,
                            46.51871413805667
                        ],
                        [
                            -74.21086879409935,
                            46.51933369264532
                        ],
                        [
                            -74.21149484985497,
                            46.520461901199305
                        ],
                        [
                            -74.21209617905677,
                            46.52100641573533
                        ],
                        [
                            -74.21263630395018,
                            46.52266467209945
                        ],
                        [
                            -74.21180642890025,
                            46.52360164905886
                        ],
                        [
                            -74.21240480409031,
                            46.52363866227403
                        ],
                        [
                            -74.21486804962449,
                            46.52483208245965
                        ],
                        [
                            -74.21715888235083,
                            46.52741810279395
                        ],
                        [
                            -74.21982216878169,
                            46.52881820774171
                        ],
                        [
                            -74.22042566700205,
                            46.529381003330904
                        ],
                        [
                            -74.22295816931785,
                            46.53502044113422
                        ],
                        [
                            -74.22429626911024,
                            46.536396930205086
                        ],
                        [
                            -74.22424060467652,
                            46.537017368727696
                        ],
                        [
                            -74.22359967704152,
                            46.537598575763205
                        ],
                        [
                            -74.22283572947791,
                            46.53735656195972
                        ],
                        [
                            -74.22231955386118,
                            46.537544322504935
                        ],
                        [
                            -74.22230132618839,
                            46.53805249258476
                        ],
                        [
                            -74.22252239853042,
                            46.5382863317271
                        ],
                        [
                            -74.22425290618308,
                            46.53897949205601
                        ],
                        [
                            -74.2229863057737,
                            46.53941179899055
                        ],
                        [
                            -74.22240461416956,
                            46.54002265864051
                        ],
                        [
                            -74.22204184143514,
                            46.5397137079954
                        ],
                        [
                            -74.22219366848218,
                            46.53890969078384
                        ],
                        [
                            -74.22202822444218,
                            46.538841137053424
                        ],
                        [
                            -74.2186954083582,
                            46.539670885157456
                        ],
                        [
                            -74.21755968942998,
                            46.539642891855394
                        ],
                        [
                            -74.21691355400712,
                            46.539051367299294
                        ],
                        [
                            -74.21692664021352,
                            46.53854106587136
                        ],
                        [
                            -74.216596756182,
                            46.53828156676608
                        ],
                        [
                            -74.21649291249476,
                            46.53771615404418
                        ],
                        [
                            -74.21378113587183,
                            46.53531287579258
                        ],
                        [
                            -74.21373104504532,
                            46.5348765279867
                        ],
                        [
                            -74.21148433823045,
                            46.53443196128683
                        ],
                        [
                            -74.2113130147327,
                            46.53327330306612
                        ],
                        [
                            -74.21066562654006,
                            46.532451712600654
                        ],
                        [
                            -74.20939068342784,
                            46.531512399257096
                        ],
                        [
                            -74.20823581220449,
                            46.53095243979391
                        ],
                        [
                            -74.20559339899106,
                            46.531393019064666
                        ],
                        [
                            -74.20527758459929,
                            46.53240691473399
                        ],
                        [
                            -74.20517578774746,
                            46.53360160996069
                        ],
                        [
                            -74.2054086263105,
                            46.53454977202112
                        ],
                        [
                            -74.2048648500046,
                            46.53596218588009
                        ],
                        [
                            -74.20505309997134,
                            46.53629409168623
                        ],
                        [
                            -74.20486884752383,
                            46.537550599015304
                        ],
                        [
                            -74.20874193657926,
                            46.5368927218145
                        ],
                        [
                            -74.20994832243063,
                            46.53734849269904
                        ],
                        [
                            -74.210531379742,
                            46.53863959309371
                        ],
                        [
                            -74.2105732082652,
                            46.538935768274676
                        ],
                        [
                            -74.20978233032693,
                            46.540212023855084
                        ],
                        [
                            -74.20802749749143,
                            46.54240079306894
                        ],
                        [
                            -74.20778886881659,
                            46.54343577354656
                        ],
                        [
                            -74.20812875321823,
                            46.54354311029527
                        ],
                        [
                            -74.20945221056098,
                            46.542889046886316
                        ],
                        [
                            -74.21079676324518,
                            46.543540906211376
                        ],
                        [
                            -74.21504651907725,
                            46.54446272397773
                        ],
                        [
                            -74.21624213051001,
                            46.54556627719991
                        ],
                        [
                            -74.21591702735502,
                            46.546553133334065
                        ],
                        [
                            -74.21614994779078,
                            46.54717691162418
                        ],
                        [
                            -74.2160417887331,
                            46.54763635359174
                        ],
                        [
                            -74.21570103670363,
                            46.548211190693344
                        ],
                        [
                            -74.21487012632834,
                            46.54874912230973
                        ],
                        [
                            -74.21304054011436,
                            46.548979726996286
                        ],
                        [
                            -74.21100244273549,
                            46.54975616202894
                        ],
                        [
                            -74.20797130315202,
                            46.5499243811233
                        ],
                        [
                            -74.20520405537384,
                            46.55056850429656
                        ],
                        [
                            -74.19803583761521,
                            46.550445211667686
                        ]
                    ]
                ]
            }
        }
    ]
}